band,parcel_idx,parcel_name,tau_mean,tau_median,tau_std,tau_count,rho_mean,rho_median,rho_std,tau_exp_r2_mean,rho_r2_mean,ts_var_mean
alpha,0,lh.17Networks_2-1,0.22248104342073627,0.22450894587018996,0.010880141684261005,267,0.42150750258093367,0.42570475321320894,0.031149474446924792,0.3274364767503438,0.9996664113132051,1.0
alpha,1,lh.17Networks_16-1,0.21891624713327434,0.22011325172635676,0.009886908550569512,267,0.4331378729628591,0.4365994871385583,0.027753500641318193,0.5811061114010707,0.9995394353343249,1.0
alpha,2,lh.17Networks_16-3,0.20685835915021325,0.2058514274615781,0.014288072976894862,267,0.43963417706303304,0.44507690481779283,0.021343014695492057,0.7567719222717331,0.999071059953743,1.0
alpha,3,lh.17Networks_16-5,0.2161381385896901,0.21654056244695793,0.01013111450308314,267,0.4262556593111718,0.42958572028663883,0.030996547115496344,0.6717437411489084,0.9995418494232227,1.0
alpha,4,lh.17Networks_16-7,0.2080647425621388,0.2084312629044922,0.014548994503433851,267,0.43705184707443245,0.4438235684638833,0.023911838120296288,0.7276959733519373,0.9990911541315,1.0
alpha,5,lh.FreeSurfer_Defined_Medial_Wall-1,0.21207033231310138,0.21232485712318544,0.010424946724992735,267,0.4388336957938506,0.44399789542804485,0.024716026167259875,0.7762146940526212,0.9993413393507279,1.0
alpha,6,lh.FreeSurfer_Defined_Medial_Wall-3,0.20677349006607493,0.20658584866464208,0.011679514533680546,267,0.4409379135944532,0.4446142220365653,0.01890603141634875,0.8297340480436368,0.9991476721196675,1.0
alpha,7,lh.17Networks_6-2,0.22316362357126437,0.22412729606561985,0.010831850923438746,267,0.42887750102669814,0.43113474267592833,0.028553977287452348,0.07029353327905549,0.9995861529773402,1.0
alpha,8,lh.17Networks_6-3,0.21466580419834042,0.2150721864008502,0.012318689082621195,267,0.4330947725943562,0.43614145715519753,0.024166291351609387,0.6065889613418802,0.9993158377639678,1.0
alpha,9,lh.17Networks_6-7,0.2144542400842438,0.21557751668705352,0.00979014348844828,267,0.43133394983805573,0.4372326534392932,0.029083907183663438,0.7524892959339052,0.9994844822563657,1.0
alpha,10,lh.17Networks_6-6,0.21187145958322148,0.21179365420980054,0.01326108222569582,267,0.43653794280882685,0.44044933096599725,0.025013125548420233,0.6428556811794625,0.9992284716200427,1.0
alpha,11,lh.17Networks_12-11,0.207483347454778,0.20793859532033282,0.01319614562654514,267,0.44259594459446844,0.448160429405536,0.020885062778390737,0.7928326565340329,0.9990704379759486,1.0
alpha,12,lh.17Networks_12-12,0.20886491770868135,0.2086950603020652,0.011494949916201175,267,0.44346314187660213,0.4468169484550669,0.021522196866855563,0.8106186932683853,0.9991805847071251,1.0
alpha,13,lh.17Networks_12-7,0.21001785610519821,0.21071303331690455,0.013144026491248786,267,0.43630525679031434,0.44155492586632905,0.023432759454922278,0.730024071524085,0.999161580211436,1.0
alpha,14,lh.17Networks_12-3,0.21947849811705206,0.21981474714288451,0.010285469835582347,267,0.4275395359869984,0.4283555689353977,0.029219252228926247,0.4484493756383103,0.9995559960044855,1.0
alpha,15,lh.17Networks_12-1,0.21166128913208482,0.2121502990526079,0.014022707791140144,267,0.4367357093413139,0.4420549256023336,0.022822708449330383,0.6223426034672501,0.9992177076632197,1.0
alpha,16,lh.17Networks_12-5,0.21477863075103906,0.21527702513292016,0.01001368133821908,267,0.4334563455455946,0.4386976280160768,0.02831688214798402,0.7400222220657262,0.9994705678192204,1.0
alpha,17,lh.17Networks_10-1,0.20679986642329917,0.20633166784769094,0.013348621343567192,267,0.44024974868000216,0.44409063793508796,0.02096789778125212,0.7989981976259253,0.9990923641818213,1.0
alpha,18,lh.17Networks_5-2,0.223077410099243,0.22469971134579053,0.01014495603824786,267,0.42581728275936026,0.4280682563505286,0.02980818708337904,0.23505138558744865,0.9996503406772037,1.0
alpha,19,lh.17Networks_13-4,0.21777691266636529,0.21820117066528466,0.010515757734670141,267,0.4277504520802869,0.4314089779886169,0.029407763287557082,0.5341567102251241,0.9995389079646991,1.0
alpha,20,lh.17Networks_13-5,0.2057218516483982,0.2056344342532662,0.013989398208152268,267,0.4387556388505531,0.44343353672109986,0.021644441253201075,0.80832209523585,0.999045563871847,1.0
alpha,21,lh.17Networks_13-8,0.21403966539724592,0.2148963810504694,0.010304152453644414,267,0.4339773920537716,0.4395307784657114,0.02799009143829548,0.7511104376057083,0.9994407944000604,1.0
alpha,22,lh.17Networks_13-10,0.20672895745731865,0.20694734532411327,0.013836427000646991,267,0.44163011972232685,0.4478488805213427,0.02260490158980155,0.787790483522725,0.9990515222119554,1.0
alpha,23,lh.17Networks_13-12,0.20853346983419457,0.20919210415543332,0.013544686369274651,267,0.438537807862061,0.44462201130314005,0.02236760379062853,0.756903086661552,0.9991042005899122,1.0
alpha,24,lh.17Networks_13-7,0.2094414860480888,0.20937074762326616,0.014387977587445866,267,0.4372796087444979,0.4440638726996896,0.02431498034429207,0.6877997747862764,0.9991407828786979,1.0
alpha,25,lh.17Networks_13-11,0.21013133128021055,0.2103844055608058,0.013438162165918845,267,0.4354901347818649,0.44179251326021135,0.02405094672926238,0.7076118714267275,0.9991684065789254,1.0
alpha,26,lh.17Networks_17-2,0.210955096940582,0.21171750125935404,0.014596179572968425,267,0.4390178716562878,0.44513025766860526,0.022658400629132488,0.6382917347312725,0.9991766545271333,1.0
alpha,27,lh.17Networks_17-5,0.2158024733752274,0.21657036241698696,0.010248798188766629,267,0.4293775690587608,0.4346576149438984,0.030206218032069097,0.678468459376797,0.999506401600866,1.0
alpha,28,lh.17Networks_17-1,0.21647323981653752,0.21727468444733558,0.010801893622551573,267,0.43695889036077384,0.4436422848057072,0.026276392461598432,0.6280789621445085,0.9994721672171492,1.0
alpha,29,lh.17Networks_17-3,0.20879545900227695,0.20895378498164205,0.013817206349523057,267,0.4376625584510881,0.4427165667671534,0.02149232941294123,0.7320298052801344,0.9991659081795118,1.0
alpha,30,lh.17Networks_17-11,0.20324284097921227,0.20260913551590082,0.013698858208443819,267,0.44171605679555676,0.4453943633303156,0.020008463926196027,0.8424323372241753,0.9989773668042157,1.0
alpha,31,lh.17Networks_17-8,0.2114542772791618,0.2112658550771563,0.013192582085007811,267,0.43636695146192983,0.4433050120524702,0.024972236793468706,0.6757259076656998,0.9992081094297122,1.0
alpha,32,lh.17Networks_15-4,0.21466839828288203,0.2156411233825369,0.00976209794207138,267,0.4312498295076917,0.43484377280955827,0.027363059111394892,0.7651170522604458,0.9994817092596612,1.0
alpha,33,lh.17Networks_15-1,0.2116193860984184,0.21215737691286113,0.010172656401526968,267,0.43800247074089427,0.44327441050269806,0.025089956292492346,0.7996630331676859,0.9993461595270462,1.0
alpha,34,lh.17Networks_15-5,0.21598354247579696,0.21756617091985464,0.010439482856055154,267,0.4242477994187924,0.426928138777528,0.03232273290389657,0.6989781080133626,0.9995441868922842,1.0
alpha,35,lh.17Networks_1-2,0.22156257331574622,0.22382494354768914,0.010624274689022738,267,0.4206400461362294,0.42417328059254367,0.03138962529663082,0.4401893164913095,0.9996674996309072,1.0
alpha,36,lh.17Networks_4-1,0.21800701045907597,0.2181698311683119,0.01092507862661715,267,0.4357590378490948,0.443016604664108,0.02724147066041623,0.4942623286872644,0.9994451967937246,1.0
alpha,37,lh.17Networks_9-2,0.21325325710117118,0.21396881560919054,0.01151119992381782,267,0.4397209033390247,0.44688662071899976,0.023139949863025346,0.700873464645712,0.9993438359896308,1.0
alpha,38,lh.17Networks_11-4,0.21206849995751026,0.21201036589709904,0.010604875066074082,267,0.4400032622589464,0.4452379845555523,0.024082648520802986,0.7752640039041964,0.9993245648656262,1.0
alpha,39,lh.17Networks_11-1,0.22091538910652614,0.22175506266500647,0.010207880878712017,267,0.4293771611641517,0.432688836481035,0.028718803084691023,0.42623737452113714,0.9995929050858414,1.0
alpha,40,lh.17Networks_3-2,0.2224791701981416,0.22354857546396048,0.011482785091403087,267,0.42907491293671607,0.43307475030937514,0.028508159832224867,0.08762212645788914,0.9995457714532651,1.0
alpha,41,lh.17Networks_8-6,0.20931061728709532,0.20895738877130274,0.013149604710861464,267,0.4423568375064996,0.44744677751417805,0.021573627330835253,0.7487779086809594,0.9991443317915083,1.0
alpha,42,lh.17Networks_8-10,0.20969742738731703,0.210295280474565,0.012983436512827802,267,0.4390005261552925,0.4439332822398656,0.021832568484323977,0.7503511755650031,0.9991335865065155,1.0
alpha,43,lh.17Networks_8-8,0.21595067402964563,0.21684088154473496,0.010617575751013903,267,0.43015973801865404,0.4340073015925192,0.030045213217563583,0.6560650793345296,0.9994561575616983,1.0
alpha,44,lh.17Networks_8-4,0.20790189752709218,0.20776477942186047,0.013365515974516124,267,0.4381713787546544,0.44334528540191603,0.020648896415383425,0.7719809453437417,0.9991547970652642,1.0
alpha,45,lh.17Networks_8-5,0.20717973892697117,0.206533105778696,0.014912867658697032,267,0.43589780486864943,0.4410220055593109,0.02211930944273047,0.7426565287128667,0.9990628315232879,1.0
alpha,46,lh.17Networks_8-9,0.2045329873109616,0.20458192370121275,0.013054738269827193,267,0.44010157970275715,0.4450854087560331,0.020293579592515803,0.8424412780665784,0.9990169812155263,1.0
alpha,47,lh.17Networks_7-4,0.21797415477333368,0.21849947622789184,0.011391944314865239,267,0.43821616464030416,0.4427859607236325,0.024389872942329926,0.489570701068651,0.9994226915372608,1.0
alpha,48,lh.17Networks_7-8,0.2139116121456358,0.2141356018289053,0.01213377990189631,267,0.4334287812710313,0.43729080316329705,0.024851028889488643,0.6313157877685349,0.9993007699220499,1.0
alpha,49,lh.17Networks_7-6,0.2166674679623781,0.2170641855449081,0.010288183962842928,267,0.43246720163741853,0.4396113951553196,0.029032443833544565,0.6383129973793183,0.9994460171370306,1.0
alpha,50,lh.17Networks_7-1,0.21053669281054005,0.2108678122704944,0.012493225768847094,267,0.4385111161747535,0.4440288731761082,0.023012930097568506,0.7352620490722218,0.9992506099701911,1.0
alpha,51,lh.17Networks_14-3,0.2090333105537311,0.2094713768062025,0.012700573434599863,267,0.4423119496371916,0.4464144419700255,0.020505131571972677,0.7809493703188788,0.9991123570836129,1.0
alpha,52,lh.17Networks_14-2,0.21793059547710328,0.2187444603758806,0.010191827340486657,267,0.43273919643406605,0.4417329306204639,0.028825704984308226,0.5916999422140465,0.9995248030750431,1.0
alpha,53,rh.17Networks_2-2,0.22314396278893084,0.22550247774907567,0.010921377187232089,267,0.42079537805336575,0.42300578066585165,0.03251749158413019,0.2638773626153407,0.999682456377502,1.0
alpha,54,rh.17Networks_16-4,0.21833632341332745,0.2197443892364056,0.010017837960478546,267,0.43179240514279565,0.4366076475654127,0.028361838457738552,0.6115693430389796,0.9995375466906118,1.0
alpha,55,rh.17Networks_16-2,0.20667330341028742,0.2056412327333696,0.014076859463046326,267,0.43972007510384853,0.4442229761400485,0.02057782360254978,0.7653374925652028,0.999065980458749,1.0
alpha,56,rh.17Networks_16-6,0.2154802055642358,0.21558977606279772,0.009620676077841088,267,0.4255272937450801,0.429921265876109,0.03172900626194595,0.7333299967786953,0.999531750678293,1.0
alpha,57,rh.17Networks_16-10,0.20327260481132658,0.20116061848741612,0.012703240517322556,267,0.438253008743768,0.44329819983545854,0.021295081453578557,0.8631496235466549,0.9989929909598018,1.0
alpha,58,rh.17Networks_16-9,0.20979499365580348,0.21036775298458452,0.011170681739180167,267,0.4368151396954263,0.44099816748047066,0.026210969671982706,0.8023361185658756,0.9993220900363133,1.0
alpha,59,rh.17Networks_16-8,0.20705574724710138,0.2081893013122348,0.01375774720617578,267,0.43586738813990855,0.4418178062683896,0.02291379080123474,0.7947319596874065,0.9990740361241295,1.0
alpha,60,rh.FreeSurfer_Defined_Medial_Wall-2,0.21041507228885467,0.2104752904346243,0.010639016166476273,267,0.43793106137309873,0.4435474529410529,0.024087865054705,0.8045360551478854,0.9993110327892315,1.0
alpha,61,rh.FreeSurfer_Defined_Medial_Wall-4,0.20492984361443564,0.2053748479574021,0.011774096136378519,267,0.43927613148578676,0.4441147539089175,0.021396407619909054,0.8584204370390112,0.9990955028028333,1.0
alpha,62,rh.17Networks_6-1,0.22319517331568897,0.2239904293391412,0.010132613483712265,267,0.4264629195102883,0.4292013021015858,0.029272729485802118,0.16363820408135138,0.9996021271522798,1.0
alpha,63,rh.17Networks_6-4,0.21444082519957677,0.21613149828762218,0.0118875521592401,267,0.430721869369112,0.43420425177364796,0.025601181450185723,0.6585235987851007,0.9993153523726763,1.0
alpha,64,rh.17Networks_6-8,0.21340860001240564,0.21354565063025013,0.009893875746499657,267,0.43107220359496146,0.43959742424894904,0.0312791640065245,0.7818593116257884,0.9994667165386136,1.0
alpha,65,rh.17Networks_6-5,0.21047768765422975,0.21172162703953779,0.013098094639114018,267,0.4360983183160364,0.4406607833458005,0.022418647391718977,0.7402232879050672,0.9992065607393406,1.0
alpha,66,rh.17Networks_12-4,0.21856247555977648,0.21903162500647774,0.009802516269118015,267,0.4253814551249189,0.4299500895505927,0.03101013743639439,0.5797442330158943,0.9995590278170617,1.0
alpha,67,rh.17Networks_12-9,0.20882557663207563,0.20841515105962777,0.01141351072077617,267,0.4428566477822309,0.44689693736390834,0.021452363100926856,0.8121329862653857,0.9991861386268506,1.0
alpha,68,rh.17Networks_12-8,0.21118095412622107,0.21146795839402519,0.0116915143377556,267,0.43384781074084566,0.43962416842357854,0.024039902271500792,0.7540602217796107,0.9992132158727128,1.0
alpha,69,rh.17Networks_12-2,0.21007406589456615,0.21094198745751444,0.013328647890801808,267,0.43454348901159795,0.43989609992965706,0.022226144368828887,0.733130480201977,0.9991899222170808,1.0
alpha,70,rh.17Networks_12-6,0.21353343020297447,0.21382387693762867,0.009909744947383562,267,0.4308637054379605,0.4384848904280122,0.031167222675534567,0.7740974551829506,0.9994666826161949,1.0
alpha,71,rh.17Networks_12-10,0.20304759166095773,0.20158911548793682,0.013007002896968909,267,0.43879039705356276,0.4432342025033087,0.02110412843776774,0.8610965111341491,0.9989713363575674,1.0
alpha,72,rh.17Networks_10-2,0.20642457090185373,0.20492511360891058,0.013228422947922364,267,0.43922670697807276,0.4440825421355317,0.021756014432183064,0.80529662520517,0.9990800904508649,1.0
alpha,73,rh.17Networks_5-3,0.21175190466850807,0.21215860329662062,0.011344539430286816,267,0.43159908170311484,0.4362857677436388,0.025359938036249783,0.7691258621386236,0.999252304710711,1.0
alpha,74,rh.17Networks_5-1,0.2232421710487293,0.2241614702306801,0.01000365538053198,267,0.42553967680174026,0.4303836410521959,0.031000384503276857,0.24669851095125694,0.9996483857769501,1.0
alpha,75,rh.17Networks_13-6,0.21317450519669057,0.21344845815087302,0.010081299097808768,267,0.43205298357888733,0.4398565875492782,0.02982984333845328,0.7629324967582598,0.9994479050368995,1.0
alpha,76,rh.17Networks_13-9,0.2066500504956571,0.20692450929949013,0.013882075145042777,267,0.44144913388570345,0.4469806558092557,0.02108771960963797,0.7925704320293375,0.9990510029858707,1.0
alpha,77,rh.17Networks_13-1,0.21077392678432696,0.21074481155242156,0.013012488955111406,267,0.433776716388107,0.4397135050120228,0.023546776348943144,0.7200197657839053,0.9991940816910846,1.0
alpha,78,rh.17Networks_13-3,0.21661087860870637,0.21768896608113963,0.010103292188415144,267,0.42475553538580946,0.4258159314485894,0.030884887829390823,0.6644127484695838,0.9995456214237022,1.0
alpha,79,rh.17Networks_13-2,0.20489815468672054,0.20391379582560454,0.01405265272349993,267,0.43732299784657636,0.4420404711287903,0.021322255189732353,0.8131486065072867,0.999015296584263,1.0
alpha,80,rh.17Networks_17-6,0.20877032932601966,0.20967453468006125,0.01457718367791334,267,0.43895504069461294,0.44478530855936355,0.02167485599040311,0.7203022095949487,0.9991153090622382,1.0
alpha,81,rh.17Networks_17-10,0.2129050660478971,0.21339814860722078,0.00949657300291502,267,0.42777765190519523,0.4331396486385641,0.03135230810330972,0.796696383299278,0.9994620059917275,1.0
alpha,82,rh.17Networks_17-4,0.21464886790515586,0.21564717268355676,0.010805250843541532,267,0.4347515202576141,0.43993159486128575,0.027130018709144842,0.6884378492576141,0.9994492238304996,1.0
alpha,83,rh.17Networks_17-9,0.20571612129358513,0.20573775906931363,0.013277693926049381,267,0.43569452678473786,0.4401394868761447,0.022485819108879656,0.8294087557709693,0.9990838173257196,1.0
alpha,84,rh.17Networks_17-7,0.20448281745519123,0.20328051840440522,0.012787206845782686,267,0.4380947011862053,0.44288505797831396,0.02043587536484482,0.8492889162370652,0.9990422948216339,1.0
alpha,85,rh.17Networks_15-3,0.21487954535298828,0.21539422030804162,0.009663237031377935,267,0.4293179477264144,0.43304311469615264,0.029002979833329952,0.7570101991259957,0.9994848753830571,1.0
alpha,86,rh.17Networks_15-2,0.2102544117637427,0.21093813841084802,0.010112842991201893,267,0.43657304034647143,0.44241470840552494,0.025458293047033186,0.8225650262871079,0.999330044289009,1.0
alpha,87,rh.17Networks_15-6,0.215475897174177,0.21559435510955852,0.009648078295438246,267,0.42511635329520575,0.42753122018294853,0.031679687714271106,0.7386764180684445,0.999528068302821,1.0
alpha,88,rh.17Networks_1-1,0.22173570437704462,0.22458958693650352,0.010560757893913048,267,0.4186451108184753,0.42519284847504346,0.03324480553095022,0.43281969055825054,0.9996779997729769,1.0
alpha,89,rh.17Networks_4-2,0.21685756107495396,0.21715314640198594,0.011415339387581642,267,0.43315914167775077,0.43640776587094027,0.025678566147272066,0.5563974719683249,0.9994305921548797,1.0
alpha,90,rh.17Networks_9-1,0.21105352400386224,0.21113311801527795,0.011396896472798597,267,0.4385641993193011,0.4436570670289398,0.023066219619880233,0.7729140807144277,0.9993012252779707,1.0
alpha,91,rh.17Networks_11-3,0.2122570997150256,0.21315223969950084,0.010429699664728613,267,0.439984680004038,0.44494353337026826,0.02369093963122118,0.776869048886055,0.9993292730594966,1.0
alpha,92,rh.17Networks_11-5,0.21073014446408334,0.21181250041304767,0.011060900483506155,267,0.4406454876355376,0.44529579115851303,0.02375712357973005,0.8008982029802563,0.9992585850084627,1.0
alpha,93,rh.17Networks_11-2,0.22059623098641168,0.2219007341381514,0.010377037889499013,267,0.4280180865495325,0.432152670173138,0.030579333606096517,0.4589948650952606,0.9995992128449676,1.0
alpha,94,rh.17Networks_3-1,0.22213152243967424,0.2232075164936373,0.01110973976869696,267,0.42651734708267935,0.43025736613034715,0.028987021015569964,0.18380745841323284,0.9995422053666732,1.0
alpha,95,rh.17Networks_3-3,0.21203098238471987,0.2127919181855871,0.01064165042499909,267,0.4338135552157753,0.43856578337509944,0.026331985317819533,0.7811789289266956,0.9993238358307619,1.0
alpha,96,rh.17Networks_8-2,0.2071331154460652,0.20756255504802024,0.014083303222917775,267,0.43430919523876443,0.43897291267953775,0.022162377523311013,0.7799061218170624,0.9990827806677954,1.0
alpha,97,rh.17Networks_8-3,0.21027273311614245,0.21065736827713255,0.013214318171575664,267,0.4413261179425457,0.44611963439002905,0.021172011104747125,0.7146617257765674,0.9991666931915718,1.0
alpha,98,rh.17Networks_8-11,0.2116264416385692,0.212595132755479,0.010685981757973053,267,0.4390668543120246,0.44439942047236747,0.024817653017769305,0.7917530033725176,0.9992981900513266,1.0
alpha,99,rh.17Networks_8-7,0.21621315477310596,0.21654000351308486,0.009861858592768193,267,0.4272521227581007,0.4320235143427131,0.030856138401597514,0.691820172865883,0.9995139877801704,1.0
alpha,100,rh.17Networks_8-1,0.20720873954742386,0.2076545439942077,0.013176414858254956,267,0.43638760790230985,0.4411378043974915,0.02208804875208636,0.8021090215991223,0.9991348015531645,1.0
alpha,101,rh.17Networks_7-3,0.21632294167848376,0.2163924839026334,0.011636656189863048,267,0.43875284319857893,0.4426694276669162,0.023048763174599352,0.5614630704158301,0.9993777829687149,1.0
alpha,102,rh.17Networks_7-7,0.21351399661906018,0.21367068644165982,0.011705072584888067,267,0.4329592055751409,0.43600638306308676,0.024342239712391828,0.7008955255482222,0.9992924579633585,1.0
alpha,103,rh.17Networks_7-5,0.2169793337785957,0.2176223370157334,0.01022872319174335,267,0.4298975603270364,0.434116376982987,0.030475223122940792,0.6376475360553553,0.9994740947847848,1.0
alpha,104,rh.17Networks_7-2,0.20919017592767916,0.2098464364701577,0.012713469710279063,267,0.4375103286652192,0.4416228378832253,0.02104122739061928,0.7814360336721943,0.9992219977990635,1.0
alpha,105,rh.17Networks_14-1,0.2166449078111261,0.21718208710935571,0.009917708988826424,267,0.43213309971267827,0.43661551923935227,0.02927888181622223,0.66146756093081,0.9995102860162528,1.0
alpha,106,rh.17Networks_14-4,0.20405724768841282,0.2047782911394096,0.013104796670861374,267,0.43668429452116087,0.44141966441015157,0.021917419524446004,0.8521679670849837,0.9990498448137943,1.0
betahigh,0,lh.17Networks_2-1,0.20447141203076394,0.2056097830466889,0.012908399272880565,267,0.6470337055674615,0.649289836574815,0.03602965854861406,0.8767844688094845,0.9996608204913278,1.0
betahigh,1,lh.17Networks_16-1,0.2048362066210031,0.20447092518677462,0.013244442205210162,267,0.6495405408263565,0.6469371828642408,0.016049093669587303,0.8282158229537249,0.9996581265093014,1.0
betahigh,2,lh.17Networks_16-3,0.1872533893788419,0.18488520552729132,0.011180973464252291,267,0.6401788463695642,0.6390398478082256,0.013509539543578555,0.9289640085203154,0.9994187133692978,1.0
betahigh,3,lh.17Networks_16-5,0.20152047677638193,0.20180358583801924,0.011747946064602227,267,0.6522960065575422,0.6502901985949048,0.01945520476706282,0.8896523605684946,0.9996743090630136,1.0
betahigh,4,lh.17Networks_16-7,0.1939780469951231,0.19350827060166784,0.012644687789866167,267,0.6468278643189115,0.6461057011859277,0.015364577643437663,0.9131882673985607,0.9995703283924328,1.0
betahigh,5,lh.FreeSurfer_Defined_Medial_Wall-1,0.1919971605822242,0.191110326756649,0.01042049157921153,267,0.6452232372311573,0.6453225729876424,0.01643642567684496,0.9284867072736851,0.9994940832282199,1.0
betahigh,6,lh.FreeSurfer_Defined_Medial_Wall-3,0.188038915113458,0.18680297705926438,0.009661257556398956,267,0.6428305907712245,0.6436228777409984,0.017234458851380904,0.9314005048424938,0.9994490421134673,1.0
betahigh,7,lh.17Networks_6-2,0.21525131751688187,0.21481053726324112,0.013443287188630351,267,0.640105376832976,0.647676811174465,0.04555859080614131,0.23440682933652127,0.9997662054906404,1.0
betahigh,8,lh.17Networks_6-3,0.20794598587699475,0.20800331445273182,0.013718506531802217,267,0.6515131758920825,0.6528800598931961,0.026638002049562803,0.7180573851179014,0.9997219373171097,1.0
betahigh,9,lh.17Networks_6-7,0.19492660007121332,0.19535821984101528,0.010657324438910895,267,0.6503859384152315,0.6482825926921442,0.015783399824740026,0.921506023181935,0.9995674777986197,1.0
betahigh,10,lh.17Networks_6-6,0.2002226449373177,0.19877416145441407,0.013252801015518954,267,0.649481777845028,0.6480027788432935,0.017822930214562462,0.8608815035992289,0.999643029421581,1.0
betahigh,11,lh.17Networks_12-11,0.1961979541465589,0.1956581035665186,0.012908031560568222,267,0.6467898047899698,0.6455439884253674,0.01702311505596719,0.9051769102994538,0.9995985784706656,1.0
betahigh,12,lh.17Networks_12-12,0.19783434514268194,0.19713288299487894,0.012828201177925939,267,0.6480782558049634,0.6465113654644977,0.014060719502884234,0.8986205470525812,0.9996124410379359,1.0
betahigh,13,lh.17Networks_12-7,0.2006490990356535,0.2000212336158824,0.01330962206612124,267,0.6496666409553907,0.6492533576231713,0.01992031512701949,0.8726736945759441,0.9996592427735322,1.0
betahigh,14,lh.17Networks_12-3,0.20886337971054553,0.20877185402159867,0.012475548445547206,267,0.6496269620676536,0.6519053952677198,0.03652424065522124,0.7178761397181015,0.999725402234655,1.0
betahigh,15,lh.17Networks_12-1,0.19914070165850115,0.1985337966439951,0.013121495200167314,267,0.6475247289092666,0.6462903532245601,0.013579001696564378,0.8830532231125519,0.9996280436829099,1.0
betahigh,16,lh.17Networks_12-5,0.193628871111206,0.19348130837239566,0.010345461606679191,267,0.6479824120894897,0.6456709822461862,0.017399657535367614,0.924306353571523,0.9995281932115598,1.0
betahigh,17,lh.17Networks_10-1,0.18528341991684466,0.18337172423958217,0.010486084788199748,267,0.6391770592620856,0.6381074041443273,0.010677616376944504,0.9307446786318551,0.9993628991941403,1.0
betahigh,18,lh.17Networks_5-2,0.20912778750026007,0.20963900190738022,0.012911194983779413,267,0.6482037134488579,0.6470723727717888,0.028622773973073716,0.7527262406816603,0.9997251198176439,1.0
betahigh,19,lh.17Networks_13-4,0.2054758601502111,0.20476455729921234,0.012424430735736803,267,0.6547109688983803,0.6530398692965647,0.02428967551624226,0.805900460368861,0.999703194065457,1.0
betahigh,20,lh.17Networks_13-5,0.18613583631593178,0.18497632972388042,0.010771701561368674,267,0.6417125465831524,0.6405689168438535,0.01251664327853696,0.9285733157425035,0.9994115384315673,1.0
betahigh,21,lh.17Networks_13-8,0.19248441809219588,0.19119486984489412,0.010505085969160124,267,0.6468320312784632,0.6459119833319578,0.01867630593644452,0.924034135556651,0.9995079674475802,1.0
betahigh,22,lh.17Networks_13-10,0.19279807704112042,0.19209050783253812,0.012184175219876468,267,0.646084538269929,0.6454442211783056,0.012609107401953533,0.919778445151123,0.9995470177394006,1.0
betahigh,23,lh.17Networks_13-12,0.19828988365271932,0.1983110470512172,0.013139925790246735,267,0.6489633077252738,0.6475575105030276,0.0187155315754658,0.8934742691693821,0.9996302625329576,1.0
betahigh,24,lh.17Networks_13-7,0.19682521081824103,0.19690042828670737,0.012801567669012045,267,0.6487919246201762,0.6482223905106199,0.016372972131899415,0.9007010013862187,0.9996189184721175,1.0
betahigh,25,lh.17Networks_13-11,0.200208828357742,0.19972103035032537,0.013297254308205109,267,0.6498296699019762,0.6502531819580566,0.019719084003640898,0.8760989919104767,0.999657805246287,1.0
betahigh,26,lh.17Networks_17-2,0.1977904922315349,0.19785271228771578,0.013596333707654893,267,0.6442872423387446,0.6439747881018706,0.014040886066723662,0.8933172023818717,0.9995909791010332,1.0
betahigh,27,lh.17Networks_17-5,0.20018512619766746,0.200475130475662,0.011695416245116157,267,0.6523379449949137,0.6511876938274049,0.02000565202440849,0.8919909760873204,0.9996498520049052,1.0
betahigh,28,lh.17Networks_17-1,0.19525631898231255,0.19402674154791819,0.011477873073157398,267,0.6448236959187825,0.6446255934990341,0.017830259826031578,0.9146862020134205,0.9995329472672109,1.0
betahigh,29,lh.17Networks_17-3,0.19218455934751852,0.19081239481074075,0.01198172790924302,267,0.6424368801970285,0.6426135297400416,0.018476313298450665,0.9232404704337855,0.9995192039686973,1.0
betahigh,30,lh.17Networks_17-11,0.18208730793530553,0.18006084898317418,0.00915123330170473,267,0.6388564058826562,0.6379668020840693,0.009803299329201745,0.9297962365390993,0.9993209662367761,1.0
betahigh,31,lh.17Networks_17-8,0.20123877472607263,0.20094880449984617,0.0131728087699166,267,0.6504146083254491,0.6496290810736595,0.01929661540963453,0.86234064905871,0.9996682621375287,1.0
betahigh,32,lh.17Networks_15-4,0.19740565610914224,0.19751705646456882,0.011469913813019707,267,0.6485833741591241,0.6487059393622229,0.02058344159497945,0.9225517831641401,0.9995806491442225,1.0
betahigh,33,lh.17Networks_15-1,0.1914543273522989,0.1905015867091722,0.0101574693213099,267,0.6461977851901666,0.645171534356207,0.01639815761222152,0.9288872772412805,0.9994883137414979,1.0
betahigh,34,lh.17Networks_15-5,0.19999597572485295,0.2007174304879488,0.011506442573780298,267,0.6513039704881307,0.6511460792425945,0.022665666318490305,0.9134469011905058,0.999644293658001,1.0
betahigh,35,lh.17Networks_1-2,0.20311261465553762,0.20491145866573277,0.01285741541606148,267,0.6417209297063634,0.6464767950341939,0.042893708299057524,0.8842428141883661,0.9996613933991526,1.0
betahigh,36,lh.17Networks_4-1,0.20488050314134215,0.2034425392471131,0.013575154016664776,267,0.6496287027415361,0.6502552495381128,0.02235687209379091,0.756980222447724,0.9996635681077798,1.0
betahigh,37,lh.17Networks_9-2,0.1913326183065145,0.18988497530328982,0.010826933812113325,267,0.640824842895194,0.6405547821500484,0.01574091740708852,0.9293823470764899,0.9994602033202086,1.0
betahigh,38,lh.17Networks_11-4,0.20228045949634907,0.20149429157914314,0.013024750307537147,267,0.6482680144895525,0.6460647237674564,0.015122441055793034,0.8557078586984428,0.999638888538804,1.0
betahigh,39,lh.17Networks_11-1,0.2066223815979218,0.2075214475143379,0.013379677465816213,267,0.6499212205259554,0.6480675155767452,0.018431712566941098,0.7956586922971002,0.9996788719754658,1.0
betahigh,40,lh.17Networks_3-2,0.2178650685941336,0.2162221506355433,0.01356645191390581,267,0.6339923519714641,0.6490621149821714,0.05234052300881436,-0.03592078816146604,0.9997923230209503,1.0
betahigh,41,lh.17Networks_8-6,0.19664149248356996,0.1963227305160948,0.012997514954320541,267,0.6464091077532564,0.645905967534418,0.014096875398473338,0.902100110384794,0.9995928291190441,1.0
betahigh,42,lh.17Networks_8-10,0.20158129095159938,0.20095373104379785,0.013559084620787537,267,0.6490121708886777,0.6470566494648178,0.017864521788065826,0.8595224513457846,0.9996558023664678,1.0
betahigh,43,lh.17Networks_8-8,0.20344283089363116,0.20365981975355968,0.012405805499888914,267,0.6466461299126391,0.6516233398337921,0.03662897618232103,0.8411917494542164,0.9996655935650816,1.0
betahigh,44,lh.17Networks_8-4,0.19151292965050923,0.19066768780311932,0.011420749560948908,267,0.6448042318698459,0.6446198997699181,0.017381628788589117,0.9251754098753865,0.9995179165417516,1.0
betahigh,45,lh.17Networks_8-5,0.1902251836754649,0.1894805411807248,0.011858635552757058,267,0.6449156853938569,0.6438137964248958,0.016191664528025732,0.9225128843693061,0.9995057680927305,1.0
betahigh,46,lh.17Networks_8-9,0.18416677553651142,0.18281188446179586,0.009729413204380146,267,0.6412656181563701,0.6406995641460357,0.011029407449169986,0.9300016226742506,0.9993717113971695,1.0
betahigh,47,lh.17Networks_7-4,0.20971704073670472,0.20817487569817023,0.014130401785125831,267,0.6486721389817208,0.6473986664859317,0.016709847941704697,0.5897387762485796,0.999720331855626,1.0
betahigh,48,lh.17Networks_7-8,0.20510981110529417,0.20463437146531657,0.013615311056686716,267,0.6521541207302605,0.6545770783743127,0.032123107619491734,0.7875781731945224,0.9996935478212167,1.0
betahigh,49,lh.17Networks_7-6,0.2026912439628019,0.20245349029582876,0.012687027719410767,267,0.6497621467008449,0.6502454408142649,0.023666839817882934,0.8301782174061046,0.9996515570993981,1.0
betahigh,50,lh.17Networks_7-1,0.19368323675017574,0.19170208548212908,0.011741721376015597,267,0.6458024140392542,0.6453062864498375,0.01654456873831282,0.9179568368681735,0.9995345268558757,1.0
betahigh,51,lh.17Networks_14-3,0.20052624956323428,0.2001495827288986,0.0134530555335706,267,0.6475544764607988,0.6456569570666745,0.017886084245056517,0.8718639643188654,0.9996420158150713,1.0
betahigh,52,lh.17Networks_14-2,0.19967820507585124,0.19798352666762892,0.011865482352777401,267,0.648273708772432,0.6481046469808998,0.01928317465204051,0.8835028209082897,0.9996172030631073,1.0
betahigh,53,rh.17Networks_2-2,0.20470034594662548,0.2059664222229215,0.012812688190649084,267,0.6470265916171173,0.6512682146145645,0.03747388981711839,0.876309870816069,0.9996657451631052,1.0
betahigh,54,rh.17Networks_16-4,0.2032823231530181,0.20381094180254652,0.01267809895046794,267,0.6485766724859976,0.6453137335530792,0.01880396873626136,0.8772715675727057,0.9996427254939708,1.0
betahigh,55,rh.17Networks_16-2,0.18736834558288218,0.18582082145733952,0.011062454916312078,267,0.642090323470175,0.641053424063933,0.011458328623022243,0.9284544776571527,0.9994268141382269,1.0
betahigh,56,rh.17Networks_16-6,0.20058368033516757,0.20142355177681362,0.01183897199980489,267,0.6521608023983536,0.6502158479367017,0.01883802820321714,0.902505909210896,0.9996554036469276,1.0
betahigh,57,rh.17Networks_16-10,0.18519816989118615,0.18372737089884003,0.009824467565909451,267,0.642617171408543,0.6411390745223791,0.010993562549896776,0.9289653087902032,0.9994017018378288,1.0
betahigh,58,rh.17Networks_16-9,0.18958731500932902,0.1878135107181658,0.010329220363391423,267,0.6427640998406146,0.6429125509559721,0.012092917749944745,0.9276922280004218,0.9994474755191959,1.0
betahigh,59,rh.17Networks_16-8,0.19382178951647133,0.19289619140074027,0.012318730635069865,267,0.6457957289259599,0.6453637483232393,0.015229547563502052,0.9169064785337837,0.999568476018155,1.0
betahigh,60,rh.FreeSurfer_Defined_Medial_Wall-2,0.19108367768880635,0.19010621211295903,0.010411234982175896,267,0.6458342761491174,0.6445181036077856,0.012552220998391601,0.9271704733919098,0.9994896541653591,1.0
betahigh,61,rh.FreeSurfer_Defined_Medial_Wall-4,0.1869802754205887,0.18559209075855962,0.009863171597152559,267,0.644075865211501,0.6438089423915387,0.012299633312040351,0.9292531727806588,0.9994379512743916,1.0
betahigh,62,rh.17Networks_6-1,0.21522822718877532,0.2139420767716242,0.013021764651306743,267,0.6419335388451968,0.6461651947795882,0.04088160610901162,0.3147973221994833,0.9997637400116067,1.0
betahigh,63,rh.17Networks_6-4,0.20817206269538488,0.207244762442024,0.013290148052929185,267,0.6487878207796894,0.649300659716824,0.027400703603288643,0.7382233964355764,0.9997193996910635,1.0
betahigh,64,rh.17Networks_6-8,0.19522513997027144,0.19623080231668757,0.011237963895865148,267,0.6497663197566695,0.6477709985099839,0.02020878429637492,0.9205539670052445,0.9995672905392385,1.0
betahigh,65,rh.17Networks_6-5,0.19868352528377162,0.19756905810841677,0.01288589984756878,267,0.6468570078405195,0.646903771412491,0.016255051396436345,0.8850693527405453,0.9996184876796942,1.0
betahigh,66,rh.17Networks_12-4,0.20789695523393248,0.20719017575855234,0.012250150690361407,267,0.6487868563658686,0.6495753568602739,0.030103504409337036,0.7801285355596684,0.9997123542251107,1.0
betahigh,67,rh.17Networks_12-9,0.1982296958506917,0.19712842317930698,0.012725072092202035,267,0.647731666653682,0.6469674206250462,0.014255903373643514,0.8951215284015897,0.9996140160017988,1.0
betahigh,68,rh.17Networks_12-8,0.20310842645521265,0.20341740163202293,0.01273037009865263,267,0.6483006826892534,0.6484359709407643,0.019302212192865376,0.8437046607184279,0.9996786286184854,1.0
betahigh,69,rh.17Networks_12-2,0.1977415613535899,0.1972043534874354,0.012824808058023177,267,0.6449474787286017,0.6436937168129304,0.013108514449370837,0.9038588295682862,0.9996068833142389,1.0
betahigh,70,rh.17Networks_12-6,0.19385022819243097,0.1935425525829669,0.01087554923268309,267,0.6473726126754337,0.6457835495843292,0.016030061064900798,0.9228883888270701,0.9995327781901342,1.0
betahigh,71,rh.17Networks_12-10,0.1837921101117851,0.18176760210837356,0.009490807245708286,267,0.6413311275663844,0.6405476798558565,0.01099998135902007,0.9297704613932453,0.9993618525949683,1.0
betahigh,72,rh.17Networks_10-2,0.1859109490217273,0.18426094273022622,0.01057099150360544,267,0.6397087341182319,0.6388190613332843,0.010212827113788731,0.9308059078794219,0.9993734705215003,1.0
betahigh,73,rh.17Networks_5-3,0.20397524668952605,0.20352756396825838,0.013016567684770898,267,0.6500958556054015,0.6503761688823427,0.025252970698105233,0.8397379736854556,0.9996841992456422,1.0
betahigh,74,rh.17Networks_5-1,0.20978313059928103,0.21160007340020962,0.013152780107001197,267,0.6489891900251087,0.6466331724650719,0.021586164196572923,0.7461244694661995,0.9997215670758455,1.0
betahigh,75,rh.17Networks_13-6,0.19304625266275094,0.1928444897943229,0.010693915092587986,267,0.6459250491731169,0.6444863597133627,0.013035106588460865,0.9229248110304579,0.999514993437369,1.0
betahigh,76,rh.17Networks_13-9,0.19280147342248954,0.19297558944353854,0.012297914550257732,267,0.645524449963546,0.6451961633049205,0.015121143207659796,0.9203923276160021,0.9995459467108773,1.0
betahigh,77,rh.17Networks_13-1,0.20051502009714006,0.20038889193379494,0.012725736489463832,267,0.6465259480165902,0.6458699694692607,0.01609011433088515,0.8796596010503592,0.9996524982881522,1.0
betahigh,78,rh.17Networks_13-3,0.20402149224038066,0.2048726094376397,0.012497131268273122,267,0.6518826845949448,0.6503619413255841,0.019091742676296843,0.856662234540018,0.9996889581641575,1.0
betahigh,79,rh.17Networks_13-2,0.18582104994217807,0.18296141515684974,0.01050756626956946,267,0.641685672389871,0.6400020055381375,0.012167579933572594,0.9279917557013951,0.9994013000183718,1.0
betahigh,80,rh.17Networks_17-6,0.19451284260458732,0.19468368381960746,0.013086661035223142,267,0.6431415119491037,0.6427035736851765,0.01722594354213095,0.9132628993544097,0.9995530469827374,1.0
betahigh,81,rh.17Networks_17-10,0.1979687779795862,0.1989128332662371,0.011119957349317058,267,0.6524601530075341,0.6498933727652731,0.019005566630242676,0.9110072397407865,0.9996220536949079,1.0
betahigh,82,rh.17Networks_17-4,0.194534988833677,0.19384854176692007,0.011611727068615125,267,0.6436956587272212,0.6427000430441834,0.012898841387147591,0.9167329910633316,0.9995239470150831,1.0
betahigh,83,rh.17Networks_17-9,0.1913921605906153,0.18993610186786453,0.012000487893171447,267,0.6430152580707715,0.6430479476740414,0.015206945103706673,0.9237757239846113,0.9995191905707868,1.0
betahigh,84,rh.17Networks_17-7,0.18679677199438594,0.18507503919493273,0.010463350238079561,267,0.6418915677247681,0.6415155723049619,0.014134691645314864,0.9284184702013017,0.9994262542985205,1.0
betahigh,85,rh.17Networks_15-3,0.19788817621525237,0.19806041814393147,0.011394241584604796,267,0.650626414327526,0.6482659670117602,0.01945640547747581,0.9237440779208206,0.9995869091382119,1.0
betahigh,86,rh.17Networks_15-2,0.19082520456142432,0.18998994732879704,0.010081549513376031,267,0.6457689984246107,0.6453526483664459,0.015019232236214902,0.9278901826941534,0.999486225764565,1.0
betahigh,87,rh.17Networks_15-6,0.19974224405535607,0.200724035492552,0.011758767940082638,267,0.6509296110757332,0.6497413725916672,0.022450826035743027,0.9144307581886374,0.9996356493863667,1.0
betahigh,88,rh.17Networks_1-1,0.20389454997005785,0.20573395008158424,0.012608144217617849,267,0.6408319438126066,0.6472744436543177,0.04595501150142796,0.8835054309637423,0.9996691544619148,1.0
betahigh,89,rh.17Networks_4-2,0.2037843586417753,0.202456615109057,0.012772534388967208,267,0.6481045352189979,0.6473331050847303,0.0230929922720487,0.8219304144513904,0.9996508650061778,1.0
betahigh,90,rh.17Networks_9-1,0.19031719097572117,0.18892405611793434,0.010904434956562835,267,0.6418263175494584,0.641451547680581,0.011091386974013025,0.9277149325732322,0.9994484963003559,1.0
betahigh,91,rh.17Networks_11-3,0.2024049566551101,0.2014477447925364,0.0129985447385946,267,0.6480775899053975,0.6467256461898214,0.014336568801724767,0.8582589976563423,0.999641802882359,1.0
betahigh,92,rh.17Networks_11-5,0.20315522071157188,0.20204271890231684,0.013282667743955227,267,0.6491997157298375,0.6482271561572526,0.014867563679972502,0.8423874055378346,0.9996633746515198,1.0
betahigh,93,rh.17Networks_11-2,0.20552741508326966,0.20714785231570407,0.012966977330357485,267,0.6486724487787786,0.647342454837083,0.02257539336142728,0.8484735438705173,0.9996668083453224,1.0
betahigh,94,rh.17Networks_3-1,0.21721708196560188,0.21564523576745556,0.013550754648494928,267,0.640407853489591,0.6471836471242677,0.04428730387207746,0.08767573036239569,0.9997848431641688,1.0
betahigh,95,rh.17Networks_3-3,0.19734873583641968,0.19597716141246752,0.011497658581373551,267,0.6507860974505136,0.650552288359484,0.016911391442512885,0.907063711340149,0.9995901388479417,1.0
betahigh,96,rh.17Networks_8-2,0.19055033569561985,0.1894606556969567,0.011579680708484762,267,0.6433075675920892,0.6423197307731962,0.011567068588691047,0.9248116418053713,0.9995053358884085,1.0
betahigh,97,rh.17Networks_8-3,0.19971437482518314,0.20030720281060155,0.01370981737572163,267,0.6469005680945842,0.6454943959084953,0.015428702075836865,0.875650750140044,0.9996285239421618,1.0
betahigh,98,rh.17Networks_8-11,0.2033516662490077,0.20255021612169277,0.013189985692860125,267,0.6491344573931072,0.6484105092891994,0.01518987727156141,0.8427119348587966,0.9996610068318579,1.0
betahigh,99,rh.17Networks_8-7,0.2033905249978275,0.20358913778952226,0.011832643065372326,267,0.6488579116652512,0.651060054999842,0.03247488830122075,0.8731581579420371,0.9996721228992168,1.0
betahigh,100,rh.17Networks_8-1,0.19127255068320956,0.19075576688382295,0.011788139323863732,267,0.6435531751540804,0.6439431020719312,0.014723349385632495,0.9247950601892032,0.9995189911392794,1.0
betahigh,101,rh.17Networks_7-3,0.20877580509291688,0.20771697290822122,0.014055328618106187,267,0.6472698753934801,0.6450975167192874,0.015352815354584222,0.6508343975267631,0.9997116241095984,1.0
betahigh,102,rh.17Networks_7-7,0.20465967797705958,0.20405940043096377,0.012811583134756967,267,0.6489699759334242,0.6494129096528422,0.030083762979607104,0.8236535863439144,0.9996821717048492,1.0
betahigh,103,rh.17Networks_7-5,0.20316316822906696,0.20239088775021524,0.012191679779080276,267,0.6486522572441802,0.6504044808507988,0.028151080738055896,0.8568364958851559,0.9996580976425126,1.0
betahigh,104,rh.17Networks_7-2,0.192698465712309,0.19121132285116754,0.011825152625325066,267,0.643533141720607,0.6431879572197504,0.015176881060878215,0.9232736581625032,0.9995270643129103,1.0
betahigh,105,rh.17Networks_14-1,0.19874075017716042,0.1983908480479626,0.011944215012273822,267,0.6488339364619137,0.6473264985965401,0.015622975789703945,0.8989302602358615,0.9996043922925056,1.0
betahigh,106,rh.17Networks_14-4,0.1877772067588,0.18579462100331395,0.010782198624044469,267,0.6414701882727722,0.6419578171562259,0.016125832258198095,0.9274602161567094,0.9994565307594577,1.0
betalow,0,lh.17Networks_2-1,0.21532305290048145,0.21516024524315197,0.011231738128745256,267,0.5912686337192848,0.6002920963341448,0.03450203172277314,0.6092193411129696,0.9994595071564901,1.0
betalow,1,lh.17Networks_16-1,0.21534552688675593,0.21520796278660245,0.012054125229093266,267,0.5989924405010429,0.6040886681633657,0.026744615201275204,0.4791092956860135,0.9993995286954074,1.0
betalow,2,lh.17Networks_16-3,0.20492552359841998,0.20493501958945004,0.015367810883804331,267,0.6212957492316085,0.6225920950559213,0.011094663560296234,0.7575608047899922,0.9992556299132558,1.0
betalow,3,lh.17Networks_16-5,0.21337621684815297,0.21253689986183763,0.010668319306233283,267,0.6035523897208203,0.6044880439160107,0.019441093884413896,0.7178883155869981,0.999480632036179,1.0
betalow,4,lh.17Networks_16-7,0.20954810364023577,0.21041150796570973,0.01439139336395783,267,0.6199196901945255,0.621167539373012,0.011263995423788309,0.6852681944451494,0.9994237453844529,1.0
betalow,5,lh.FreeSurfer_Defined_Medial_Wall-1,0.20739383210275175,0.20577069680494064,0.012450649813782168,267,0.6111577194379482,0.6125430401783246,0.011952343540466105,0.7691682706806405,0.9992265970872876,1.0
betalow,6,lh.FreeSurfer_Defined_Medial_Wall-3,0.20272366518103888,0.2008604514684178,0.013709935846052231,267,0.6168382151782952,0.6182106231080166,0.011412044400879414,0.8287426539952732,0.999143374120684,1.0
betalow,7,lh.17Networks_6-2,0.2234116968864406,0.22208556781744043,0.011665274541668194,267,0.597029892249071,0.6045322126171769,0.03772205526183572,-0.603565053910149,0.9996180447237701,1.0
betalow,8,lh.17Networks_6-3,0.21738768418555948,0.2170361443293912,0.012795403639954099,267,0.6114026383038313,0.6159569640409643,0.027334099255209236,0.1713946980148877,0.9995336921273116,1.0
betalow,9,lh.17Networks_6-7,0.20937582213147482,0.20856062252940044,0.010903750917426914,267,0.6028252341072,0.605612718362146,0.018822829481688043,0.8065778363892211,0.9993256860823281,1.0
betalow,10,lh.17Networks_6-6,0.21324113549095616,0.21246256474483616,0.013712544528758896,267,0.6160315557931046,0.6168426447713855,0.01583340429891833,0.42771354150698915,0.9994605652303304,1.0
betalow,11,lh.17Networks_12-11,0.2091177374960454,0.20847118293101244,0.013632136442493004,267,0.6186478653964383,0.6207563667718128,0.013875291085741598,0.6879392534769266,0.9993775818968439,1.0
betalow,12,lh.17Networks_12-12,0.20997244199006784,0.20860766175169962,0.012923203945037185,267,0.6156159475787681,0.6173492489354159,0.016295019791814896,0.6636951290545551,0.9993312422959353,1.0
betalow,13,lh.17Networks_12-7,0.21267697963999654,0.21212961623276433,0.01325625045296744,267,0.6175529362900933,0.6195802688444951,0.016324283514147886,0.5516214957337705,0.9994816941225017,1.0
betalow,14,lh.17Networks_12-3,0.2185743804180964,0.21734139770457758,0.011038494548944636,267,0.5993820661709205,0.6047574846986725,0.0297154616190063,0.26875045789863544,0.9995443287122974,1.0
betalow,15,lh.17Networks_12-1,0.21345235157590145,0.2139422010527195,0.013827167761100635,267,0.6184697740856099,0.620002325880033,0.011631203914054132,0.4262009962599624,0.9994921178691584,1.0
betalow,16,lh.17Networks_12-5,0.20903074844265285,0.20861590813484931,0.011265563569323284,267,0.6054715074925242,0.6056749440632949,0.012700532158233092,0.796525656627203,0.9993072282179525,1.0
betalow,17,lh.17Networks_10-1,0.20277902865698924,0.20225537209577749,0.015306334566347982,267,0.6204146884673297,0.622286842186433,0.011148931130210874,0.7840256715574038,0.9991775176278197,1.0
betalow,18,lh.17Networks_5-2,0.21985366834070913,0.2195443767134916,0.011459991575887323,267,0.5974753068066776,0.6006299342088534,0.025958819556164834,0.2301956625759555,0.9995748823169339,1.0
betalow,19,lh.17Networks_13-4,0.21616827831173446,0.21445589731713438,0.01093765386571081,267,0.6010404170824922,0.6051228353321433,0.026503305890187883,0.509612012335455,0.9995259252836969,1.0
betalow,20,lh.17Networks_13-5,0.20323643079828724,0.20218529207494074,0.015036572187037744,267,0.6221205688986925,0.6240970172719891,0.010600816340959891,0.8028839129681314,0.9992391401327925,1.0
betalow,21,lh.17Networks_13-8,0.20854241155618303,0.20749647207056732,0.011539034180051547,267,0.6072478094537022,0.6073184783597807,0.012721072088508692,0.7942342440315259,0.9992850623714312,1.0
betalow,22,lh.17Networks_13-10,0.20737864333446368,0.20731091827361467,0.014594043980103085,267,0.6194863915012919,0.6221517090336339,0.011347687298281338,0.7309018596666624,0.9993371440623152,1.0
betalow,23,lh.17Networks_13-12,0.21097235808329876,0.21093197671336328,0.013638340811037895,267,0.6186264410204187,0.6202885355921808,0.014531277645065295,0.6280667040794226,0.9994517037581285,1.0
betalow,24,lh.17Networks_13-7,0.21111654220864245,0.2124849698046159,0.013987713737274744,267,0.6198573908899182,0.6207711142746654,0.011794628226679617,0.596392226562717,0.9994721298311124,1.0
betalow,25,lh.17Networks_13-11,0.2126720489639022,0.2133305593015281,0.013310235318721938,267,0.6182531463172667,0.6199798804651635,0.014694057575729176,0.5553837126286211,0.9994953200959885,1.0
betalow,26,lh.17Networks_17-2,0.21271854794254344,0.21339343315759016,0.014562700395029216,267,0.61951280623061,0.6213434898923069,0.01162210792449349,0.5125081715651739,0.9994712212400985,1.0
betalow,27,lh.17Networks_17-5,0.21322152769024633,0.21278452681024299,0.010691122028466636,267,0.6054634868397178,0.6060160590269004,0.0172708359710687,0.7039649175041177,0.9994504697373143,1.0
betalow,28,lh.17Networks_17-1,0.21198770983627335,0.2106388267112175,0.012604486736148415,267,0.6078724947108355,0.6085041619601683,0.013097895226695999,0.6059335115087732,0.9993565644629341,1.0
betalow,29,lh.17Networks_17-3,0.20813371449320017,0.20754815132617271,0.014381034334038298,267,0.6193678848562603,0.6218108362634279,0.011808602402631813,0.7038692479532415,0.9993647417699217,1.0
betalow,30,lh.17Networks_17-11,0.19865695572027078,0.19802996776852588,0.014866726856585568,267,0.622444259641217,0.6237530839029755,0.010409916428529006,0.8582492675115014,0.9990942287962089,1.0
betalow,31,lh.17Networks_17-8,0.21365177606692737,0.21384684918930674,0.01305067419500225,267,0.6176884581675456,0.6196503293975996,0.017680113882086197,0.4908618406142355,0.9995062344620332,1.0
betalow,32,lh.17Networks_15-4,0.20944010268336877,0.20903430814040133,0.01137466175369732,267,0.6023621992975322,0.6064305371054779,0.023597427492491347,0.781456094533404,0.9992869905833011,1.0
betalow,33,lh.17Networks_15-1,0.2064132439561035,0.20471237792973118,0.012046688013755252,267,0.6098857280128658,0.6115725909358894,0.014802015151175789,0.811570259248658,0.9992049775481839,1.0
betalow,34,lh.17Networks_15-5,0.2120783975255099,0.2119982875009674,0.010645352762708952,267,0.6024897154944137,0.603902432297637,0.021470796232956734,0.7642992211835646,0.9994274832945639,1.0
betalow,35,lh.17Networks_1-2,0.21424355030957548,0.21487728845818807,0.01080746010553484,267,0.5931906938470525,0.60055742234197,0.03463539098132305,0.6924152648122288,0.9994973339607708,1.0
betalow,36,lh.17Networks_4-1,0.2177401402253451,0.21543654678824892,0.012634619620289163,267,0.6084822872023571,0.6100871670411105,0.019372568288453892,0.06691220251280702,0.9994913945699583,1.0
betalow,37,lh.17Networks_9-2,0.20789841699367523,0.20580859830902518,0.013709150791502379,267,0.6132826528157849,0.6154318057115156,0.011637205355917614,0.7092360258048326,0.9992481113839548,1.0
betalow,38,lh.17Networks_11-4,0.21282445082773588,0.21098716032020265,0.012831182721563895,267,0.6119300123768354,0.6132819559454924,0.012527302441926184,0.5228414071871079,0.9993493241881786,1.0
betalow,39,lh.17Networks_11-1,0.21689179642976902,0.21716766872412707,0.011847373909238672,267,0.595481038229541,0.6015124479979348,0.02957910877662144,0.4238843071495784,0.9994450412964613,1.0
betalow,40,lh.17Networks_3-2,0.2246377743747929,0.22366879034358583,0.011973164768963956,267,0.6024722598498986,0.610081869969371,0.037633821816088014,-1.0038680307198036,0.9996447446796254,1.0
betalow,41,lh.17Networks_8-6,0.21057459319339164,0.2101554975388522,0.014128234757460325,267,0.617871985944206,0.6187267320839342,0.011112466591533223,0.6122438864889789,0.9993856343583652,1.0
betalow,42,lh.17Networks_8-10,0.212749460234991,0.21191844439719418,0.01316691093051976,267,0.6167492791085659,0.6188830336445916,0.018449535000399996,0.5380718212002146,0.999464240540374,1.0
betalow,43,lh.17Networks_8-8,0.21504865620663507,0.21474243977058255,0.011037691658853576,267,0.6048448881094797,0.6059616440729558,0.02187550200959303,0.5433218508493699,0.999452066203673,1.0
betalow,44,lh.17Networks_8-4,0.20729594173393343,0.2052742025228302,0.014118379082106,267,0.6187683779485386,0.6210954259298447,0.011647059081018318,0.7305244247944542,0.999324331267032,1.0
betalow,45,lh.17Networks_8-5,0.20733289948861375,0.20944572456265173,0.01464747555547286,267,0.6218040044224608,0.6234335891087559,0.011782999624952111,0.7489554463025513,0.9993681029826309,1.0
betalow,46,lh.17Networks_8-9,0.2007140229052502,0.19926331568010924,0.01458552772970254,267,0.6216090689457452,0.6230168405099199,0.010915983450801367,0.8425396154639133,0.999150913407865,1.0
betalow,47,lh.17Networks_7-4,0.21959627237663615,0.21825660783963313,0.01242039677858079,267,0.61174240008839,0.6133071486876073,0.018246111402911557,-0.07179131033988131,0.9995409400333932,1.0
betalow,48,lh.17Networks_7-8,0.21549501463111842,0.2143416633359389,0.013171473996407985,267,0.6115470135945308,0.6172478934486122,0.032495329293857685,0.3170600653245391,0.9994841116666199,1.0
betalow,49,lh.17Networks_7-6,0.21557875649487712,0.21422889955070742,0.011655462270547225,267,0.6049112445994306,0.606655073928284,0.022299823346874522,0.4265207315059333,0.999436830279652,1.0
betalow,50,lh.17Networks_7-1,0.2093813020804549,0.20813288826381554,0.013865916400804989,267,0.6152494184895715,0.6169447918378419,0.011412254389337843,0.6321818306160899,0.999338915079392,1.0
betalow,51,lh.17Networks_14-3,0.21174847000521685,0.21114336502493922,0.012939206858609493,267,0.6174842402207443,0.6196335669211808,0.018297229758668702,0.6037431747299995,0.9994202391272435,1.0
betalow,52,lh.17Networks_14-2,0.21466960054458387,0.2128475244894324,0.011760727921435407,267,0.604113982420823,0.6055247719392379,0.017007363994606024,0.53924122753905,0.9994383984182551,1.0
betalow,53,rh.17Networks_2-2,0.21603828852523857,0.21703524113478867,0.01095285105471387,267,0.5883833197293317,0.5981252472034816,0.03562283926977064,0.6063020723542812,0.9994595927654109,1.0
betalow,54,rh.17Networks_16-4,0.21423082316129619,0.2139436890041361,0.011678629853527172,267,0.5967457985806264,0.6046170292395932,0.030708404493616753,0.5994620250590237,0.9993663112509162,1.0
betalow,55,rh.17Networks_16-2,0.2049646790951121,0.20513697641239867,0.015016272809761559,267,0.6212112007268186,0.6228651418086788,0.010642014974788871,0.7706933871935866,0.9992611829974751,1.0
betalow,56,rh.17Networks_16-6,0.21292379932734035,0.21279452762497186,0.010228204914909387,267,0.6043991631640615,0.6049013784796415,0.0157747343356848,0.75326120467943,0.9994740124184801,1.0
betalow,57,rh.17Networks_16-10,0.19982997764771482,0.19964131019272802,0.013296788554893899,267,0.6224752373719963,0.6238606596544345,0.010624369133367841,0.8868135675131489,0.9991474558141094,1.0
betalow,58,rh.17Networks_16-9,0.20457499766119996,0.2030573993666061,0.012478526144545895,267,0.6124824207924414,0.6125254010492015,0.011498662417522145,0.8280405516289818,0.999194876260476,1.0
betalow,59,rh.17Networks_16-8,0.20831052267077546,0.20970805968312484,0.013708389161223281,267,0.620682668207669,0.6221483669457838,0.011982849278554164,0.7616357522445559,0.999403176598135,1.0
betalow,60,rh.FreeSurfer_Defined_Medial_Wall-2,0.2059027322732543,0.204106460357106,0.012497242102666317,267,0.612404258226673,0.6138770074546892,0.012070916386971685,0.805896486848145,0.9991993766465317,1.0
betalow,61,rh.FreeSurfer_Defined_Medial_Wall-4,0.20060622005083112,0.1996045643471555,0.012938540850593065,267,0.6188437114876447,0.6203242967571801,0.010179868635480328,0.8714037625167825,0.9991122506579992,1.0
betalow,62,rh.17Networks_6-1,0.22368526988876392,0.22210445852060343,0.011102590709183818,267,0.597205424594879,0.6049667196115079,0.037554953533898205,-0.469035495511531,0.9996207124102806,1.0
betalow,63,rh.17Networks_6-4,0.217205703220591,0.21585286011237123,0.012342085527897128,267,0.6117700042235853,0.6165092760140818,0.02887479823974074,0.2582545611361865,0.9995180718853819,1.0
betalow,64,rh.17Networks_6-8,0.20904618516100243,0.20861067919394885,0.010314632005170299,267,0.6028992465450403,0.6051189150856116,0.01888807147539718,0.8266344158825701,0.9993308801841779,1.0
betalow,65,rh.17Networks_6-5,0.2117875568474226,0.21113336754626355,0.013155139248251554,267,0.6177608855542209,0.618650468136839,0.011310238852467748,0.6052669819054289,0.9994381925549247,1.0
betalow,66,rh.17Networks_12-4,0.21800394435217896,0.2176177545580449,0.010660223757651079,267,0.6010196120930983,0.6061468031255763,0.03027635194418904,0.42170911300607367,0.9995412072269502,1.0
betalow,67,rh.17Networks_12-9,0.21009603620975265,0.20836892322503436,0.012843932057178887,267,0.6155701691639343,0.6173138856655462,0.01637366694432642,0.6542776273987636,0.9993297630843404,1.0
betalow,68,rh.17Networks_12-8,0.2138110951554246,0.21239396670967373,0.01210551711492445,267,0.6162576760989948,0.6192431950944142,0.022815946956724148,0.5336288432033152,0.9994848564824247,1.0
betalow,69,rh.17Networks_12-2,0.21151177882703773,0.2112728123873307,0.013132283334058865,267,0.6196181984785218,0.62111979313936,0.011414485852320579,0.6473958543213573,0.9994657818321963,1.0
betalow,70,rh.17Networks_12-6,0.2087162888518905,0.2086454227092747,0.010615632601361565,267,0.6041773673306797,0.6058319737750921,0.017224726546226355,0.8285629580919965,0.9993086247607992,1.0
betalow,71,rh.17Networks_12-10,0.1988679900874801,0.19878340757360982,0.013685343700286894,267,0.6226189477484172,0.6239033891999697,0.010756414508003137,0.8909412406407313,0.9991127071673868,1.0
betalow,72,rh.17Networks_10-2,0.20242084480784903,0.2016489574480168,0.01464464369935601,267,0.6205977897384168,0.6222098745566657,0.01100375460787863,0.8190446078414176,0.9991675939908274,1.0
betalow,73,rh.17Networks_5-3,0.2140969339542717,0.21313217900381431,0.012243255749873165,267,0.613367573305021,0.6176902979578989,0.028060252352323598,0.5315006232826867,0.9994605803142748,1.0
betalow,74,rh.17Networks_5-1,0.22034418141255935,0.22150027910792647,0.011502993549415603,267,0.5965433928321542,0.6002634589206418,0.026663717641611302,0.23460247103478202,0.9995763582116404,1.0
betalow,75,rh.17Networks_13-6,0.20843254134113887,0.2076476200679964,0.011223543283909817,267,0.6059954564202863,0.6078430388211993,0.017002553893403327,0.8035304833223192,0.999298167246209,1.0
betalow,76,rh.17Networks_13-9,0.20733197987389904,0.20759430986359648,0.014417148120850784,267,0.6198446953086749,0.6220891724094779,0.011420892464588536,0.7385076333533523,0.9993401636596568,1.0
betalow,77,rh.17Networks_13-1,0.21286045345031715,0.21305234586884117,0.012684246002427872,267,0.6205329785161889,0.6210720032349126,0.01243763016672775,0.6065618972486638,0.9995122319848679,1.0
betalow,78,rh.17Networks_13-3,0.21522057217864704,0.21505597993689027,0.010557383631901462,267,0.6039744140284745,0.6047173690482641,0.019312555375089458,0.6320660820235419,0.9995227513312589,1.0
betalow,79,rh.17Networks_13-2,0.20219316348294916,0.20255695453571138,0.01437295536628489,267,0.6230278831855783,0.6241001423097005,0.010858708310329151,0.8516336664707338,0.9992297354156254,1.0
betalow,80,rh.17Networks_17-6,0.20994846444348564,0.2109128784948023,0.014583554373841548,267,0.6200841313628548,0.6232498912579281,0.011804330482170193,0.6618104178710383,0.99941696451322,1.0
betalow,81,rh.17Networks_17-10,0.2111972080203369,0.21111084941223282,0.009937328618993432,267,0.6065724513094366,0.6064546805442548,0.013267537222543086,0.8025910164629506,0.9994106640027822,1.0
betalow,82,rh.17Networks_17-4,0.2105689208785525,0.20954324335352553,0.012308659245602723,267,0.6079864179303878,0.609232362447333,0.016540736321745197,0.6880877688561573,0.9993445296248165,1.0
betalow,83,rh.17Networks_17-9,0.20583943573585187,0.20620253988831702,0.012712286650400246,267,0.6212056432847226,0.623418388048922,0.011060896360919625,0.8285687654298322,0.9993573868178596,1.0
betalow,84,rh.17Networks_17-7,0.20137271669376755,0.20066685053330227,0.01335705127024305,267,0.6220313084962948,0.6232122150324484,0.010428605058371697,0.87149862040321,0.9991900333243393,1.0
betalow,85,rh.17Networks_15-3,0.21016283522593082,0.21025138282393163,0.010972246417312691,267,0.6024525778343623,0.6054319144271366,0.021203839541700284,0.7877642465096252,0.9993022868428476,1.0
betalow,86,rh.17Networks_15-2,0.2054598400311366,0.2039546787228781,0.012020565156768302,267,0.6108140737416888,0.6123761182412549,0.014703003130589695,0.8272296096145741,0.9991855272292661,1.0
betalow,87,rh.17Networks_15-6,0.21169204947609488,0.2124735445858908,0.01040598243625521,267,0.6041908215094276,0.604560763732202,0.015056493256458792,0.7869015774295964,0.9994288147299414,1.0
betalow,88,rh.17Networks_1-1,0.21474734321390065,0.2153616294670314,0.01052077312231888,267,0.5876686667889549,0.5989460103787516,0.04104946932410171,0.6960125688653344,0.9995073891283204,1.0
betalow,89,rh.17Networks_4-2,0.2169829308168031,0.21514546094145154,0.01210488250570841,267,0.6064144455298639,0.609831880661001,0.023097523462736202,0.28525286176948583,0.999479805060335,1.0
betalow,90,rh.17Networks_9-1,0.20577589900385856,0.20491772455301513,0.01332729977778769,267,0.6151627176289184,0.6168710446748028,0.011234478562833274,0.7865554937493845,0.9992133201931457,1.0
betalow,91,rh.17Networks_11-3,0.21291940787824454,0.21135892042826535,0.012754181942031175,267,0.6103227939437508,0.6118300071963805,0.016774877486471936,0.5299502347664963,0.9993514306561878,1.0
betalow,92,rh.17Networks_11-5,0.21256323416601466,0.21067433164331653,0.012890045375381222,267,0.6126684740103131,0.6137396484650299,0.013923124595747556,0.5614312561405198,0.9993633824086559,1.0
betalow,93,rh.17Networks_11-2,0.2161364118635894,0.21674707565196763,0.011443790246073988,267,0.594630201699627,0.6003422107258896,0.030979388142288348,0.5513982672516572,0.9994172738862515,1.0
betalow,94,rh.17Networks_3-1,0.2243442490196001,0.22283802408530276,0.01186126060356628,267,0.6000920446286866,0.6097154265221694,0.041474836092845135,-0.854723041591904,0.999628445482373,1.0
betalow,95,rh.17Networks_3-3,0.21109199766381867,0.20952981024701042,0.011560131154545815,267,0.6061905400168326,0.6087847261548381,0.021736208377532516,0.7004842648749547,0.9993205276260647,1.0
betalow,96,rh.17Networks_8-2,0.2069970630651391,0.20785881654496205,0.013936715875358083,267,0.6215390739364516,0.6230580528283619,0.011398898452801237,0.7941223257184462,0.9993683987646304,1.0
betalow,97,rh.17Networks_8-3,0.21232565725942154,0.21218283924360504,0.013552503084439864,267,0.6178357205518127,0.6196436966057011,0.013983079301349243,0.5310245598834197,0.9994322222060794,1.0
betalow,98,rh.17Networks_8-11,0.21258224809496953,0.2110166545102641,0.012773815265136873,267,0.6106284263701122,0.6116822083727678,0.015607616877917455,0.5739343384429143,0.9993540677998973,1.0
betalow,99,rh.17Networks_8-7,0.21542971906575473,0.21558468949692663,0.010107551667510322,267,0.6025916769456292,0.6062321178319121,0.023101640982001098,0.6517042561640354,0.9994966009334768,1.0
betalow,100,rh.17Networks_8-1,0.2063747156304013,0.2057511938120036,0.013169640543567937,267,0.6201727650644098,0.621942845227905,0.011066005196514406,0.8019659096278444,0.9993263935585363,1.0
betalow,101,rh.17Networks_7-3,0.21846665704067375,0.21628043044240214,0.01269457658692536,267,0.6125452176351506,0.6135202323320591,0.016177578698822134,0.026379175867753166,0.9995130101073207,1.0
betalow,102,rh.17Networks_7-7,0.21516837350118884,0.21353835164807572,0.01231116108418024,267,0.6113335057929195,0.6182497288121606,0.032044719949774265,0.44416272714006577,0.9994855520618391,1.0
betalow,103,rh.17Networks_7-5,0.2163786715566639,0.21548331691985018,0.010804885823564758,267,0.6014207935507564,0.6057627981158026,0.024727367952499243,0.5145643736759222,0.9994767469894056,1.0
betalow,104,rh.17Networks_7-2,0.20791178985814657,0.20720191758937145,0.013481003605841098,267,0.6160734758184273,0.6171981607574487,0.011385842233675461,0.7393128895784123,0.9993185389512412,1.0
betalow,105,rh.17Networks_14-1,0.2138662016528466,0.21322428981479366,0.011190114009061452,267,0.6032263627339681,0.6043444132082124,0.01766669035668525,0.6365023822126682,0.9994333560968123,1.0
betalow,106,rh.17Networks_14-4,0.20241561759419144,0.20213185218447374,0.012938861925284496,267,0.6224470796099895,0.6240577298071359,0.010703694864131065,0.8710760225855457,0.9992521521874907,1.0
delta,0,lh.17Networks_2-1,0.21207046500179152,0.21073117564759816,0.008486835237248785,267,0.46886379430568326,0.4639638786014501,0.04052475761295954,0.8090105750849862,0.9999926274651728,1.0
delta,1,lh.17Networks_16-1,0.2107100823890332,0.209640799237768,0.008403104654685538,267,0.46869091991360995,0.46013908479997456,0.041374963992016615,0.8271036567230434,0.9999930454284867,1.0
delta,2,lh.17Networks_16-3,0.20980996049035264,0.2081036314660902,0.007895835781190108,267,0.4678406331796437,0.4581411737121474,0.04135651248933257,0.8388538242716544,0.9999928637593146,1.0
delta,3,lh.17Networks_16-5,0.21063078246609296,0.2104077251528041,0.007491116389861842,267,0.47138578455015573,0.4629772780391791,0.04399362202184449,0.8561142683344265,0.9999932996137321,1.0
delta,4,lh.17Networks_16-7,0.20864469099260874,0.20675985587814275,0.008695095708799755,267,0.4682516547447448,0.4638279954594407,0.03971693474532284,0.8459487603894287,0.9999927609191395,1.0
delta,5,lh.FreeSurfer_Defined_Medial_Wall-1,0.20890633929081656,0.2091797170154923,0.006220341262278342,267,0.47218074339400157,0.4630665702819557,0.04147861997582783,0.8783620589138101,0.9999932708531639,1.0
delta,6,lh.FreeSurfer_Defined_Medial_Wall-3,0.20761182130180406,0.20679905257016143,0.005827526696661022,267,0.4703723199001419,0.4597397840727603,0.04127056011532232,0.879993011772045,0.9999923450101273,1.0
delta,7,lh.17Networks_6-2,0.2140948210137968,0.2133649438631414,0.00989120829067146,267,0.4693946897524937,0.469574937044399,0.03571537305350223,0.7367961056781072,0.9999922895036149,1.0
delta,8,lh.17Networks_6-3,0.20935687125543745,0.20654204669079487,0.010404919367882043,267,0.47578753649358474,0.4723870370094055,0.038997451422426284,0.7911371577161805,0.9999922127358974,1.0
delta,9,lh.17Networks_6-7,0.2080471339490017,0.2075006423499988,0.007237842031859183,267,0.47015923082466043,0.45998986434408745,0.04069264205938339,0.8717736697944137,0.9999916733184326,1.0
delta,10,lh.17Networks_6-6,0.20861370370150722,0.2065993026139558,0.009262080656354298,267,0.47207234797321346,0.4669031648158735,0.03999464423934141,0.8412538362399298,0.9999913352158545,1.0
delta,11,lh.17Networks_12-11,0.2075055358570579,0.20554156526311293,0.008887057194776966,267,0.47044073893991356,0.4611420674830285,0.040882647150543266,0.8444205827371482,0.9999931049280985,1.0
delta,12,lh.17Networks_12-12,0.2077170328328833,0.20553830724510658,0.008250851212584169,267,0.472248620089937,0.459565240474151,0.04218850822965902,0.8588072384402197,0.9999938930312524,1.0
delta,13,lh.17Networks_12-7,0.20799220175399402,0.20530508337829612,0.00946487668436872,267,0.47027492185535397,0.4641414543422682,0.041629730870322006,0.8268119920998995,0.9999924864868263,1.0
delta,14,lh.17Networks_12-3,0.21191343353411493,0.21174111342250973,0.0083434790915465,267,0.4701550983935216,0.4658443423176254,0.0386099323241523,0.831647789444163,0.9999926394640442,1.0
delta,15,lh.17Networks_12-1,0.21015263374732565,0.207934684829287,0.00969039145268819,267,0.46725578156928543,0.46376507544817275,0.03935985457705874,0.8093657525253077,0.9999920895468398,1.0
delta,16,lh.17Networks_12-5,0.20838017223495034,0.2083344257046557,0.0067492928925080185,267,0.47005430530801967,0.4620502078366012,0.04224577964846683,0.8733175009511849,0.9999918991147149,1.0
delta,17,lh.17Networks_10-1,0.2102163616092672,0.20913990871983115,0.00689805381121702,267,0.46539956108580377,0.45453221592402704,0.041340767336085,0.8596474064517661,0.999993259821566,1.0
delta,18,lh.17Networks_5-2,0.2151900068110453,0.21567358415089752,0.00869153631812878,267,0.4683890828592668,0.4685061840487119,0.03806338281346824,0.7563882790868859,0.9999923953476036,1.0
delta,19,lh.17Networks_13-4,0.21102620444017323,0.21107070384784904,0.008030015986755379,267,0.47286605143506,0.46433815822010116,0.04160742905659777,0.847857885995798,0.9999931293255738,1.0
delta,20,lh.17Networks_13-5,0.2090919410125762,0.2073196900730687,0.0076435171438625545,267,0.4677734639148241,0.45806042621519233,0.04239990895906919,0.8508851653736113,0.9999923866736922,1.0
delta,21,lh.17Networks_13-8,0.20833746130896,0.20801183869205842,0.0064039989492137624,267,0.46970275313767057,0.46082823380812804,0.04121587849355012,0.8756512183063504,0.9999925985428133,1.0
delta,22,lh.17Networks_13-10,0.20794770906453502,0.20678232756167056,0.008555107529993451,267,0.4706412805610285,0.4622511341382697,0.04331971631961312,0.8503459818590962,0.9999927703655523,1.0
delta,23,lh.17Networks_13-12,0.20761442549898443,0.20500602272761334,0.00921147755073374,267,0.47045163364186465,0.4651471060607338,0.04014852744654953,0.8317040476200037,0.9999926323495357,1.0
delta,24,lh.17Networks_13-7,0.2083897724232124,0.20672818620663552,0.009230253454782688,267,0.47051084161090945,0.46354699588410375,0.04124774405745032,0.8397681947746718,0.9999922591112511,1.0
delta,25,lh.17Networks_13-11,0.20819140247856813,0.20613687815735207,0.009269470521817471,267,0.4691751514259755,0.46538975044179764,0.04008863123276719,0.8351197952889857,0.9999927043625583,1.0
delta,26,lh.17Networks_17-2,0.21133528221523137,0.20970627923826402,0.009687466210303376,267,0.4700437651837317,0.46515362865799714,0.04124530812097686,0.7806131291528126,0.9999925806747154,1.0
delta,27,lh.17Networks_17-5,0.2097620072811849,0.2099975962357745,0.007836678139091358,267,0.47204399735177777,0.4616580210820504,0.042373119855596456,0.8579075184617468,0.999993066236315,1.0
delta,28,lh.17Networks_17-1,0.21068999262280952,0.21064234045840033,0.007035966388022549,267,0.47134945909186954,0.4624346938690301,0.04190365675953289,0.8618186011632097,0.9999933865951212,1.0
delta,29,lh.17Networks_17-3,0.2094255856720988,0.20769337615674807,0.0074786792640045025,267,0.46729649292457787,0.46113037477411145,0.03863804717537217,0.855466372026196,0.9999920595442566,1.0
delta,30,lh.17Networks_17-11,0.2083238735502801,0.20736578613819054,0.006617825509370587,267,0.46732549419339364,0.4520089582089941,0.04361309668261774,0.8706796208777163,0.9999926996380514,1.0
delta,31,lh.17Networks_17-8,0.20876282638698465,0.20610798949780407,0.009530559691762476,267,0.47007316867701704,0.46638915107243656,0.040145623355366776,0.8248620740213944,0.999992533175937,1.0
delta,32,lh.17Networks_15-4,0.20819186540301113,0.20734782720726067,0.006897725142680009,267,0.4660319724561886,0.45905946462075253,0.04030879651497593,0.8729077806820335,0.9999927666079539,1.0
delta,33,lh.17Networks_15-1,0.20823033493625484,0.20805936720403953,0.0060820644175787406,267,0.4670396428556823,0.4591085546571638,0.041264821775929716,0.880612190094717,0.9999928846666633,1.0
delta,34,lh.17Networks_15-5,0.21010339502391925,0.20991465269821225,0.007259385283343487,267,0.4756668087765101,0.4698684700916586,0.042629060873099915,0.8604689722557595,0.9999930541182556,1.0
delta,35,lh.17Networks_1-2,0.21275420171457765,0.21131730558858647,0.008373668667150119,267,0.4710820675470412,0.4697071757577106,0.038671092172885266,0.7996566212935019,0.9999929518684437,1.0
delta,36,lh.17Networks_4-1,0.21138206593645373,0.2102761071050156,0.00951891367658139,267,0.46988288106751225,0.465784438690951,0.037042109324476546,0.8039193827860952,0.999992562152651,1.0
delta,37,lh.17Networks_9-2,0.2109394225588877,0.21050547453523447,0.006166721950143222,267,0.46715089761471573,0.45912465171764544,0.03966624458267796,0.8641514038113258,0.9999927527972969,1.0
delta,38,lh.17Networks_11-4,0.20921672526734225,0.20715863437870732,0.008592895724272338,267,0.474677698059091,0.4638627538431607,0.04514050342752228,0.8377655869521088,0.9999935137185973,1.0
delta,39,lh.17Networks_11-1,0.2115978222463632,0.21088515560106263,0.00839141237574414,267,0.46659081560189397,0.4604859557002339,0.03956066817967543,0.820653667083116,0.9999927418556472,1.0
delta,40,lh.17Networks_3-2,0.2140213875918458,0.212451803532502,0.011214350861725796,267,0.4711490286430447,0.4716022411987598,0.036301422062385014,0.6534782400810737,0.9999924768506848,1.0
delta,41,lh.17Networks_8-6,0.20869094611194838,0.20716476877144782,0.009020953819054522,267,0.4686027717208193,0.4611726961720593,0.04060569052186776,0.8370715991417512,0.9999933307027291,1.0
delta,42,lh.17Networks_8-10,0.2078121894217542,0.20526747238307672,0.009885571447440443,267,0.4715306432529626,0.4677612806852089,0.04048879263578457,0.816703842213846,0.9999925991086572,1.0
delta,43,lh.17Networks_8-8,0.20873369614530238,0.20800980550357986,0.007759648409098812,267,0.4720225793276693,0.4648493568324989,0.039892388655807874,0.864172498028408,0.9999924525491886,1.0
delta,44,lh.17Networks_8-4,0.20837764369480977,0.20682557727167647,0.007377367004348845,267,0.46741477967693645,0.46094559628490944,0.039470621882567745,0.8656436981109525,0.9999923442972647,1.0
delta,45,lh.17Networks_8-5,0.20889919595103026,0.2070547467943131,0.008151889909435104,267,0.46655215224033414,0.4614113080124754,0.038173445167368335,0.8462547038864204,0.9999923727430087,1.0
delta,46,lh.17Networks_8-9,0.2078408967102215,0.20656081915202193,0.006775832207873434,267,0.4700589579281131,0.4565707594166623,0.04507961014625568,0.8743250814499236,0.9999929772521211,1.0
delta,47,lh.17Networks_7-4,0.21231359177186404,0.21025866241628424,0.010733019566474171,267,0.4690137987015993,0.4659878790473561,0.03640122103533471,0.7202231080449901,0.9999931584063962,1.0
delta,48,lh.17Networks_7-8,0.20829995065491552,0.2057939794726649,0.00945277251137436,267,0.46977214400161976,0.46935051266839556,0.03736484824237749,0.8340196928177738,0.9999918834538142,1.0
delta,49,lh.17Networks_7-6,0.20939644385518205,0.20865709392980286,0.008338081199562771,267,0.47226215293388274,0.46664445436457197,0.03734074890853859,0.8526488330192155,0.99999281933714,1.0
delta,50,lh.17Networks_7-1,0.20864534696287773,0.20718589853875163,0.007707405178751357,267,0.46833704112157204,0.4625123520798973,0.03862851061499668,0.8629458061715456,0.9999922569137826,1.0
delta,51,lh.17Networks_14-3,0.20778312060498375,0.2048662649774562,0.009721375670051024,267,0.4736239246017817,0.46735997457148315,0.040712847455705456,0.8240894513349636,0.9999932235922779,1.0
delta,52,lh.17Networks_14-2,0.21093454213949822,0.21106029158710793,0.007864491970146088,267,0.46959538028692427,0.46167524162961737,0.04067087972016304,0.8462037969660017,0.9999929024555773,1.0
delta,53,rh.17Networks_2-2,0.21263931379627074,0.21168352700936816,0.008483035236748506,267,0.4720988844113329,0.4659516932348657,0.042127023735427496,0.8001249193084164,0.9999931386775877,1.0
delta,54,rh.17Networks_16-4,0.209938805801253,0.2089213454117606,0.00811837670270098,267,0.46966155187010233,0.4622226664401269,0.04058492083582708,0.8425382220494841,0.9999934664226919,1.0
delta,55,rh.17Networks_16-2,0.2100594545172701,0.2085915736758103,0.00764115141879964,267,0.4661304062084195,0.4579182307481474,0.04043493613955593,0.8468637758697076,0.9999923715984845,1.0
delta,56,rh.17Networks_16-6,0.21020971377279069,0.21016528278778926,0.007289219129801967,267,0.4706177404298811,0.46365331879585786,0.04295264832680231,0.8602502471661679,0.9999921121826542,1.0
delta,57,rh.17Networks_16-10,0.20799251221898876,0.20663244315504917,0.006665205134972843,267,0.4664294911979255,0.45233772508415643,0.042918319652982886,0.869173526165652,0.9999919690326817,1.0
delta,58,rh.17Networks_16-9,0.20798271138786562,0.2076303040425179,0.006147494981530421,267,0.4684801207207098,0.45568163445139137,0.042540063292251,0.8780171793345367,0.9999925203965683,1.0
delta,59,rh.17Networks_16-8,0.2090586207155802,0.2070261710772067,0.008948169042789101,267,0.4677976825780679,0.46431918517170756,0.03826410624845601,0.831769673857045,0.9999909754443034,1.0
delta,60,rh.FreeSurfer_Defined_Medial_Wall-2,0.2089775158544591,0.20870089359176794,0.006652126590994782,267,0.46706583549448655,0.46098975764851274,0.039872071258060145,0.8666450804255986,0.9999925569716255,1.0
delta,61,rh.FreeSurfer_Defined_Medial_Wall-4,0.20719785197665033,0.20675326510274894,0.006305580772615134,267,0.46670612666343625,0.45539672875088255,0.041316288794758176,0.8768646480688247,0.9999921538011166,1.0
delta,62,rh.17Networks_6-1,0.2147237576639011,0.21425905743497678,0.009937326328033024,267,0.46741099800392444,0.4686638549133103,0.034136726198241006,0.7129590496061486,0.9999922545842695,1.0
delta,63,rh.17Networks_6-4,0.2098274164150868,0.2073871515351204,0.010405260174094148,267,0.4709686611288041,0.47208562842041957,0.037257214181937004,0.7911367076808186,0.9999907457511213,1.0
delta,64,rh.17Networks_6-8,0.20827339302999587,0.2078498186735932,0.006643356836512737,267,0.46859841680377856,0.4573650495545885,0.04013420316668426,0.8762518563105813,0.999992334994288,1.0
delta,65,rh.17Networks_6-5,0.20831421241257336,0.20626750603144936,0.008488817128949565,267,0.4699495249048455,0.46479322756140745,0.03824659358640792,0.8501748363332396,0.9999913421207522,1.0
delta,66,rh.17Networks_12-4,0.21180806835927546,0.21200934371802002,0.008192941567391422,267,0.4720969342319815,0.4684577402570483,0.03992685093053797,0.8350192571561774,0.9999925605194934,1.0
delta,67,rh.17Networks_12-9,0.20801403112278152,0.20588855261620143,0.008532391318678225,267,0.4735512693706742,0.4609385064847739,0.04457487556227817,0.8514887256761564,0.9999933972450895,1.0
delta,68,rh.17Networks_12-8,0.20894708474710003,0.20611542102146305,0.009866699129804382,267,0.46934645198333197,0.4670537473766636,0.039396412622841354,0.8144480949527133,0.9999911609577601,1.0
delta,69,rh.17Networks_12-2,0.2097568057182522,0.20794755213421115,0.00877158269210736,267,0.46756869918595545,0.46163895603365407,0.03876683839005393,0.8298125031190867,0.9999918124696896,1.0
delta,70,rh.17Networks_12-6,0.20848267241159865,0.2081483212987847,0.006358242024402605,267,0.47232253997477275,0.46304625350109047,0.04119187130538386,0.8781205061154713,0.9999921863520665,1.0
delta,71,rh.17Networks_12-10,0.20835915543748798,0.20725633203138522,0.006285615040935565,267,0.46909336958652065,0.45506096681983765,0.04481510550408483,0.8727756690498619,0.999992396457039,1.0
delta,72,rh.17Networks_10-2,0.21064289138540143,0.20978283107313367,0.006634897389628057,267,0.466956329141426,0.4536408761882246,0.04267590795932532,0.85650508281727,0.9999927695645381,1.0
delta,73,rh.17Networks_5-3,0.2083078659354329,0.20581768079378016,0.009505497282064635,267,0.4697628375302937,0.4659069935522514,0.038127463283093195,0.8295109203616623,0.9999899621751023,1.0
delta,74,rh.17Networks_5-1,0.21560881952290742,0.21580909258959866,0.008918093028769405,267,0.469573181286527,0.46753104273861645,0.03842972843797715,0.7352678681192436,0.9999928473757222,1.0
delta,75,rh.17Networks_13-6,0.20922678445443293,0.2089093293475272,0.0066395214720018384,267,0.46951592561848454,0.45783605162115604,0.040770092378947555,0.8666672011484887,0.9999920356516137,1.0
delta,76,rh.17Networks_13-9,0.2085953022732672,0.20649007119495588,0.008612900039228228,267,0.47420612625728803,0.4667110595367879,0.04179585520966846,0.843950336324211,0.9999925552041142,1.0
delta,77,rh.17Networks_13-1,0.21014824661892,0.2080195564873376,0.009785706555412162,267,0.46963874030466835,0.46668665682566157,0.03819518599022625,0.801055318252852,0.9999909304079537,1.0
delta,78,rh.17Networks_13-3,0.2110067052988858,0.21102814425197794,0.007592454610233264,267,0.4711966928956673,0.4658325460212798,0.043021398231692355,0.8515415617203594,0.999992627130586,1.0
delta,79,rh.17Networks_13-2,0.2099600186091733,0.20809801970272293,0.007323386446815488,267,0.4668337707386809,0.4577065458732156,0.03793177353635631,0.8489856606014441,0.9999920544601576,1.0
delta,80,rh.17Networks_17-6,0.21089039019902778,0.20912109442947902,0.009119231860221289,267,0.4697412859578062,0.46596511893285514,0.03926760553442577,0.8061603411935317,0.999992263065481,1.0
delta,81,rh.17Networks_17-10,0.20811609595835007,0.207614420953529,0.006674894414824987,267,0.46732563968675733,0.45952384847059824,0.039741515636830864,0.8762059120597065,0.9999914028281428,1.0
delta,82,rh.17Networks_17-4,0.21117643630093103,0.2106938465444285,0.0071474577412245915,267,0.4660974055568216,0.45519734321237204,0.04054942901152441,0.8400344108299023,0.9999925043489168,1.0
delta,83,rh.17Networks_17-9,0.2073517755251755,0.20564148381792255,0.007251111984928231,267,0.46377370683905056,0.45519511519517036,0.03749383795451127,0.8727682391134636,0.9999911170951624,1.0
delta,84,rh.17Networks_17-7,0.20849174105947998,0.20745930658496295,0.006904041339975543,267,0.46526851293243116,0.45204931186953273,0.04026210298340273,0.862965292192315,0.9999916983143401,1.0
delta,85,rh.17Networks_15-3,0.2085157397856752,0.20828599059139571,0.007154890146087871,267,0.4695929966280511,0.4599723644608849,0.04061794784694022,0.8752521579040801,0.999992610047148,1.0
delta,86,rh.17Networks_15-2,0.2084532901179479,0.20788815912770583,0.0064085182696089205,267,0.46785682388667904,0.45574659649156785,0.040351719713213934,0.8704553179940445,0.9999923719105324,1.0
delta,87,rh.17Networks_15-6,0.20980919179830704,0.20972162374114564,0.007387984309690322,267,0.4716576095989515,0.46279634709186934,0.04120323001210518,0.8650835544407344,0.9999923116993823,1.0
delta,88,rh.17Networks_1-1,0.21351125179231686,0.2121041104585952,0.008508733691581422,267,0.4694003726087103,0.46791046909417855,0.03656845855111273,0.7713441551185581,0.9999930193006943,1.0
delta,89,rh.17Networks_4-2,0.21116820775413395,0.20957260155508342,0.008805467946021581,267,0.46791168531574123,0.4672039639583018,0.03499747300050651,0.8156235906776977,0.9999919943726931,1.0
delta,90,rh.17Networks_9-1,0.21061368844583403,0.2099387530268216,0.006606179194957892,267,0.46342109794035374,0.4537378436386543,0.038270859224733,0.852997114503262,0.9999920194655721,1.0
delta,91,rh.17Networks_11-3,0.20935803261055466,0.20739649239282887,0.008668878190204218,267,0.475200133633752,0.4617817819122532,0.04584785743383099,0.834980126224865,0.9999936438236854,1.0
delta,92,rh.17Networks_11-5,0.20884847876559406,0.2064478630691135,0.00902673496390484,267,0.47371941342853585,0.46390337229652695,0.04208228233187435,0.8305608831244048,0.9999933294035515,1.0
delta,93,rh.17Networks_11-2,0.2109993352167896,0.21019560573800608,0.008318590615709248,267,0.470651814642696,0.46226000430725744,0.04302566480916287,0.8258218786504847,0.9999933170515851,1.0
delta,94,rh.17Networks_3-1,0.21434312054537905,0.21344018720115604,0.011128245251643316,267,0.4693269237071566,0.4711244642941508,0.03509483929318581,0.6534568154591768,0.99999136376207,1.0
delta,95,rh.17Networks_3-3,0.20762035572412704,0.2066775105086031,0.007316723890079864,267,0.46901539184162094,0.46273002789174933,0.03971352968289732,0.8718893452248463,0.9999925428239874,1.0
delta,96,rh.17Networks_8-2,0.20966576119811112,0.20815863522642444,0.008352396185320866,267,0.4617991401405529,0.45694511930986426,0.037508806263319455,0.828609127189702,0.999992082284893,1.0
delta,97,rh.17Networks_8-3,0.2099810710096475,0.2076078154177931,0.009708229931737216,267,0.47251851495658564,0.46613257539746433,0.04164416093587943,0.807695558655799,0.9999928215709634,1.0
delta,98,rh.17Networks_8-11,0.20887286815378545,0.20700752098203334,0.008830202077920637,267,0.4723512787089082,0.46129457868052776,0.042734670307535604,0.8379938941578005,0.9999933215137095,1.0
delta,99,rh.17Networks_8-7,0.20959055519408454,0.20956137075871104,0.007350935686877977,267,0.46899060653540087,0.46315208857723206,0.039939248104629295,0.8618433155567815,0.9999918964701583,1.0
delta,100,rh.17Networks_8-1,0.20839877161320586,0.2068669884165335,0.0074869774702046345,267,0.46797073450737425,0.4581958406674383,0.03829956028910829,0.8604469167601531,0.9999918655641028,1.0
delta,101,rh.17Networks_7-3,0.21231854832026953,0.21006644630844573,0.010777173377695024,267,0.4696135008435091,0.4632317308824507,0.03976918614034705,0.7196707552650043,0.9999928271545581,1.0
delta,102,rh.17Networks_7-7,0.20876726584879304,0.2068158780781485,0.009295339531569385,267,0.47099803320142597,0.46899551615208235,0.039135777945440285,0.8268507945652518,0.999991200317718,1.0
delta,103,rh.17Networks_7-5,0.2099217545534572,0.2091566818584797,0.007685446839607171,267,0.469021174202499,0.46506846651202566,0.037741666630539336,0.8500877017458927,0.9999921238336291,1.0
delta,104,rh.17Networks_7-2,0.20838382590097979,0.20745751074440136,0.0073465779505037295,267,0.46664724996111195,0.46104525196975965,0.03813484304021504,0.865987830526703,0.9999915541767193,1.0
delta,105,rh.17Networks_14-1,0.21125205277327153,0.21101026564926528,0.007615304115960201,267,0.468973197752657,0.4646176384806804,0.039442985760153246,0.830359353156211,0.9999918672766189,1.0
delta,106,rh.17Networks_14-4,0.2072310547584985,0.20619892787025093,0.0068856897898249055,267,0.4624055507760643,0.45022190475062296,0.03921700001922988,0.874266449274781,0.9999908080230212,1.0
gammahigh,0,lh.17Networks_2-1,0.19195691428866096,0.18885950788303407,0.01872027718229686,267,0.5749149582638254,0.5813111873938643,0.024529809931881346,0.7944150521575066,0.9958005180585653,1.0
gammahigh,1,lh.17Networks_16-1,0.19277532818507354,0.18965218737560757,0.019681002687052526,267,0.5753321841615742,0.5819773401851918,0.02871797367102062,0.6224154573820299,0.9959435875602761,1.0
gammahigh,2,lh.17Networks_16-3,0.188663704665415,0.1811309048429152,0.021692994735732794,267,0.5763670478280237,0.5844041783288597,0.030205345605163112,0.378653881062899,0.9954999694418392,1.0
gammahigh,3,lh.17Networks_16-5,0.19028702878488263,0.18479046972196067,0.019723286961508248,267,0.5752345974974512,0.5804855842707335,0.02750783876706276,0.6388140312645435,0.9956541149033366,1.0
gammahigh,4,lh.17Networks_16-7,0.1922218237440556,0.18546370189433412,0.021013781819924755,267,0.5730373486588902,0.5827672482837095,0.03157195488142135,0.41843287145541,0.9959125071240109,1.0
gammahigh,5,lh.FreeSurfer_Defined_Medial_Wall-1,0.19960997182499585,0.1972730472944849,0.02403412806919573,267,0.5693882114907591,0.5800660349432237,0.03372396767146727,-0.5983220699541245,0.996403982148384,1.0
gammahigh,6,lh.FreeSurfer_Defined_Medial_Wall-3,0.20163769930033063,0.19910628505033826,0.02549430487792769,267,0.5612839819589046,0.576483700548434,0.03908657902965861,-1.0628719710770498,0.9965581007579392,1.0
gammahigh,7,lh.17Networks_6-2,0.19702323771071795,0.19289697550299256,0.021770066789391643,267,0.5722796026138733,0.5819914058659397,0.03281583993344348,-0.3656271661159123,0.996271813306307,1.0
gammahigh,8,lh.17Networks_6-3,0.19529191609886287,0.19254327846335045,0.020631574492890988,267,0.5720637379088185,0.5828210511490329,0.03527876857109356,0.3368380213629275,0.9962121602041534,1.0
gammahigh,9,lh.17Networks_6-7,0.1906350797340767,0.185169869055678,0.02068502987176656,267,0.5742432798347935,0.581534352526161,0.02940733162576071,0.622907838765301,0.9956586373024252,1.0
gammahigh,10,lh.17Networks_6-6,0.20078532617496714,0.19793954650345244,0.023654757854947233,267,0.5684281825454125,0.5802721147366601,0.0369693554507002,-0.7850744622001045,0.9965012469009659,1.0
gammahigh,11,lh.17Networks_12-11,0.18964199519947558,0.1838114956780265,0.019772616198706842,267,0.5763379006299644,0.5845378377784841,0.027601251527220136,0.626965574973247,0.9957222348379021,1.0
gammahigh,12,lh.17Networks_12-12,0.19285558719335333,0.18834356670633862,0.02043334185849683,267,0.574951458498928,0.5828762948056729,0.027978257643754497,0.5254214890333777,0.995977358348788,1.0
gammahigh,13,lh.17Networks_12-7,0.19318724317746508,0.18873560113778257,0.020222365114706597,267,0.5727614504229924,0.5820994727175997,0.032181659971125605,0.44990044124818307,0.9960335711198832,1.0
gammahigh,14,lh.17Networks_12-3,0.19364684683365332,0.18829836217464369,0.021349255318055066,267,0.5720721788018767,0.5821749836009232,0.03269017897799301,-0.05211277029883599,0.9959957212687147,1.0
gammahigh,15,lh.17Networks_12-1,0.20243826323372136,0.19944967300748231,0.023401020841907542,267,0.564675492467537,0.5782498167275041,0.0402783747677573,-1.3340073662601377,0.996682064423121,1.0
gammahigh,16,lh.17Networks_12-5,0.19474938784680954,0.19089875761613262,0.022518373912342304,267,0.5722868816791752,0.5815592182675271,0.03267485889694416,0.19887158763957047,0.9959841037268468,1.0
gammahigh,17,lh.17Networks_10-1,0.19588362375637514,0.18856558220448016,0.024662301485899884,267,0.571080294513959,0.5814604008526354,0.03352738998343239,-0.210383969494522,0.9960881677834303,1.0
gammahigh,18,lh.17Networks_5-2,0.19614090600433776,0.19267213421573698,0.02035157351845128,267,0.5731292164376645,0.579621023535864,0.026884643470490386,0.4243258091851623,0.9961849500519961,1.0
gammahigh,19,lh.17Networks_13-4,0.19220495835178086,0.18704944484932357,0.02115921076953361,267,0.5726481732608831,0.5820652536415204,0.03140313810576567,0.16650507042428062,0.9958449720600593,1.0
gammahigh,20,lh.17Networks_13-5,0.19505968015499714,0.1877848343671299,0.0240139612150835,267,0.57291403755462,0.5817038079945822,0.03164447381520944,-0.5055663273638795,0.9960222307096919,1.0
gammahigh,21,lh.17Networks_13-8,0.19771483459399383,0.19491647414487245,0.023163036571588493,267,0.5707421691852533,0.5799616957838019,0.034641140399037616,-0.37291341379515686,0.996199909330522,1.0
gammahigh,22,lh.17Networks_13-10,0.1883049544572225,0.18144505925074914,0.020165586812398707,267,0.5772397184273272,0.5841816718790347,0.027148175159277387,0.6584927490633874,0.9955732059978424,1.0
gammahigh,23,lh.17Networks_13-12,0.19076746717640572,0.1848757061397672,0.01988473383093921,267,0.5748294968298215,0.5836762115103047,0.03085134299810251,0.5476194340479962,0.9958292269353796,1.0
gammahigh,24,lh.17Networks_13-7,0.19829111912848923,0.194643447214658,0.022222592959969253,267,0.5665929177313808,0.5791215931039203,0.036950623490278806,-0.15690872369533035,0.9963672648434173,1.0
gammahigh,25,lh.17Networks_13-11,0.19452220735565068,0.18980010589131194,0.020603767132087093,267,0.5706092161930238,0.5812430685577814,0.03341254331883149,0.33133173489961365,0.9961267010507336,1.0
gammahigh,26,lh.17Networks_17-2,0.19085642341256864,0.182336750355576,0.020921815274550715,267,0.5756874614187996,0.5839609184538547,0.03116103988638157,0.5038202484042379,0.9957894099332766,1.0
gammahigh,27,lh.17Networks_17-5,0.19163147792798674,0.18503027136900596,0.02161641843656735,267,0.5732821371232414,0.5809904712292818,0.03208713293964577,0.3343508176521822,0.995754284211844,1.0
gammahigh,28,lh.17Networks_17-1,0.2043706355425628,0.20417443306956257,0.02410767103189906,267,0.5631967673658773,0.5754210264516677,0.039694317251499495,-2.02204405565541,0.9967597656378683,1.0
gammahigh,29,lh.17Networks_17-3,0.20334049114907202,0.2014084709900538,0.02482664788443698,267,0.5604446792319684,0.5753553271633702,0.04149207276109768,-1.9565510926226135,0.9967108966254217,1.0
gammahigh,30,lh.17Networks_17-11,0.18737588886387957,0.17992108736985676,0.02154719428349596,267,0.576982849228744,0.5841243163722405,0.028021219115815506,0.5193806991260443,0.9953663424368387,1.0
gammahigh,31,lh.17Networks_17-8,0.19740185649086278,0.19409344265774348,0.021335721767642223,267,0.5672699366536416,0.5799165395863434,0.038126279228257155,0.05056262524825694,0.9963351151928199,1.0
gammahigh,32,lh.17Networks_15-4,0.1903599942059329,0.18467297643457317,0.01935508474871745,267,0.5733374299224973,0.582237141937867,0.029769867393255912,0.6993950903769414,0.9956788241315916,1.0
gammahigh,33,lh.17Networks_15-1,0.19785108804195142,0.1946261965929643,0.023579393403688136,267,0.570662415470615,0.5807990027290006,0.03185441858593908,-0.17807937658616435,0.9962523772268923,1.0
gammahigh,34,lh.17Networks_15-5,0.18813986005264915,0.18286335708410925,0.018190689913732395,267,0.5753741437544524,0.5821853796743509,0.0266709939053759,0.8372208183957889,0.9954635872460699,1.0
gammahigh,35,lh.17Networks_1-2,0.19349683741250695,0.1890121574249667,0.019315741005140052,267,0.573705235947114,0.581514041437961,0.027954932215314355,0.7654233086081282,0.9959163108546714,1.0
gammahigh,36,lh.17Networks_4-1,0.2015371437689694,0.1996909326317209,0.023625061163288864,267,0.5665218010736871,0.5786506556976704,0.03729527227649424,-1.6761373023508175,0.9965547587441399,1.0
gammahigh,37,lh.17Networks_9-2,0.20463097839038666,0.2057834669768794,0.025490302474210247,267,0.5610713554868832,0.5764020827405119,0.04081351912608906,-1.7357260164624118,0.9967898540767284,1.0
gammahigh,38,lh.17Networks_11-4,0.19415485594368934,0.19075045253975725,0.020723712613310404,267,0.5741026783015654,0.5829422816304082,0.031051040637427585,0.4913642477819778,0.9960800474116468,1.0
gammahigh,39,lh.17Networks_11-1,0.19027432032993072,0.1855665800282402,0.018258970730942393,267,0.5775327123284908,0.5827808091863036,0.02278281482659844,0.7806267749940077,0.9956986956991952,1.0
gammahigh,40,lh.17Networks_3-2,0.19622868940614638,0.19280056495769482,0.020915051848256577,267,0.5757626568051858,0.5826987130195631,0.028949750242162578,0.15597662875471613,0.9962573621959566,1.0
gammahigh,41,lh.17Networks_8-6,0.1913121856891809,0.1855674336862585,0.02044937713873685,267,0.5755762887947025,0.5823044188327116,0.02733667323463481,0.5440483568525292,0.9958431145285345,1.0
gammahigh,42,lh.17Networks_8-10,0.18957142910993818,0.1853284572564846,0.019362034112671473,267,0.5774359621707327,0.5848056327970425,0.02793021411110462,0.5919974440070219,0.9957366357641924,1.0
gammahigh,43,lh.17Networks_8-8,0.19261277017052705,0.18603677270510502,0.022334934443245802,267,0.5717246951711351,0.5815523274493112,0.03617432462224553,-0.4136270279392101,0.9958401092941026,1.0
gammahigh,44,lh.17Networks_8-4,0.20199640840293137,0.198487975213112,0.02481471175113574,267,0.5629417711256254,0.5771245166801471,0.03932247582062027,-1.449764350389455,0.9966035477382684,1.0
gammahigh,45,lh.17Networks_8-5,0.19382518057757167,0.18579556303904024,0.022824806962638257,267,0.5694737702087753,0.5823120690686805,0.03840071785090884,-0.1276088175310858,0.9959738981259453,1.0
gammahigh,46,lh.17Networks_8-9,0.19593732810109482,0.1891085096702486,0.024476904545368966,267,0.5675363368185442,0.5804440674932165,0.0376667915854774,-0.3521682709359539,0.9960827928054115,1.0
gammahigh,47,lh.17Networks_7-4,0.19529771044111788,0.1939327191761186,0.02014384624710001,267,0.5774067086565118,0.5836147051806989,0.027161297117672335,0.4089968900284983,0.9962105283987815,1.0
gammahigh,48,lh.17Networks_7-8,0.19685765560003954,0.19403468528987688,0.021998573621129155,267,0.570549014146792,0.579883752382065,0.03606160070135747,0.039326577931830295,0.9962844577897125,1.0
gammahigh,49,lh.17Networks_7-6,0.1956162050569769,0.18983283027450334,0.02293701587129432,267,0.5726067867613097,0.5814604529062171,0.03367773442798561,-0.965336249024429,0.9960739283775756,1.0
gammahigh,50,lh.17Networks_7-1,0.202442334683096,0.20061537444374064,0.024809802502902812,267,0.5628539292327045,0.5766909374459152,0.04092656748373293,-1.5496404660775733,0.9966148506358262,1.0
gammahigh,51,lh.17Networks_14-3,0.18869516520686871,0.18382132689278355,0.0189206428102204,267,0.578816724326389,0.5856533918115714,0.025559753462097354,0.661635591120854,0.9956517367381393,1.0
gammahigh,52,lh.17Networks_14-2,0.1996565129659198,0.19649601885064055,0.023365208628456615,267,0.5678330154571579,0.5797964891849002,0.03757474170316701,-1.1647920032704902,0.996401481248662,1.0
gammahigh,53,rh.17Networks_2-2,0.19182399415929616,0.18852417345873768,0.018886724763228637,267,0.5778424037345495,0.582865244647295,0.023028290963623542,0.7932665863989732,0.9957837939547719,1.0
gammahigh,54,rh.17Networks_16-4,0.19226553118040673,0.1871388059441123,0.01958447954570076,267,0.5764023715525338,0.5833962165155814,0.026632843978682996,0.6753781687705492,0.995890247479046,1.0
gammahigh,55,rh.17Networks_16-2,0.18791881103927255,0.17947498004031537,0.020989319066922356,267,0.5790986434690446,0.5847061776241811,0.024471929518174045,0.5980833720001482,0.9954381520060475,1.0
gammahigh,56,rh.17Networks_16-6,0.18936013261463394,0.18388357866964417,0.019398805498629088,267,0.5757229504790475,0.5829571927565824,0.02791909122133194,0.6978375398735015,0.9956116798448102,1.0
gammahigh,57,rh.17Networks_16-10,0.1954919411574882,0.18933544076938333,0.024731987284249572,267,0.5700760209520873,0.580725444140138,0.03603060177408011,0.1136158576455739,0.9961200788267434,1.0
gammahigh,58,rh.17Networks_16-9,0.20131852492999405,0.20066103203243685,0.024555220658025748,267,0.566632369203607,0.5782534033555974,0.036785542148737804,-0.4743639188090297,0.9965531309927136,1.0
gammahigh,59,rh.17Networks_16-8,0.18973244800778888,0.1825275642920328,0.020710047836732033,267,0.5764477468504204,0.5836472094286569,0.027103212699601104,0.6554747922903322,0.9957187424776556,1.0
gammahigh,60,rh.FreeSurfer_Defined_Medial_Wall-2,0.19841485440550852,0.1952225130973919,0.024059707025212332,267,0.5698656034417596,0.5793108960250716,0.03431652741644378,-0.020104491169519057,0.9963447811657743,1.0
gammahigh,61,rh.FreeSurfer_Defined_Medial_Wall-4,0.1994559080769951,0.1964924902266276,0.025776747317010705,267,0.5637360871058358,0.5777800559059665,0.03900285228218175,-0.1243433211581887,0.9964379712487386,1.0
gammahigh,62,rh.17Networks_6-1,0.19651497908142096,0.19245677231460623,0.02092671375442663,267,0.5730693953251473,0.5801150087358788,0.030956092905665946,0.12500339775203206,0.9962493278118802,1.0
gammahigh,63,rh.17Networks_6-4,0.19301775570936514,0.1885909957385284,0.019830319456117216,267,0.5735700833092048,0.5811750790907613,0.031312835958969484,0.5284999154622597,0.9960697343346563,1.0
gammahigh,64,rh.17Networks_6-8,0.1905304038102771,0.1844503633001752,0.020592671648395396,267,0.5746128751225758,0.5822723116932507,0.02963049407222038,0.590407916898227,0.9956467002311964,1.0
gammahigh,65,rh.17Networks_6-5,0.19880543052192917,0.19553429963983118,0.02452518574464688,267,0.5666920411869666,0.5783471863300761,0.03601581758202917,-0.13432919409176658,0.9964006710283269,1.0
gammahigh,66,rh.17Networks_12-4,0.19211646141430042,0.1867269300336122,0.019835347077512423,267,0.575433923430061,0.5822981838046023,0.029322332678152638,0.5264533863151283,0.9958878500894508,1.0
gammahigh,67,rh.17Networks_12-9,0.19283161270533897,0.18867469625327843,0.020448803051324516,267,0.5734539148655854,0.5835709109698312,0.03307530490971548,0.5486022067991332,0.9959878141576498,1.0
gammahigh,68,rh.17Networks_12-8,0.1925879866504539,0.1878178859943582,0.019943363894004442,267,0.5739045040541628,0.581505293689818,0.030046116782098654,0.5423058348211719,0.9960386660771348,1.0
gammahigh,69,rh.17Networks_12-2,0.1990261963491548,0.19632655175020503,0.023630446200995765,267,0.5655934225636172,0.5773389146548977,0.038078071056670264,-0.05750039406321812,0.9964799241302098,1.0
gammahigh,70,rh.17Networks_12-6,0.1941994936101757,0.18778833432024916,0.02192623955012707,267,0.5753953018986819,0.5827470777150916,0.02850657424168896,0.46066317008573054,0.9959062381181926,1.0
gammahigh,71,rh.17Networks_12-10,0.19249572881341925,0.18437294006960886,0.02372844075895115,267,0.5743039635975283,0.5809664038703872,0.029861107633297926,0.3949219887373006,0.9958259898520205,1.0
gammahigh,72,rh.17Networks_10-2,0.1952382317129013,0.18953779952816807,0.024429213904536572,267,0.5725973066681348,0.5797369041330556,0.030591693391005106,0.2780704513884764,0.9960653949986954,1.0
gammahigh,73,rh.17Networks_5-3,0.1936160967663473,0.18848407595491223,0.02026400155995035,267,0.5729051899194183,0.5805432635930956,0.030858587301562435,0.49076097662821616,0.9960967712112162,1.0
gammahigh,74,rh.17Networks_5-1,0.19567326618948025,0.19361882396364674,0.01994864837375788,267,0.5734190071292502,0.5804065500355037,0.0283271207778404,0.5844832405176107,0.9961580695064338,1.0
gammahigh,75,rh.17Networks_13-6,0.19878606288237965,0.19731981686709052,0.023017709357555483,267,0.5707035960206629,0.5798200540266862,0.032847060766990045,-0.01559906387407806,0.9962763878166512,1.0
gammahigh,76,rh.17Networks_13-9,0.18773416040955973,0.18006234835512785,0.01993901852850801,267,0.5783692501989909,0.5839893383782521,0.024828209094475674,0.680077973706326,0.9955049716212021,1.0
gammahigh,77,rh.17Networks_13-1,0.19549185193526614,0.19045539622491733,0.021549736909869256,267,0.5712536803408726,0.5805074569546527,0.03381681811781618,0.4068265603052289,0.9962638106893515,1.0
gammahigh,78,rh.17Networks_13-3,0.1901198846697632,0.1848683829649144,0.019411446375194735,267,0.574865909786514,0.5833651425545977,0.02879045203939757,0.5808887636530603,0.9956965501694577,1.0
gammahigh,79,rh.17Networks_13-2,0.19164925473528685,0.1834256875441977,0.02237871173686888,267,0.5749868112057881,0.5829751087444885,0.02742629371792289,0.44015377452040644,0.9957409185126201,1.0
gammahigh,80,rh.17Networks_17-6,0.1884194291348688,0.18030735761704805,0.020362139147695312,267,0.5759629089206876,0.5835610081511861,0.027463902238354397,0.6221520254108903,0.9955440264788257,1.0
gammahigh,81,rh.17Networks_17-10,0.18867632551392616,0.18179490181814986,0.01991058077751208,267,0.5755454929368173,0.5840106488268159,0.029301215179844912,0.6000395559462675,0.9955471379708203,1.0
gammahigh,82,rh.17Networks_17-4,0.20344025198075436,0.20356365387179778,0.024524278005799878,267,0.5641523803988063,0.5767598032237897,0.0354678335376693,-0.6520699326233002,0.9967384053694591,1.0
gammahigh,83,rh.17Networks_17-9,0.19907889596171557,0.19693993235930585,0.024660625059379715,267,0.5660113633867438,0.5793562939749647,0.03963436114519345,-0.11555290824272743,0.996417586701859,1.0
gammahigh,84,rh.17Networks_17-7,0.19846949264120703,0.19476675614317115,0.025451139527102578,267,0.5654227895909218,0.5791320292365666,0.03945712164039747,-0.1757631973867084,0.996362927680653,1.0
gammahigh,85,rh.17Networks_15-3,0.190046596904757,0.18452444246151728,0.019630390980956494,267,0.5768731310719744,0.5836105171843553,0.026654803151539896,0.7092637406026422,0.9956680840863437,1.0
gammahigh,86,rh.17Networks_15-2,0.19669691630593736,0.19199759652762577,0.023500664417828263,267,0.5714106199904134,0.5800615116321024,0.03286872806017401,0.20225717006327862,0.9961926076759385,1.0
gammahigh,87,rh.17Networks_15-6,0.18794987433013588,0.18356036925746474,0.018180300506185326,267,0.5778318960974917,0.5837713252495483,0.02585771600698855,0.7989273697201829,0.9954626234345951,1.0
gammahigh,88,rh.17Networks_1-1,0.1927744963584154,0.18885530400882955,0.019316623984389405,267,0.5811989342216117,0.583515849141803,0.019488180338693612,0.7973508720349095,0.995844954874011,1.0
gammahigh,89,rh.17Networks_4-2,0.20041012275145717,0.19733438500888126,0.024213461281790076,267,0.5668854981179403,0.5766762617041541,0.034819615385083574,-0.39461149399810264,0.9965170868722453,1.0
gammahigh,90,rh.17Networks_9-1,0.20258172497843976,0.20212463782657583,0.025526996141582804,267,0.5620238750863458,0.5765562101561522,0.04076233031494049,-0.47813523182477885,0.9966718370090202,1.0
gammahigh,91,rh.17Networks_11-3,0.19407550961653167,0.19120335548760012,0.020474336319907586,267,0.5743084716311087,0.5826342623106399,0.029876440430252213,0.5101530497516894,0.9960696752390332,1.0
gammahigh,92,rh.17Networks_11-5,0.19224729230713608,0.18790535986195356,0.019918236906341213,267,0.5758873165551504,0.5847678744494115,0.029156804283368785,0.57252021728992,0.9959241395457877,1.0
gammahigh,93,rh.17Networks_11-2,0.1901481142312393,0.18647165443927438,0.018148229554214322,267,0.5772338889603927,0.5833420822609302,0.02466804478752853,0.8103792581281495,0.9956930014944154,1.0
gammahigh,94,rh.17Networks_3-1,0.19553150910713263,0.1915822583546889,0.020365096686172684,267,0.574291147836577,0.5812272717572669,0.030364738427540883,0.4169211652263383,0.9962154529800997,1.0
gammahigh,95,rh.17Networks_3-3,0.19360385318347045,0.1872209106033793,0.02227285754048469,267,0.5733974808821057,0.5793468953979033,0.02804942038117662,0.1783045965253973,0.9959399864722956,1.0
gammahigh,96,rh.17Networks_8-2,0.19323541945389777,0.18650391520472373,0.022956311225276128,267,0.5752349166581222,0.581507383717365,0.029248762649516303,0.40010762478888334,0.9959606073463299,1.0
gammahigh,97,rh.17Networks_8-3,0.19116891796075786,0.1855531399731631,0.020008894438552596,267,0.5758742306158864,0.5834400957505936,0.028467254100689326,0.6015227658596329,0.9958556605010686,1.0
gammahigh,98,rh.17Networks_8-11,0.19191591182436546,0.1862383458982308,0.01986514972611792,267,0.5756017361446797,0.5836869165922083,0.028803752871376976,0.5997866998878569,0.9958813850769381,1.0
gammahigh,99,rh.17Networks_8-7,0.19083152846487927,0.18296890618875258,0.02078224889905089,267,0.5749710545759666,0.5833986389700788,0.030161403111220786,0.3678897370925147,0.9957283907272926,1.0
gammahigh,100,rh.17Networks_8-1,0.20005643774260415,0.19941292197521446,0.02512288061993239,267,0.5631006286922963,0.5771145144539048,0.0408734544897506,-0.22744177770475854,0.9964981301116096,1.0
gammahigh,101,rh.17Networks_7-3,0.19443533280337874,0.19136417829874738,0.019886899820953503,267,0.5751348754960729,0.5833728172929683,0.02861962654714329,0.5189218896979265,0.9961444793385451,1.0
gammahigh,102,rh.17Networks_7-7,0.19616308561222268,0.1909383884652682,0.022127998033731507,267,0.5691352236457111,0.5793748334591555,0.033797330329334685,0.1899798583596898,0.9962392430451424,1.0
gammahigh,103,rh.17Networks_7-5,0.19396729367991275,0.18572865693125704,0.022206079345921968,267,0.5739634669519522,0.5804110202982377,0.02986409639120212,0.028208385925064847,0.9959628824018335,1.0
gammahigh,104,rh.17Networks_7-2,0.20098497436105,0.19898021012654812,0.025491784098099518,267,0.5635308831739096,0.5771372688110576,0.039927504744094136,-0.38096423956493086,0.9965704701233941,1.0
gammahigh,105,rh.17Networks_14-1,0.19970869974107197,0.19608469541001172,0.023285148523078204,267,0.5694843855486792,0.5789390042105113,0.0341336744279783,-0.2551786799432793,0.9964476286930655,1.0
gammahigh,106,rh.17Networks_14-4,0.1985518991747424,0.19570144250430555,0.02456245605120195,267,0.5647946040002142,0.5791112315037145,0.04386534199520586,-0.004144236066958946,0.9963458066387458,1.0
gammalow,0,lh.17Networks_2-1,0.19201212674600937,0.19205439551043824,0.011957994018118692,267,0.6079644738696831,0.6093903423746949,0.015374578816271212,0.9376533390425804,0.9980021692111893,1.0
gammalow,1,lh.17Networks_16-1,0.19376037673376953,0.19360478156247155,0.012501485831177283,267,0.6064712141740609,0.6092293524896188,0.019048287271073574,0.9229064648164468,0.9980001676082062,1.0
gammalow,2,lh.17Networks_16-3,0.1801692627267409,0.17734073442393836,0.010598263614398959,267,0.618946461576128,0.6194825083286095,0.011160652813424552,0.9342796602090379,0.9973010443511955,1.0
gammalow,3,lh.17Networks_16-5,0.19049400253331275,0.19011417457643906,0.011384142624573162,267,0.6098948675214746,0.6109545985612976,0.01120141776501082,0.9337767788580618,0.9979554892639076,1.0
gammalow,4,lh.17Networks_16-7,0.18623052437257212,0.18271278713515549,0.012494735445218529,267,0.6138581772931636,0.6155703517001307,0.016232019076223313,0.9204598336083374,0.9976511207648089,1.0
gammalow,5,lh.FreeSurfer_Defined_Medial_Wall-1,0.18622235730752001,0.18363446594207053,0.01217440443929957,267,0.612638968866182,0.6151345385704674,0.017949401503197134,0.926933189862534,0.9976137703676493,1.0
gammalow,6,lh.FreeSurfer_Defined_Medial_Wall-3,0.18538899135465534,0.18142876032205163,0.01415142367972596,267,0.6156449713324924,0.6164848643863787,0.014034116297477004,0.8880545684257887,0.9975550803681117,1.0
gammalow,7,lh.17Networks_6-2,0.2055290325383055,0.20668914889567946,0.014084466766631446,267,0.5981318157714426,0.603726625388672,0.029978159385025224,0.7439700497563234,0.9985322858878337,1.0
gammalow,8,lh.17Networks_6-3,0.20017325686779955,0.19915651775129453,0.014349370699707577,267,0.6024670664191097,0.6079930515223243,0.027138243764848146,0.8204250551545208,0.9983229555018667,1.0
gammalow,9,lh.17Networks_6-7,0.18475986187074775,0.18358989521507205,0.009415992111658488,267,0.613906201875805,0.613572636099862,0.010130773701886215,0.9399978188221224,0.9976520894839523,1.0
gammalow,10,lh.17Networks_6-6,0.19276273554737952,0.19084106877163368,0.013798104104005584,267,0.6117384963812107,0.6127146163177701,0.015353942908385107,0.8686197055865936,0.9979659656883029,1.0
gammalow,11,lh.17Networks_12-11,0.1882333555913932,0.1855088185674535,0.013033877564808505,267,0.611680136033658,0.6129939452200521,0.013853902581472032,0.923647301065445,0.9977238854767861,1.0
gammalow,12,lh.17Networks_12-12,0.19021421999344357,0.18800720794071116,0.012603597545256928,267,0.6110252963877811,0.6127291611322522,0.01597882245815502,0.9220066001050354,0.9978164341840847,1.0
gammalow,13,lh.17Networks_12-7,0.19256640057369945,0.1897143169452074,0.013755138111595625,267,0.6102378553360395,0.6132412140151319,0.017470783577229358,0.8942547790598939,0.9979736561881152,1.0
gammalow,14,lh.17Networks_12-3,0.19945788727098004,0.1995566898443246,0.012704507678426343,267,0.6021269178995278,0.6043791746280588,0.019738601018064753,0.8935601155043169,0.9983072725530392,1.0
gammalow,15,lh.17Networks_12-1,0.1921717697980834,0.1901295172260866,0.013772382896123531,267,0.6114913498053912,0.6125469025346023,0.016607928532422364,0.887384566092029,0.9979263740560801,1.0
gammalow,16,lh.17Networks_12-5,0.18454408084282678,0.18257594857535311,0.01005677837080857,267,0.614248979322842,0.615218085172501,0.009729401582485957,0.9413264833448999,0.997599376754286,1.0
gammalow,17,lh.17Networks_10-1,0.181418171728891,0.1779330814715282,0.012530508108801556,267,0.618976921350595,0.6199526589663916,0.013465100870179166,0.9135723339893727,0.9973502502337659,1.0
gammalow,18,lh.17Networks_5-2,0.1978001899327829,0.19886312469153314,0.012749781050264006,267,0.6050173451482501,0.6063445468777899,0.015312647642418627,0.9092819908925371,0.9982453768088216,1.0
gammalow,19,lh.17Networks_13-4,0.19566681384330745,0.19555737118302932,0.012353509607769587,267,0.605946712785361,0.6073143715746515,0.016476212533815978,0.9143681094145083,0.9981544526345144,1.0
gammalow,20,lh.17Networks_13-5,0.18225050683568672,0.17874855407459117,0.012354094909847103,267,0.617684495214356,0.6185002965533573,0.012636087825368247,0.9212234578561372,0.9974054028329074,1.0
gammalow,21,lh.17Networks_13-8,0.18489220080018925,0.18257410362730425,0.01082430865462285,267,0.6145385883037969,0.6153083952189506,0.010305935885205323,0.9403282809897654,0.9975893325687074,1.0
gammalow,22,lh.17Networks_13-10,0.1852031351792038,0.1822624162792962,0.012151739375482756,267,0.6139620198647574,0.6148624592031366,0.013251987878760463,0.9278621489538318,0.9975626199030082,1.0
gammalow,23,lh.17Networks_13-12,0.19000031186886399,0.18748725310060363,0.013371721653620258,267,0.6105808656418187,0.6129340776759018,0.01962149872589024,0.9107633595722819,0.9978349133848188,1.0
gammalow,24,lh.17Networks_13-7,0.189543830871804,0.18697076488557055,0.013283267946898528,267,0.6124399166586217,0.6137305739606403,0.016199024633467764,0.8995771605345654,0.9978283314982377,1.0
gammalow,25,lh.17Networks_13-11,0.19198657424534657,0.1888431589951555,0.013797616111046119,267,0.6117191814548584,0.6134876258147683,0.013561869694169648,0.8919435088078904,0.9979500567799797,1.0
gammalow,26,lh.17Networks_17-2,0.1889564959628535,0.18640424245117537,0.013569361200755687,267,0.6135067810633608,0.6139966825974834,0.013738817413659734,0.9147909087901311,0.9977361150467786,1.0
gammalow,27,lh.17Networks_17-5,0.19005513374926117,0.19035176600485285,0.01125905186733738,267,0.610712923352223,0.6116098036041901,0.012417493576517483,0.9348692545910814,0.9979015905817321,1.0
gammalow,28,lh.17Networks_17-1,0.18985638864244198,0.18664144783669542,0.013791190613057691,267,0.612618873588472,0.6141220728833852,0.015350044710389912,0.8923447579120234,0.997798293024985,1.0
gammalow,29,lh.17Networks_17-3,0.18848041305269853,0.18553967977925095,0.014225324918452135,267,0.6117357916031628,0.6147792632629459,0.021043075342928864,0.8795303359230929,0.9977217516070144,1.0
gammalow,30,lh.17Networks_17-11,0.17701706710491646,0.17489214784560098,0.00977410303132265,267,0.6217499091394492,0.6217083742379615,0.00847433583662235,0.9351925388652059,0.9971437733317924,1.0
gammalow,31,lh.17Networks_17-8,0.19328588628230262,0.19056586205542772,0.013688470131267992,267,0.6107871882296402,0.6120106050872459,0.015649670620323408,0.8822720058541013,0.9980073177522661,1.0
gammalow,32,lh.17Networks_15-4,0.1870403336792184,0.18729822273265878,0.010197773266670753,267,0.6117420255228827,0.6122752427361119,0.00978795659965317,0.941778583589532,0.9977330539689837,1.0
gammalow,33,lh.17Networks_15-1,0.18506026157795807,0.18260095156159206,0.011123032126409124,267,0.6132894664423968,0.6150668510741648,0.016492430255823778,0.938248442532091,0.997569827830373,1.0
gammalow,34,lh.17Networks_15-5,0.18830489328274763,0.18768556695127897,0.010831086262103827,267,0.6106541787040459,0.6117329735406971,0.01160604636763007,0.9379578029850836,0.9978695358192576,1.0
gammalow,35,lh.17Networks_1-2,0.1909666656828814,0.1901966762910393,0.011635587759320016,267,0.6092282107844175,0.6099953872401189,0.01254307161305414,0.9341969365462917,0.9980355864224094,1.0
gammalow,36,lh.17Networks_4-1,0.19673267317113646,0.19508088798603182,0.01383720154377398,267,0.6079086457645949,0.6101871693376699,0.019959865877026448,0.8630630608016326,0.9981298896693669,1.0
gammalow,37,lh.17Networks_9-2,0.18870157743757632,0.1846900653878104,0.015391511684578458,267,0.6149354753725926,0.6156208606753142,0.014034639192794582,0.8419287861916169,0.9977040265319708,1.0
gammalow,38,lh.17Networks_11-4,0.1928950736453497,0.19145872641835465,0.012645682775210056,267,0.6097218207519782,0.6110570396400116,0.012803465230991056,0.9204628925966016,0.9979308365154214,1.0
gammalow,39,lh.17Networks_11-1,0.19488335152426722,0.1952311188645758,0.012938585995738624,267,0.6047049428517488,0.6071556149467172,0.017775033334149076,0.9141944828578872,0.9980672532053483,1.0
gammalow,40,lh.17Networks_3-2,0.20831501222227336,0.20896663487534892,0.014790232170697252,267,0.5931702123482326,0.602083055135281,0.034764143090793585,0.5798251905136992,0.9986507126685789,1.0
gammalow,41,lh.17Networks_8-6,0.1886379652332496,0.18560484371727912,0.012934330858923053,267,0.6121529652566202,0.613014234621424,0.014719353249706676,0.9198182214686648,0.9977338022969345,1.0
gammalow,42,lh.17Networks_8-10,0.19298682967416594,0.1908628908646972,0.01405039670229735,267,0.6060971388841624,0.6121478808494787,0.024996458721088282,0.9010015684134337,0.9979649433405391,1.0
gammalow,43,lh.17Networks_8-8,0.194698534289132,0.19422120202908297,0.012344274159148476,267,0.6043222899154557,0.6083991585569203,0.022041094148428086,0.9183506477311567,0.9980808077384441,1.0
gammalow,44,lh.17Networks_8-4,0.18697441404359177,0.18369202048757816,0.013507248295208768,267,0.612233063967991,0.6152546212774892,0.019153414282806605,0.8889193040510976,0.9976531184274443,1.0
gammalow,45,lh.17Networks_8-5,0.18403467464148682,0.18065623440155223,0.011872768790661655,267,0.6160291874616023,0.6175707316523568,0.014844449216824668,0.9260229983281493,0.9975244259029298,1.0
gammalow,46,lh.17Networks_8-9,0.181270159904202,0.17738539459695574,0.012297263310591267,267,0.6177513400779078,0.6192630679558299,0.014279695383761228,0.9148461932853327,0.9973547917658435,1.0
gammalow,47,lh.17Networks_7-4,0.20042567038743908,0.1986155406903727,0.014711310630043767,267,0.6063099891126168,0.6092708818538355,0.02087977587753099,0.791703065310662,0.9982721122466093,1.0
gammalow,48,lh.17Networks_7-8,0.1977652319621721,0.19705865857694121,0.013597233851460997,267,0.6054334428165357,0.6089733680209045,0.021725284455150616,0.8600890135419542,0.9982023149717216,1.0
gammalow,49,lh.17Networks_7-6,0.19374333359770596,0.19279608217130412,0.012552381973200008,267,0.6068027245810989,0.610201608687908,0.02055989046050327,0.9153721731497756,0.9980220616636031,1.0
gammalow,50,lh.17Networks_7-1,0.18833169142413023,0.18546541705262568,0.013833465239413048,267,0.6137433995857788,0.6152147745136194,0.014592457175846051,0.8772486021003474,0.9977151430448479,1.0
gammalow,51,lh.17Networks_14-3,0.19172889241828175,0.18990158746746186,0.013848012665131403,267,0.6088540108710224,0.6127117352989963,0.019391503386575113,0.9154953850647446,0.9978794463863124,1.0
gammalow,52,lh.17Networks_14-2,0.1910064203614835,0.18864934014825965,0.011950476278538003,267,0.6107940579726986,0.6129513631482555,0.01459699324866781,0.9273708845945802,0.9979024426411839,1.0
gammalow,53,rh.17Networks_2-2,0.19188715253899213,0.19136316357164157,0.011896167432047527,267,0.6077679485692792,0.6101169973080667,0.017831020961588513,0.9364671189731654,0.9980039188483993,1.0
gammalow,54,rh.17Networks_16-4,0.19208454200097239,0.19200877461166702,0.011497289564914841,267,0.6077295645485894,0.6087288288236823,0.018114657591230855,0.9377631623560426,0.9979307262788076,1.0
gammalow,55,rh.17Networks_16-2,0.18025100864015867,0.17755521222688386,0.010419155678754033,267,0.6178877639520701,0.6188775963382426,0.011627417036644574,0.9400917690653302,0.9972990726565515,1.0
gammalow,56,rh.17Networks_16-6,0.19004174657208797,0.18951044115341736,0.010362943264599387,267,0.6095160695140734,0.6108066209128148,0.011985814202522519,0.9378303137702944,0.9979374627474348,1.0
gammalow,57,rh.17Networks_16-10,0.18187184683056154,0.17897361961272268,0.0122753671942687,267,0.6175053175142053,0.6179504639497945,0.011559141668199067,0.9145558257586683,0.9973893711462023,1.0
gammalow,58,rh.17Networks_16-9,0.18588343039369543,0.18185018570674755,0.013500507567244142,267,0.6149987281455327,0.6166986957205962,0.015088262540093943,0.9147673719045238,0.9975912534711592,1.0
gammalow,59,rh.17Networks_16-8,0.18591695226154423,0.18301967886346643,0.012801338850061387,267,0.614511719958354,0.6160466158680052,0.013923860381616507,0.9293038705843062,0.997619271065574,1.0
gammalow,60,rh.FreeSurfer_Defined_Medial_Wall-2,0.18493866834516481,0.18233326271866063,0.011572529043663135,267,0.6138692681685047,0.6156074531587981,0.016567665116852953,0.9287698127291381,0.997559990186583,1.0
gammalow,61,rh.FreeSurfer_Defined_Medial_Wall-4,0.1839906300875987,0.1805404399527919,0.014322167104909325,267,0.6153948940734404,0.617347645455957,0.017563923945101825,0.8970150237646118,0.9975138734087702,1.0
gammalow,62,rh.17Networks_6-1,0.20586688490420277,0.20587960423077062,0.013525190194062866,267,0.5976626615591352,0.6032182852134855,0.02677766886282573,0.753632080455143,0.9985496880206794,1.0
gammalow,63,rh.17Networks_6-4,0.20026207445082544,0.20041214661496617,0.014655188021806027,267,0.603503234664433,0.607774800199739,0.024065909258000975,0.8363464619487999,0.9983265924214263,1.0
gammalow,64,rh.17Networks_6-8,0.18485087121299473,0.1837535462846665,0.009192356808628573,267,0.6131492187434493,0.6140049359094716,0.012626100587232951,0.9375160916951405,0.9976593492604124,1.0
gammalow,65,rh.17Networks_6-5,0.1911944637901249,0.18855243801006866,0.014573253237892209,267,0.6106329694973615,0.6136914779484914,0.01985072248008534,0.8839188887556948,0.9978923247111761,1.0
gammalow,66,rh.17Networks_12-4,0.1984964353989801,0.19859032814636177,0.012089353817888017,267,0.6019064238825456,0.6055713252197604,0.02173893944260332,0.9006307683889938,0.9982831311806721,1.0
gammalow,67,rh.17Networks_12-9,0.19048753440942603,0.1885638049309828,0.012647796818802168,267,0.6116145566130838,0.6128807219788077,0.013519073962276742,0.9215944522274079,0.9978257212014056,1.0
gammalow,68,rh.17Networks_12-8,0.19515643347553627,0.19420742695572518,0.014187305195734858,267,0.6090691798861689,0.6116801489250083,0.018855436975812163,0.8778500006281387,0.9980883760006145,1.0
gammalow,69,rh.17Networks_12-2,0.1908926767682683,0.18812561037187484,0.014495603782929386,267,0.6118071948853575,0.6140735917253812,0.017704723491397244,0.889131812270979,0.9978733341703449,1.0
gammalow,70,rh.17Networks_12-6,0.18423451018838605,0.18224402617600335,0.009758422085147501,267,0.6143131446327986,0.6151941784287561,0.012290866926280496,0.9394658327521296,0.997594803742458,1.0
gammalow,71,rh.17Networks_12-10,0.17969819263932618,0.17666543668512782,0.011138056714202592,267,0.6199033427301958,0.6200513439734054,0.008772898137458355,0.9270692161237173,0.9972629792999734,1.0
gammalow,72,rh.17Networks_10-2,0.18151404461559317,0.17813830882957568,0.012143972134887902,267,0.6195765617897924,0.6202015579551057,0.008951476197939913,0.9202115857136983,0.9973423864555528,1.0
gammalow,73,rh.17Networks_5-3,0.19683887561282493,0.19621107763376333,0.014107810496823773,267,0.6070937365057403,0.6097032986782456,0.019718711748662913,0.8794307188024488,0.9981688019225915,1.0
gammalow,74,rh.17Networks_5-1,0.19809237476000394,0.19834683608247902,0.012497043852625903,267,0.6058322126463755,0.6069552559674868,0.014710927107057044,0.9144132336805723,0.9982551555680214,1.0
gammalow,75,rh.17Networks_13-6,0.1853768645487503,0.18311987902977325,0.010857858661130046,267,0.6143165636912171,0.6149084392505181,0.014542073789025103,0.938454747824435,0.9976073062302485,1.0
gammalow,76,rh.17Networks_13-9,0.18498993344526465,0.18204386168837686,0.012263280433423344,267,0.6143372277630639,0.6162516741391715,0.011769831915314796,0.9313668196121282,0.9975427228657759,1.0
gammalow,77,rh.17Networks_13-1,0.1925908407724733,0.1895600451643002,0.014318038023631957,267,0.6123146671515108,0.6136974845062941,0.015240181882260012,0.8959841920871346,0.9979605183499126,1.0
gammalow,78,rh.17Networks_13-3,0.1940423956028118,0.19452350033475485,0.011625940545775867,267,0.606443593569315,0.608494460328657,0.014555196797849322,0.9230574885981091,0.9981065256770245,1.0
gammalow,79,rh.17Networks_13-2,0.18057077717650358,0.17749323507414727,0.011099950632473434,267,0.6181347999070547,0.6186983253123717,0.008878164362420478,0.9345335993868085,0.9973151354461035,1.0
gammalow,80,rh.17Networks_17-6,0.18621738033542146,0.1825412334911743,0.012958014113896627,267,0.6153386656989904,0.616766635328484,0.010198303024747769,0.9275430021801009,0.9975947831319266,1.0
gammalow,81,rh.17Networks_17-10,0.18889389508862123,0.18786746489969536,0.010225460516771654,267,0.6094166841344949,0.6113441752434097,0.014950638707757325,0.9370241881390486,0.9978537073535073,1.0
gammalow,82,rh.17Networks_17-4,0.1890194968268888,0.18620882770249567,0.013706495536394683,267,0.6139366393505127,0.6151827406045535,0.016245607208106156,0.9090023617628336,0.9977553342788265,1.0
gammalow,83,rh.17Networks_17-9,0.18711279073041012,0.18325888307456745,0.014839977160678308,267,0.6124656558168287,0.6149800062255024,0.020346683859592842,0.8895794702011095,0.997672446747824,1.0
gammalow,84,rh.17Networks_17-7,0.18414343768461472,0.18050986251505763,0.013644350675397175,267,0.6156681643941205,0.6170280360848488,0.014773368099949408,0.9018322376933864,0.9975042150799899,1.0
gammalow,85,rh.17Networks_15-3,0.18694178285339716,0.18649785869993388,0.009972249508001869,267,0.6121175134374572,0.6125518807968289,0.010420111238728765,0.9418480684069969,0.9977369992526594,1.0
gammalow,86,rh.17Networks_15-2,0.1841578260629318,0.1818592126121478,0.010590307247146243,267,0.6130594870633822,0.6151211986400883,0.017871922617234692,0.935984022132177,0.9975320140350962,1.0
gammalow,87,rh.17Networks_15-6,0.18809638704585147,0.18752058474529937,0.010061611468063841,267,0.6101616579392648,0.6112249939444931,0.011330053271457164,0.9387265326850357,0.9978654387004908,1.0
gammalow,88,rh.17Networks_1-1,0.1914301058935564,0.19019866863442333,0.011290445153881362,267,0.6088035693708581,0.6112222729370925,0.017697655896907773,0.9337907337913162,0.9980580826536947,1.0
gammalow,89,rh.17Networks_4-2,0.19509674893819082,0.1941993086485848,0.013829816117940597,267,0.6097222565243731,0.6107240482102897,0.014922458520645093,0.8882137099118378,0.9980605566877468,1.0
gammalow,90,rh.17Networks_9-1,0.18708540115331543,0.18361217421968123,0.014940244945598754,267,0.6151156713871169,0.6176587119108693,0.01836088312168457,0.8888089056547678,0.9976345600843859,1.0
gammalow,91,rh.17Networks_11-3,0.19285282276701673,0.19161960306247655,0.012655841861999861,267,0.6097462160790584,0.6107455509116446,0.011666823833281865,0.923185670946872,0.9979323637066674,1.0
gammalow,92,rh.17Networks_11-5,0.19383731743213362,0.19167545244813894,0.013379135013090243,267,0.6085486460771549,0.6104504022693509,0.01285546922770642,0.9090265025147857,0.9979867680447408,1.0
gammalow,93,rh.17Networks_11-2,0.1936438304689116,0.19421395760360566,0.011935260574165423,267,0.6065912002185033,0.6073856691542081,0.01581852235972353,0.933750633676572,0.9980120876399418,1.0
gammalow,94,rh.17Networks_3-1,0.207855124077406,0.20679619682555214,0.014641732580225324,267,0.5968220312235586,0.6037276986423328,0.02879814764363711,0.6242882114462381,0.9986233712577304,1.0
gammalow,95,rh.17Networks_3-3,0.18893944761783174,0.18786588041283211,0.011310228486643672,267,0.6109490319218075,0.6110800822280886,0.013482404987607876,0.9367193242577294,0.9977824115772127,1.0
gammalow,96,rh.17Networks_8-2,0.18461936209310004,0.18238633495219952,0.012271861295270036,267,0.6150852473470855,0.6156666599726677,0.011661376538921618,0.928556677509656,0.9975369274371051,1.0
gammalow,97,rh.17Networks_8-3,0.19129215665247368,0.18900839874929862,0.014024903641794057,267,0.6117126189559122,0.6133004901369896,0.01380932051888555,0.9118455448730499,0.997848072772893,1.0
gammalow,98,rh.17Networks_8-11,0.19346261156990266,0.19197596455360227,0.012957254952068885,267,0.6081808655280189,0.6098622422598379,0.014009609037198903,0.9195560608666753,0.997973796549252,1.0
gammalow,99,rh.17Networks_8-7,0.1948178690040128,0.19455093997647302,0.011702196760786304,267,0.604577509008683,0.607625573561917,0.021457841382858764,0.9251716354444814,0.9981163597971262,1.0
gammalow,100,rh.17Networks_8-1,0.18679310812450017,0.1841194141192636,0.01454542717433504,267,0.6127822259326072,0.6151313691615696,0.021652727518566627,0.8960961445384298,0.9976643055476991,1.0
gammalow,101,rh.17Networks_7-3,0.19928845953947988,0.19775658016006295,0.014779003248810705,267,0.6072815528501121,0.6102097513773806,0.016052800992193035,0.8279519437422015,0.99821457995106,1.0
gammalow,102,rh.17Networks_7-7,0.1966259585905083,0.1957915700899455,0.013983994316645857,267,0.6073929428474418,0.610069518457833,0.021616252515619813,0.8668041476139728,0.9981498978343838,1.0
gammalow,103,rh.17Networks_7-5,0.19448701243905042,0.1939346186299031,0.012190474138625534,267,0.6069478431196611,0.6090082455624107,0.017577473491639045,0.9218956187860569,0.9980627407855165,1.0
gammalow,104,rh.17Networks_7-2,0.18755823847697378,0.1847483735695887,0.014513484277282478,267,0.6135612639796197,0.6154218679569023,0.018392314158998762,0.8909056903326682,0.9977003162835603,1.0
gammalow,105,rh.17Networks_14-1,0.1900780529306684,0.18864229848891034,0.011582873486930713,267,0.6111016435981501,0.6131318064747884,0.01597250293597278,0.9306765240445267,0.9978545763061408,1.0
gammalow,106,rh.17Networks_14-4,0.1844826018962027,0.18094481231193488,0.013697684229533777,267,0.6152219551627606,0.6169177102246235,0.016626056289744597,0.9061652997179435,0.9975384923474543,1.0
gammamid,0,lh.17Networks_2-1,0.18695523047222629,0.1844611005799011,0.012201821827160552,267,0.5828876377676849,0.5860699832011559,0.01714933706299014,0.9373220121296906,0.9963273160702524,1.0
gammamid,1,lh.17Networks_16-1,0.18742217317060997,0.18363067669333225,0.013153073474046262,267,0.5838581165485237,0.58739873351212,0.01819969036792936,0.9034729741310217,0.996462815111772,1.0
gammamid,2,lh.17Networks_16-3,0.185281050578977,0.17991059740992993,0.014750742290347854,267,0.585019276861928,0.5884845209916894,0.020434427843793138,0.8752747524058229,0.9961187753311938,1.0
gammamid,3,lh.17Networks_16-5,0.1855875722798983,0.18211350015917901,0.012795458785461525,267,0.5836523384170429,0.5883947758640775,0.020851268996246862,0.9005237556741554,0.9962993559101873,1.0
gammamid,4,lh.17Networks_16-7,0.18828516482669996,0.1837559725595312,0.01464524229098108,267,0.5821307390581285,0.5883064630625612,0.02518814501902804,0.859504096596829,0.9965547107712394,1.0
gammamid,5,lh.FreeSurfer_Defined_Medial_Wall-1,0.1921324752501953,0.18532772863088318,0.019723591634825403,267,0.5788584329776119,0.5857278504826903,0.028391950105690872,0.5223144680029557,0.9966623027736528,1.0
gammamid,6,lh.FreeSurfer_Defined_Medial_Wall-3,0.19419873282115824,0.1863423490542353,0.02110720185136352,267,0.5742310883159101,0.5859849533754651,0.035314498330098316,0.3954966918727975,0.9967753410747343,1.0
gammamid,7,lh.17Networks_6-2,0.19375862560299686,0.19036507393651458,0.015169619620898139,267,0.5761836542191038,0.5833646244236067,0.0284631457139084,0.7958897089671124,0.9969684708490246,1.0
gammamid,8,lh.17Networks_6-3,0.19224586492765555,0.1887147909545765,0.014575028648836507,267,0.5810318721596732,0.585111088556205,0.02478243952658308,0.7957976172585904,0.9970353535163401,1.0
gammamid,9,lh.17Networks_6-7,0.18520326975102466,0.1798501131438449,0.014182195186441142,267,0.5830303505544188,0.5882155811817064,0.021019573087830982,0.9046214269567517,0.9962185113672423,1.0
gammamid,10,lh.17Networks_6-6,0.1942368213066591,0.18897480880550221,0.018702899263978272,267,0.5742453656535742,0.5850181283248335,0.03373361428630481,0.47069659156997046,0.9969381251206405,1.0
gammamid,11,lh.17Networks_12-11,0.1870003826775476,0.18327856072600204,0.013139396528091972,267,0.5828375615823892,0.5876991155481395,0.022089118737171433,0.88218280260533,0.9965631884851426,1.0
gammamid,12,lh.17Networks_12-12,0.18858272225988237,0.18470310590589903,0.014199386249683197,267,0.5829752042002672,0.5866545150220277,0.020831724570217317,0.8316182028991138,0.9966832786918524,1.0
gammamid,13,lh.17Networks_12-7,0.1896885160938231,0.1860640484955959,0.01400731222502271,267,0.5808178244540401,0.5874020444060152,0.026971831390078662,0.8397105660206254,0.996806692595906,1.0
gammamid,14,lh.17Networks_12-3,0.19004940518072877,0.18565323041865353,0.014593982094035783,267,0.580210010512425,0.5856174502253136,0.0261216833270235,0.8195675115399799,0.9966924864646346,1.0
gammamid,15,lh.17Networks_12-1,0.19611505345596159,0.19222069007576043,0.018441286172536247,267,0.5746735662671457,0.5848506538905298,0.031815679361956756,0.4340288806599426,0.997032375905904,1.0
gammamid,16,lh.17Networks_12-5,0.1884392539660503,0.18269369886939668,0.016844295505402923,267,0.5831433545562512,0.5891908229465925,0.022405468662151765,0.8027232951411314,0.9964055485120713,1.0
gammamid,17,lh.17Networks_10-1,0.19013601414272324,0.1834608649950651,0.018627663575570254,267,0.5819058762465871,0.5880531221876268,0.027305885231956404,0.706234223206292,0.9964351847677346,1.0
gammamid,18,lh.17Networks_5-2,0.19047015723261904,0.18745219694802365,0.013666167958647623,267,0.5814641831692018,0.5858003935792915,0.022094533814965484,0.8832084506307505,0.9966217315778338,1.0
gammamid,19,lh.17Networks_13-4,0.18830880615659756,0.18366908665825685,0.014453384784278208,267,0.5822223163870738,0.5865400186999994,0.023861891012722476,0.8418250857220467,0.9965411208623663,1.0
gammamid,20,lh.17Networks_13-5,0.18994148911094247,0.1837694593242894,0.018043631140295214,267,0.5799824646639014,0.5872885198745552,0.029283160288977424,0.6929446473107411,0.9964519341344167,1.0
gammamid,21,lh.17Networks_13-8,0.19056796516388466,0.1837811175305699,0.01824230371465503,267,0.5804346760787108,0.5873645947997533,0.027431359730346046,0.6885486076069285,0.9965342204138565,1.0
gammamid,22,lh.17Networks_13-10,0.18589737550504448,0.18261672823109687,0.013552299741012436,267,0.5829091190744771,0.5881864720360263,0.02438046296751846,0.8860206110427666,0.9963901558937688,1.0
gammamid,23,lh.17Networks_13-12,0.18805718450122935,0.1847980594861518,0.013306367350569916,267,0.5816945968567319,0.5875496844544957,0.025722221680978638,0.8739035603192469,0.9966581558358779,1.0
gammamid,24,lh.17Networks_13-7,0.1923068131770922,0.1882484464179015,0.016695537411019565,267,0.5777588336384816,0.5847488502194185,0.027641144703306544,0.6829286451731167,0.9968400562754732,1.0
gammamid,25,lh.17Networks_13-11,0.19019303429482196,0.18636434655674358,0.014574795939422125,267,0.5806035887951064,0.5869237308128591,0.026364680289189025,0.8215091383879276,0.9968177124172849,1.0
gammamid,26,lh.17Networks_17-2,0.1893100581858236,0.1867399655903775,0.014276306513974034,267,0.5811387139435553,0.5877912158749565,0.025379652349665018,0.8705337339469075,0.9965778319342434,1.0
gammamid,27,lh.17Networks_17-5,0.1872616046661664,0.18224227172215102,0.014889271548331197,267,0.5812584155110246,0.5865970325107732,0.023157730302244425,0.8775845208207462,0.996427103727868,1.0
gammamid,28,lh.17Networks_17-1,0.19666709840762647,0.19051640870079675,0.020380755059951707,267,0.5729498807043445,0.583740493136536,0.03373428586723854,0.1737874699591574,0.9969511689270119,1.0
gammamid,29,lh.17Networks_17-3,0.19656636250750537,0.19181863854950118,0.020587596170124796,267,0.5753383654431855,0.5842339916052984,0.03169897721744399,0.22835643026096858,0.9969672265660566,1.0
gammamid,30,lh.17Networks_17-11,0.1833280052242478,0.17798126083132584,0.014810470132313238,267,0.5854128542284964,0.5895117929177521,0.022318488880582594,0.8823871064610298,0.9959560293998894,1.0
gammamid,31,lh.17Networks_17-8,0.19196602686504083,0.18771107643963145,0.015681753299628585,267,0.580027480610515,0.5857070766024648,0.025586508761266086,0.7445204957328765,0.9969123417913381,1.0
gammamid,32,lh.17Networks_15-4,0.18513009753675017,0.1814914856992096,0.013332261608628496,267,0.5845795284259085,0.5872744331995537,0.017522709587974243,0.9100984222720324,0.9962388974295735,1.0
gammamid,33,lh.17Networks_15-1,0.1905876743618763,0.1834727509974622,0.018932204619211145,267,0.5781569453986815,0.586001842659097,0.030428845878342894,0.671270562985041,0.9965559088956093,1.0
gammamid,34,lh.17Networks_15-5,0.18364545723407738,0.18100202278456215,0.011221410869510144,267,0.5836220542224622,0.5882408219744276,0.021187541629746336,0.9390213114929988,0.9961318633681951,1.0
gammamid,35,lh.17Networks_1-2,0.188184706320249,0.18433890992432717,0.01299984448150306,267,0.5836399437065221,0.5871360874173852,0.017695914460527932,0.9365186968215845,0.9964132774215175,1.0
gammamid,36,lh.17Networks_4-1,0.1956782085527394,0.19154231833787605,0.018816232952006358,267,0.5743105417320831,0.5849019025565582,0.03389358286448646,0.41646822598946287,0.9970021803783428,1.0
gammamid,37,lh.17Networks_9-2,0.1977196618006167,0.19173386051196678,0.02188549607080084,267,0.5726407613770212,0.5847644529368657,0.03442905989410711,0.12611838489471774,0.9969802474298789,1.0
gammamid,38,lh.17Networks_11-4,0.18925551467520865,0.18482399168134497,0.014506667301030661,267,0.581165017889577,0.5854037332532739,0.023582635088046446,0.8651864443515687,0.9966745112720473,1.0
gammamid,39,lh.17Networks_11-1,0.18531670904648828,0.1824080760816217,0.011118068067057531,267,0.5831992536580345,0.5868844358486449,0.018916697203313522,0.9362444985746421,0.9962963946311398,1.0
gammamid,40,lh.17Networks_3-2,0.19486191649016585,0.19265266357863017,0.014378980829591458,267,0.576759735852812,0.5836766681266885,0.025852319179648694,0.821108025201057,0.9971545931706478,1.0
gammamid,41,lh.17Networks_8-6,0.18819428041488895,0.18469358235174826,0.014097302521324434,267,0.5827551046977144,0.5879920543594105,0.02310826975587825,0.8571974188845775,0.9965856244256278,1.0
gammamid,42,lh.17Networks_8-10,0.1876701242915119,0.18486407290635343,0.012453556560655598,267,0.5832735165670232,0.5881645717152285,0.020673795042027782,0.8869425699917121,0.9966771816369534,1.0
gammamid,43,lh.17Networks_8-8,0.18864270422789903,0.18428489598330877,0.01602132739707253,267,0.5790927972507646,0.5865089796870286,0.02673907407930265,0.7910267671331855,0.9965669626184819,1.0
gammamid,44,lh.17Networks_8-4,0.19461617418150737,0.18881335694115822,0.020187595120007822,267,0.575883578274341,0.5857872713462863,0.03210750331339412,0.3367462996908976,0.9968552314522408,1.0
gammamid,45,lh.17Networks_8-5,0.18929624785711843,0.1844742125937336,0.016500727757166208,267,0.5798461947777043,0.5866081236708093,0.027014085811341695,0.7811607585242668,0.9964889095937405,1.0
gammamid,46,lh.17Networks_8-9,0.18997127551778692,0.18338927614540657,0.018480543061638682,267,0.5808653732643883,0.5869506723549389,0.026134431571754532,0.7064911192757919,0.9964443696867638,1.0
gammamid,47,lh.17Networks_7-4,0.19262951104043904,0.18921928271086058,0.014101709115558256,267,0.5807857900824744,0.5848940645476255,0.023125062016502582,0.8341020004333962,0.9969687179257098,1.0
gammamid,48,lh.17Networks_7-8,0.1924129678056481,0.18796867489973937,0.015905102355335,267,0.5766454217996329,0.5852107449929392,0.03133322313623267,0.6927656478192625,0.9969689424135421,1.0
gammamid,49,lh.17Networks_7-6,0.19053221269963358,0.1845804790197263,0.01708175216208632,267,0.578117901314948,0.5865229380226904,0.029092953715809333,0.7296078024571347,0.996669822249477,1.0
gammamid,50,lh.17Networks_7-1,0.19487303210457546,0.18886189049257884,0.02035746550843189,267,0.5731264349571129,0.5850853425050999,0.03442089408186029,0.32976311459916746,0.9968622927246442,1.0
gammamid,51,lh.17Networks_14-3,0.18693078669834987,0.18424532314003314,0.012379748548239982,267,0.5842869057521403,0.5871007353746653,0.01999195947744559,0.8958796827772446,0.9966126740012434,1.0
gammamid,52,lh.17Networks_14-2,0.19272601896277133,0.18727093280602708,0.01841508547177653,267,0.5782545858455942,0.5859027730476633,0.02900009878471802,0.5821580265169143,0.9967640759286002,1.0
gammamid,53,rh.17Networks_2-2,0.18671307531483425,0.18391677363350964,0.012152243833293143,267,0.583306550665119,0.5863901145347035,0.018491251903551786,0.9377900369816348,0.9963209512064829,1.0
gammamid,54,rh.17Networks_16-4,0.18650514196091894,0.18289524302555615,0.012854645707144983,267,0.5833202457621156,0.587012292266974,0.019782939856061717,0.9073449124081087,0.996395360812715,1.0
gammamid,55,rh.17Networks_16-2,0.18456549373062292,0.17994906844428976,0.014074573971454063,267,0.5863901018061244,0.5889118439302512,0.01804474955678251,0.8889928080107133,0.9960810080587122,1.0
gammamid,56,rh.17Networks_16-6,0.1855692078524184,0.1812702136012482,0.013168809823155974,267,0.583244665615045,0.5881464512086529,0.019900350098900548,0.9147650702457011,0.9963210274108517,1.0
gammamid,57,rh.17Networks_16-10,0.19018474672697774,0.1838647960186488,0.018814961881919945,267,0.5788360408364462,0.5862709657427473,0.028813197032658968,0.7687473787594505,0.9964916924298083,1.0
gammamid,58,rh.17Networks_16-9,0.19373177755101206,0.18773484221694223,0.020863764998104047,267,0.5784714479527279,0.5845967747057197,0.027747570302074278,0.43609828448247495,0.9967200505336065,1.0
gammamid,59,rh.17Networks_16-8,0.1868354650415188,0.18286176320912859,0.014394060900064119,267,0.5847114138344421,0.5888282857030682,0.021555468493870786,0.8593730083064014,0.9964629142128749,1.0
gammamid,60,rh.FreeSurfer_Defined_Medial_Wall-2,0.19145622985305877,0.1848756467218054,0.019589041785097495,267,0.5804448674580258,0.5859032684038755,0.024761823606176805,0.7109000774481882,0.9966135589517408,1.0
gammamid,61,rh.FreeSurfer_Defined_Medial_Wall-4,0.19241124519643232,0.18449585788626938,0.021609164624588225,267,0.5790646939687886,0.5859108754154663,0.030061880671948208,0.541172775874552,0.9966666519228653,1.0
gammamid,62,rh.17Networks_6-1,0.19344563475097706,0.18973809306130707,0.01483672359551829,267,0.5788145382818302,0.5844689960682802,0.02521595686300907,0.8205586677277372,0.9969548684990082,1.0
gammamid,63,rh.17Networks_6-4,0.19107824880794738,0.18881201906725822,0.013630663916527036,267,0.5829750211742684,0.5863177418021389,0.020831476698557876,0.8367757598835946,0.9969752598076548,1.0
gammamid,64,rh.17Networks_6-8,0.18547807535204172,0.18031310355263502,0.014419105558014133,267,0.5804074512925145,0.5864819906327207,0.02416147917964418,0.9085261393195194,0.9962338594519853,1.0
gammamid,65,rh.17Networks_6-5,0.1928423540677543,0.18865226789133627,0.019798602842058775,267,0.5775542481527838,0.5874640200716792,0.03133821436581604,0.4652940618725844,0.9968236262008258,1.0
gammamid,66,rh.17Networks_12-4,0.18820344386367835,0.18431865334718628,0.013544457647901367,267,0.5824038583483597,0.5880623696259883,0.021716963431088105,0.8948841651488282,0.996600145499579,1.0
gammamid,67,rh.17Networks_12-9,0.18867149214055443,0.1844832720302476,0.014302555968295619,267,0.582472333160029,0.5875034753628833,0.02188876561933081,0.8280012012324321,0.9966932564301255,1.0
gammamid,68,rh.17Networks_12-8,0.19017039998941482,0.18669222895991372,0.014146750281426234,267,0.5816809427994598,0.5867231214118794,0.02540348305442613,0.819477092911976,0.9968667684922387,1.0
gammamid,69,rh.17Networks_12-2,0.19383018835871366,0.18994877177289324,0.01958851534200461,267,0.5783629911360824,0.58666491232729,0.03205312145613845,0.5118327725805493,0.9969042839574369,1.0
gammamid,70,rh.17Networks_12-6,0.18787554750424665,0.18223381083293852,0.0162184691971701,267,0.5786861469494775,0.5853825535483622,0.025708240135313695,0.8685770310646167,0.996341702465639,1.0
gammamid,71,rh.17Networks_12-10,0.1873695893014855,0.1820699658090257,0.016928472721618015,267,0.5816509144494609,0.5886245357455013,0.02649219761415963,0.8378393987368984,0.9962628608241161,1.0
gammamid,72,rh.17Networks_10-2,0.18989851515818035,0.18323625643766486,0.018123963902474942,267,0.581374553077945,0.5871141833961073,0.026303497226547245,0.7771007034304885,0.9964287031594223,1.0
gammamid,73,rh.17Networks_5-3,0.19088303795174585,0.1870680809977729,0.014617936167325832,267,0.5801121026640583,0.5866043111769097,0.026763633480355178,0.7873604000226307,0.9969091110377399,1.0
gammamid,74,rh.17Networks_5-1,0.18969238327842544,0.18548880086266367,0.013495663038664991,267,0.5824236086016318,0.5859146139733904,0.01955853910899588,0.9002969028360658,0.9965999966366021,1.0
gammamid,75,rh.17Networks_13-6,0.19117946145909406,0.18524109596882024,0.01848809349552208,267,0.5787968475395048,0.5850299118923054,0.024844700160252305,0.7052089304330541,0.9965555251201931,1.0
gammamid,76,rh.17Networks_13-9,0.18537349147157728,0.18166310358428228,0.013363595504287772,267,0.584888557937991,0.5888854304180027,0.02166456960535244,0.8787643918116718,0.9963489200279093,1.0
gammamid,77,rh.17Networks_13-1,0.19207612156167791,0.18645492979767816,0.016503467660683904,267,0.5809290435784917,0.5864900586057256,0.02730036591214692,0.7545632271774255,0.9968875228793288,1.0
gammamid,78,rh.17Networks_13-3,0.18606138390475183,0.18216670896904175,0.01342331191616682,267,0.5835853609875962,0.5882387235780747,0.020846649901557147,0.8960485270860873,0.996404915466054,1.0
gammamid,79,rh.17Networks_13-2,0.18743755034887943,0.18275484459511837,0.01601090804192579,267,0.5830452250741592,0.5884314953298608,0.023212804856219654,0.8405535830811752,0.9962613440180081,1.0
gammamid,80,rh.17Networks_17-6,0.1867865500766838,0.18275171843795213,0.013883851453845854,267,0.5837102498561968,0.588924997794442,0.02267479487351056,0.8508809488131973,0.9963803708345942,1.0
gammamid,81,rh.17Networks_17-10,0.18494114855986596,0.1809176646525206,0.01355998564526058,267,0.5844692638249769,0.5881728208620343,0.019435563515809346,0.9085579888956569,0.9963016655780962,1.0
gammamid,82,rh.17Networks_17-4,0.19603703521781063,0.1902579478538155,0.02100270648538887,267,0.5788498055961565,0.5845140769621875,0.02613976959630346,0.38066061419304476,0.9969026759723579,1.0
gammamid,83,rh.17Networks_17-9,0.19297395508947243,0.18766806633196523,0.020943764619950508,267,0.5788494414814844,0.5864919102642212,0.029020851714571663,0.49354697383268004,0.9967511006127818,1.0
gammamid,84,rh.17Networks_17-7,0.1929365384000177,0.18633784677257606,0.020364763909174854,267,0.5764687109879799,0.5862811639449146,0.0320972353651606,0.6412235960158766,0.9966807401832416,1.0
gammamid,85,rh.17Networks_15-3,0.18473387324693763,0.1809626978954394,0.013285395650683336,267,0.5836361293230208,0.5877876198461883,0.019906932430820583,0.9184461556724488,0.9962373254159785,1.0
gammamid,86,rh.17Networks_15-2,0.19013696920014939,0.1838025092170728,0.018645488272151102,267,0.581731533443512,0.5865266111427052,0.023045306085328433,0.7876839123567931,0.9965196630315845,1.0
gammamid,87,rh.17Networks_15-6,0.18418653823442477,0.18126659627411898,0.011684985806392765,267,0.584340220244266,0.5877810927708816,0.017936675779937645,0.9331044529839181,0.9961798539758469,1.0
gammamid,88,rh.17Networks_1-1,0.18795211280682264,0.18468676084917424,0.012587178922207254,267,0.5835646166469322,0.5860301342576995,0.015453157075143135,0.9384645841869763,0.9963938665194048,1.0
gammamid,89,rh.17Networks_4-2,0.19422005083129804,0.1887315895626515,0.019312379513467266,267,0.5765481264643776,0.5856673774205791,0.030907003549083677,0.541036536757969,0.9968898556671594,1.0
gammamid,90,rh.17Networks_9-1,0.19625724975559286,0.18834199696585935,0.02189213087849512,267,0.5787705997712885,0.5837189195552946,0.027598549160033063,0.42260259404544265,0.9968799363782492,1.0
gammamid,91,rh.17Networks_11-3,0.18914973416480033,0.1847308156917628,0.014449994035845293,267,0.5805605479622047,0.5862519694248463,0.024193502871727453,0.8640388145064056,0.9966607540660615,1.0
gammamid,92,rh.17Networks_11-5,0.18803712080400806,0.18469220495906147,0.013183098931585889,267,0.5826687098463088,0.5864031163782034,0.02103350238545481,0.8819359027212686,0.9966620988349834,1.0
gammamid,93,rh.17Networks_11-2,0.18465190450555966,0.1816787436028245,0.010860146748247028,267,0.5833759829982753,0.5866726960380135,0.01883256761875738,0.9358726030401749,0.9962557028118876,1.0
gammamid,94,rh.17Networks_3-1,0.19416936837412496,0.19153017357825408,0.014178080930710803,267,0.5780790400395037,0.5833859047237583,0.02521554124325092,0.8399683944443461,0.9971038999493758,1.0
gammamid,95,rh.17Networks_3-3,0.18817740472895592,0.18197383180567359,0.016281831646421045,267,0.5828713454216922,0.587755324351937,0.023021974307377513,0.8052261286402611,0.9964954856021081,1.0
gammamid,96,rh.17Networks_8-2,0.18936378773881146,0.18457468383171347,0.016719999181976166,267,0.5813588090986144,0.5868834132399455,0.02581915608050122,0.8245921372304632,0.9965103707167793,1.0
gammamid,97,rh.17Networks_8-3,0.18877125282353474,0.18521513074938845,0.013601620335250373,267,0.5839210038115974,0.5877879997030884,0.020799520049230604,0.8568822683183547,0.9966803058202688,1.0
gammamid,98,rh.17Networks_8-11,0.18734448192145442,0.18323694028672738,0.013052064185760614,267,0.5835888608861304,0.5870244868498792,0.017591331346965666,0.8899588711617747,0.9965916413857854,1.0
gammamid,99,rh.17Networks_8-7,0.18740020414741948,0.18305323347095442,0.014471831280557202,267,0.583582098015279,0.5882574459301466,0.01958904398254156,0.8590057492136411,0.9965047745653924,1.0
gammamid,100,rh.17Networks_8-1,0.19343720965303696,0.18801980370836127,0.02094462832389257,267,0.5793439290935148,0.5868638675553612,0.029686757982881073,0.5030523996946353,0.9967846006942411,1.0
gammamid,101,rh.17Networks_7-3,0.19173764087680192,0.18786649850336254,0.013750302747951863,267,0.5824624190726182,0.5860950486939853,0.02026267411333361,0.8443518913428547,0.9969192773960927,1.0
gammamid,102,rh.17Networks_7-7,0.19229326692150892,0.18822530093963744,0.01714131664052258,267,0.5785932676171157,0.5860334082394298,0.028949891419634957,0.639666968708245,0.9969012313623009,1.0
gammamid,103,rh.17Networks_7-5,0.18948057349198735,0.18406442848250135,0.016260902876101612,267,0.5805273961762576,0.5871584189903015,0.02484430820843437,0.7725764542335308,0.9966052023840072,1.0
gammamid,104,rh.17Networks_7-2,0.1937684031298276,0.1865358147837189,0.02126757158706826,267,0.578985072819677,0.5863825070226403,0.029508821199904327,0.4220185632184772,0.9967963012372475,1.0
gammamid,105,rh.17Networks_14-1,0.19250139970342703,0.18694927058376842,0.018700863573143784,267,0.5791763009918678,0.5854210316761572,0.025696471439412824,0.6674758646417511,0.996738409296902,1.0
gammamid,106,rh.17Networks_14-4,0.1922539247445885,0.1869777718381341,0.020217124304728395,267,0.5789777507541639,0.5862397996765417,0.027960515416281945,0.723212676242133,0.9966541039307535,1.0
theta,0,lh.17Networks_2-1,0.21528565400555716,0.21778133732624738,0.01164123089855413,267,0.6429092451447511,0.6418587858389168,0.008970684234801862,0.668961405172817,0.9997117476083714,1.0
theta,1,lh.17Networks_16-1,0.2115514581806598,0.21312172358976134,0.011523994919542398,267,0.645628679991832,0.644731330748704,0.007885148089395425,0.7865888345514314,0.9996760384222746,1.0
theta,2,lh.17Networks_16-3,0.20395207351937483,0.20279582793505915,0.011931846147054018,267,0.6562717106126594,0.6573001279814961,0.006685620925445995,0.8410240364293563,0.9997460694771547,1.0
theta,3,lh.17Networks_16-5,0.21119867891871172,0.2122858972556859,0.011335961387865802,267,0.6473755706348924,0.6470985352250379,0.007510626949922312,0.7902063853274215,0.9997291420127151,1.0
theta,4,lh.17Networks_16-7,0.20400829693093872,0.20306093319809546,0.012603674333873261,267,0.6556308175015593,0.6568285354312159,0.008128132647250532,0.829206128925493,0.9997631795722202,1.0
theta,5,lh.FreeSurfer_Defined_Medial_Wall-1,0.20741846701351085,0.20812998935573562,0.010280576161444979,267,0.6532618877882195,0.6534164494260237,0.005896870874621197,0.8558112910961273,0.9997005146267112,1.0
theta,6,lh.FreeSurfer_Defined_Medial_Wall-3,0.2027532549920648,0.20204159200468752,0.010140155191452864,267,0.6561214273430969,0.6563455772521657,0.006035129660921947,0.8822397198578387,0.9996835615824048,1.0
theta,7,lh.17Networks_6-2,0.21498336839202828,0.2172129672345368,0.012891648140851157,267,0.6445001578566967,0.6439657250378754,0.007787668382746727,0.6359645997211016,0.999757077818862,1.0
theta,8,lh.17Networks_6-3,0.20573392420548828,0.20562682897652537,0.012471481477305901,267,0.649995875655768,0.6508728826910973,0.008659062591998399,0.8468180604660266,0.9997083592343835,1.0
theta,9,lh.17Networks_6-7,0.20919095380806788,0.21044153361812776,0.01084795885326834,267,0.6494465160519977,0.6496144014858023,0.007217613713412428,0.8384564246375421,0.999699230736876,1.0
theta,10,lh.17Networks_6-6,0.20478746336873246,0.20438907827279382,0.012326000537286294,267,0.6538983755727,0.6543287407338958,0.0071008223362966465,0.8367414230622713,0.9997311721427652,1.0
theta,11,lh.17Networks_12-11,0.20212216229730923,0.20129425592265757,0.011842554630627894,267,0.6548065683025069,0.6563648714601309,0.009844246382461005,0.8613685659504613,0.9997395844863451,1.0
theta,12,lh.17Networks_12-12,0.20335228567174835,0.2031359873148255,0.011109182283778598,267,0.6534729755996864,0.6539875979627322,0.0067651924710267035,0.869594218628237,0.9996862747626291,1.0
theta,13,lh.17Networks_12-7,0.20338362371736646,0.20253423725216338,0.012214859243429148,267,0.6540006233980249,0.6544237464510836,0.0068113538983756855,0.8582245428694629,0.999736202296742,1.0
theta,14,lh.17Networks_12-3,0.21269408466521192,0.21338348440902943,0.012290343999348188,267,0.6458865840067161,0.6457207713115947,0.007837913624568376,0.7336850530478882,0.9997343002105047,1.0
theta,15,lh.17Networks_12-1,0.20596070373384617,0.20532017392058244,0.012338611147365213,267,0.6535651042878212,0.6540815861224651,0.0074885358256107,0.8162737624724453,0.9997503863164986,1.0
theta,16,lh.17Networks_12-5,0.20957626319568728,0.21037413029613958,0.010993316275855054,267,0.6505565222843634,0.6506922899562742,0.007141842779882228,0.8235157985278362,0.9997144964894049,1.0
theta,17,lh.17Networks_10-1,0.20344167133916788,0.2019858960059963,0.011014873011618492,267,0.6567743712606634,0.656950411834613,0.005225691732241501,0.8530411266191185,0.9997272065627134,1.0
theta,18,lh.17Networks_5-2,0.21734346471812194,0.21940603151554333,0.011513760930577386,267,0.6428739628354563,0.642157321269851,0.008117639495021688,0.5931013978642052,0.9997729855061227,1.0
theta,19,lh.17Networks_13-4,0.21173346783946373,0.21235696018911482,0.012311576946073426,267,0.6469151125841495,0.6470168078818301,0.00795566159447744,0.74682031750695,0.9997385239460191,1.0
theta,20,lh.17Networks_13-5,0.20247540469553985,0.20086930094111444,0.011673285869564924,267,0.657034786880341,0.6583359434446427,0.005962427158981194,0.8437052989635085,0.9997350785587938,1.0
theta,21,lh.17Networks_13-8,0.2087902597903598,0.2096625292181907,0.01109652548152184,267,0.6518319119425943,0.651911747985545,0.006779693126615079,0.8266064058415082,0.9997198105027246,1.0
theta,22,lh.17Networks_13-10,0.2026267481818696,0.2025295738493527,0.011991692399751782,267,0.6559341323317677,0.6572219704392532,0.0073449525927746845,0.8500052119228405,0.999746813195181,1.0
theta,23,lh.17Networks_13-12,0.20258769813993266,0.20211115458111598,0.012144330419876177,267,0.6548901454450422,0.6560565299878565,0.0071548606914076255,0.8634944971590496,0.9997443210659255,1.0
theta,24,lh.17Networks_13-7,0.20397403463362243,0.20265523526603146,0.01245183118192939,267,0.6549534712333979,0.655804726018577,0.007815435033558932,0.828987283533531,0.9997512698439418,1.0
theta,25,lh.17Networks_13-11,0.20369845820216348,0.20310408516292333,0.012405252113379357,267,0.6544960226877234,0.6549215262797705,0.006787179478249646,0.8454551988854674,0.9997465894915387,1.0
theta,26,lh.17Networks_17-2,0.20708612449490757,0.2072890255942556,0.013009314142647718,267,0.6536446702660175,0.6549893652534672,0.008706652114010227,0.7888329857620842,0.9997822004420017,1.0
theta,27,lh.17Networks_17-5,0.21046862952043,0.21102937506366498,0.011605858424759183,267,0.64852033013848,0.6486176155636691,0.007035916136150509,0.7979828455584189,0.9997265919230373,1.0
theta,28,lh.17Networks_17-1,0.21113491446566665,0.2116120923574014,0.010979894895760935,267,0.6511597813185365,0.6516183810605578,0.007016123171278686,0.7937702358616263,0.9997476595992963,1.0
theta,29,lh.17Networks_17-3,0.204482451180795,0.20411925008114162,0.011194524942564883,267,0.6554997871454257,0.6562740322790457,0.0067996806235199264,0.8424032425143131,0.999732375251281,1.0
theta,30,lh.17Networks_17-11,0.20007629815348973,0.1981088135930095,0.010930861291813865,267,0.6585345089532135,0.6590487506615472,0.005071611666485105,0.8706978910165881,0.9997166637151434,1.0
theta,31,lh.17Networks_17-8,0.20449455981926695,0.20352654904218231,0.012597396305122249,267,0.6536553054371431,0.6538827043334925,0.00721342546747351,0.8318036069026503,0.9997446553517773,1.0
theta,32,lh.17Networks_15-4,0.20854442526479972,0.20931013076593666,0.010412570314584566,267,0.6484998811916091,0.6480696246866819,0.007067622808439822,0.8424009412184632,0.9996538187230218,1.0
theta,33,lh.17Networks_15-1,0.20701295080825152,0.2078292385553181,0.010166331328076093,267,0.6530936469664274,0.6530595727523874,0.005749582204849378,0.8615212652603181,0.9996927986531781,1.0
theta,34,lh.17Networks_15-5,0.21097549737977805,0.212467922395566,0.010758287444475283,267,0.6473248251167664,0.6464624047064974,0.007317111452979333,0.8146246364094776,0.9997113070706637,1.0
theta,35,lh.17Networks_1-2,0.21493088134197286,0.21719154259298024,0.011812320938684139,267,0.6435263373854748,0.6423482210018131,0.008958290304298426,0.657789085512488,0.9997366072725375,1.0
theta,36,lh.17Networks_4-1,0.21110632406190874,0.2119659564646999,0.011646059630885486,267,0.6499828262971684,0.6505237523270144,0.007051764415664078,0.7953986809598522,0.9997436277789069,1.0
theta,37,lh.17Networks_9-2,0.20871907737488293,0.20870450643989466,0.010834127327323074,267,0.6536865251946946,0.6541292574783946,0.006177123685820061,0.8250444419170009,0.9997306383959866,1.0
theta,38,lh.17Networks_11-4,0.20640445633222604,0.2067861060709897,0.01141363921643238,267,0.6504330198762132,0.650498186227245,0.00672290094369711,0.8513444321710285,0.9996650834849946,1.0
theta,39,lh.17Networks_11-1,0.21349188743281117,0.21580431247404278,0.011799015659736182,267,0.6440008217444273,0.6426551108106098,0.008341446246336365,0.7356558719631999,0.9996974747662734,1.0
theta,40,lh.17Networks_3-2,0.21338552831052157,0.21582983159923846,0.013017101720465852,267,0.6441496884607276,0.6446222656532774,0.009105224775583896,0.6905345925168651,0.999738828450819,1.0
theta,41,lh.17Networks_8-6,0.20404998132239338,0.20402168695867445,0.011984824019649669,267,0.6544608317677384,0.6557166272110966,0.008083455192483272,0.8440421354361644,0.9997380995104206,1.0
theta,42,lh.17Networks_8-10,0.2032278096907363,0.2029295053247689,0.012136222441762554,267,0.6534445115201015,0.6540692109097346,0.0075499843353908445,0.8641714938121164,0.9997327241987813,1.0
theta,43,lh.17Networks_8-8,0.20929257458774467,0.20957774801485546,0.011911792240828972,267,0.6493020244827582,0.6498676094760676,0.007204603545378235,0.8175478675947956,0.9997236617021811,1.0
theta,44,lh.17Networks_8-4,0.2034353846223431,0.2021135114283756,0.010936539246960813,267,0.6555560145233998,0.656276749088612,0.006720874448118647,0.8585879897468931,0.999714173152654,1.0
theta,45,lh.17Networks_8-5,0.20366136297369108,0.20202871743104883,0.012331428416833523,267,0.6561411878045468,0.657540892370138,0.008124955948324507,0.8289696497114919,0.9997581209286363,1.0
theta,46,lh.17Networks_8-9,0.20093240484553737,0.1994602482876045,0.010508131118284513,267,0.6577416554977626,0.6585129352786906,0.005318320434388763,0.873876455803176,0.9997156058839279,1.0
theta,47,lh.17Networks_7-4,0.2108415088165914,0.21250083682822613,0.012804610798883611,267,0.6475294495844424,0.6476748043213447,0.008394470464071638,0.7676924792418662,0.999736022299288,1.0
theta,48,lh.17Networks_7-8,0.2043206096189502,0.2041590534029099,0.012213715479457102,267,0.6516839973431915,0.6522139579197901,0.0079257277076772,0.8531494458031184,0.99970173155087,1.0
theta,49,lh.17Networks_7-6,0.2098801115016424,0.21077971057806447,0.011382506229492124,267,0.6496658176839811,0.6501032178382216,0.006982037760069391,0.8266791079790546,0.9997306310013175,1.0
theta,50,lh.17Networks_7-1,0.20496158571271939,0.20519807511912316,0.010987138470898538,267,0.6542978450618524,0.6547794711312364,0.006332238174582888,0.857156971902828,0.9997047301586375,1.0
theta,51,lh.17Networks_14-3,0.20303637546786002,0.20269846737968353,0.011980785337200164,267,0.6535778893896019,0.6545708637195143,0.008764957800313248,0.8663758054149328,0.9997331706417939,1.0
theta,52,lh.17Networks_14-2,0.21236592071796406,0.21312416782258028,0.01120115315851971,267,0.6485710062953607,0.6490183774186674,0.00698145944319136,0.7678003593417347,0.9997491340401831,1.0
theta,53,rh.17Networks_2-2,0.21573801042341834,0.21833488133506856,0.012115782878876952,267,0.6422477894360611,0.6405584080465554,0.008900844268695756,0.6204854034321685,0.9997106298030081,1.0
theta,54,rh.17Networks_16-4,0.21097981246213468,0.2124858522839962,0.011585402680863957,267,0.6455901826832156,0.6445908795124444,0.008177331571856355,0.7857283770800164,0.9996610247266303,1.0
theta,55,rh.17Networks_16-2,0.20383469539590207,0.2026631335164631,0.011947068009011727,267,0.6562502464416601,0.6577070358136641,0.0071098294585213405,0.8344671559911373,0.9997454557398952,1.0
theta,56,rh.17Networks_16-6,0.21014099624315669,0.21105029740601705,0.01123296483357644,267,0.6483142376289605,0.6488528897735966,0.00820642011130683,0.8147625142885864,0.999724240571762,1.0
theta,57,rh.17Networks_16-10,0.20019351266742105,0.19825885362926557,0.010681145797419295,267,0.6575650685651876,0.6588116543228903,0.008163387672987176,0.8759776841272007,0.9997099548074557,1.0
theta,58,rh.17Networks_16-9,0.20476490153561377,0.204770864551661,0.010293603943603125,267,0.6545931024375112,0.6552474739468007,0.006607608526967017,0.8706142724426348,0.999692927522074,1.0
theta,59,rh.17Networks_16-8,0.203015494526555,0.20305886188627728,0.01189114848089507,267,0.6557274412659361,0.6573165290941695,0.009560618749077564,0.8640509435607931,0.9997561819384779,1.0
theta,60,rh.FreeSurfer_Defined_Medial_Wall-2,0.20599167251884912,0.20620099507565906,0.01004501731607962,267,0.6536796890675945,0.6538845121618595,0.005830287073055967,0.868990824807736,0.9996863189750612,1.0
theta,61,rh.FreeSurfer_Defined_Medial_Wall-4,0.20096428574116096,0.2002334955039712,0.01000244326530462,267,0.6568293385615316,0.6577380717496526,0.005698661117846171,0.8836141413281499,0.9996718813657216,1.0
theta,62,rh.17Networks_6-1,0.21559324533431093,0.21843150825836347,0.012347420694818628,267,0.6439447382617031,0.6434158676700241,0.00784292525024026,0.6461043917232869,0.9997631200530029,1.0
theta,63,rh.17Networks_6-4,0.2056053774516429,0.20655789544238465,0.011916751380187496,267,0.6503926511581813,0.6509290285581631,0.007895233550117871,0.8561425603593606,0.9997068392522207,1.0
theta,64,rh.17Networks_6-8,0.20803076876556684,0.20866048739108947,0.011023681856348309,267,0.6496845696217188,0.6497126188464263,0.006999533744814886,0.8375896250699336,0.999688084917109,1.0
theta,65,rh.17Networks_6-5,0.20441493364474175,0.20486737284736425,0.011937107989246952,267,0.6542392655099141,0.6547685139321757,0.006888153800747043,0.8687429964322776,0.999726703882018,1.0
theta,66,rh.17Networks_12-4,0.21187837889503688,0.213275034834922,0.011603620251525745,267,0.646533396663584,0.6469863885371179,0.007331536213416804,0.7890840689662568,0.9997360548784553,1.0
theta,67,rh.17Networks_12-9,0.20346712630156208,0.2035642852120542,0.011156929656595293,267,0.6533269702013198,0.6539417676974381,0.007101776328454873,0.8703951477429301,0.999682595088498,1.0
theta,68,rh.17Networks_12-8,0.20363137776058468,0.20385038955331103,0.011693047703952452,267,0.6530560613667521,0.653571902693334,0.007427692335029125,0.8715045526934506,0.9997231943456562,1.0
theta,69,rh.17Networks_12-2,0.204880115111232,0.2054967654908246,0.011809301608062919,267,0.6543276367146627,0.6555747512818091,0.008068604076817192,0.8636220952725966,0.9997436769921185,1.0
theta,70,rh.17Networks_12-6,0.20806272012227234,0.20783264538617421,0.010806319245970517,267,0.6506260203262938,0.6512699203725341,0.006670405217102082,0.8391687516600808,0.9996979609836955,1.0
theta,71,rh.17Networks_12-10,0.20018163967718453,0.1981220534290886,0.010816585649435141,267,0.657705651606816,0.6588152254210838,0.0075767004727845646,0.869532328912714,0.9997156489448886,1.0
theta,72,rh.17Networks_10-2,0.20295814358361491,0.20184717022319068,0.011299547279488526,267,0.6564141423636364,0.6571132599976892,0.007148777005479124,0.842627482691683,0.9997250928657849,1.0
theta,73,rh.17Networks_5-3,0.20308445721141216,0.20335163131916723,0.011167207086810332,267,0.6523602404661464,0.6531878392513399,0.007165062123279924,0.8823066517995177,0.9996941501762626,1.0
theta,74,rh.17Networks_5-1,0.21707544895009473,0.21951067143138156,0.011939800945235291,267,0.6432424886518374,0.6426776747592563,0.007901820487887984,0.5874793590332784,0.9997726573385226,1.0
theta,75,rh.17Networks_13-6,0.2081178653493854,0.2083162629347863,0.010703449676682566,267,0.6520847586604214,0.6528054222056895,0.006588993919770777,0.8360165483023889,0.9997141460619234,1.0
theta,76,rh.17Networks_13-9,0.2028174923206847,0.20176882001501398,0.011892768981373036,267,0.6554887188295563,0.6570445689130178,0.010425209505068993,0.8568703427146753,0.9997496006773322,1.0
theta,77,rh.17Networks_13-1,0.20511082208549322,0.2058906128745426,0.012226781332561745,267,0.6538980062437731,0.6556042829979698,0.009241258065147594,0.8553804306713243,0.9997582523882419,1.0
theta,78,rh.17Networks_13-3,0.21103625506520973,0.21215656783985498,0.011471306435106533,267,0.6474713513701345,0.6474932775933292,0.007488310789920513,0.79934017960704,0.9997384632671049,1.0
theta,79,rh.17Networks_13-2,0.20257980013031557,0.20136216367075788,0.011589855647022052,267,0.6567047729230376,0.6581317073238087,0.0077834685316645735,0.8514507116810073,0.9997426081416773,1.0
theta,80,rh.17Networks_17-6,0.20554382544382593,0.2053774848975575,0.012537918926500085,267,0.654555981613759,0.6561348101005968,0.009970925540753173,0.8237325595787014,0.9997746597454027,1.0
theta,81,rh.17Networks_17-10,0.20747603789021676,0.2078484375908265,0.011044734419072577,267,0.649733623283029,0.6499407820166453,0.006862176448745027,0.8559253801876514,0.999698060812345,1.0
theta,82,rh.17Networks_17-4,0.20955447355048723,0.20976155714186492,0.010705660555539098,267,0.6518365223456987,0.6518958721135968,0.006775770518167244,0.8160704373058358,0.9997338116160359,1.0
theta,83,rh.17Networks_17-9,0.20103406017474362,0.2007222272705313,0.010635833213468235,267,0.6566514149099034,0.6576828433467814,0.0078398426701212,0.884525733721294,0.9997128434768375,1.0
theta,84,rh.17Networks_17-7,0.20091742546487526,0.19977197514836967,0.010609126874159762,267,0.6571584871072612,0.658647236148836,0.007467200089843931,0.8749895686619172,0.999708647375128,1.0
theta,85,rh.17Networks_15-3,0.20843362630355836,0.20946750401824207,0.010833373801540588,267,0.6482958596449669,0.64768570553596,0.006944561520652545,0.8422715252221772,0.999655943651964,1.0
theta,86,rh.17Networks_15-2,0.20587334868237436,0.206312826811241,0.009827339538614678,267,0.6532457437100322,0.6539817268434056,0.005875805875908423,0.8719199285039764,0.9996759054451408,1.0
theta,87,rh.17Networks_15-6,0.20946014223572992,0.21102529577163076,0.011068777297979572,267,0.6482992850322932,0.6482061375218972,0.007114796498558781,0.8256255628838263,0.9997066103982413,1.0
theta,88,rh.17Networks_1-1,0.21524584539054506,0.21749241419419474,0.01205634797881704,267,0.6430798437643528,0.6416363309337194,0.008766322981489095,0.6179596394984473,0.9997394106825215,1.0
theta,89,rh.17Networks_4-2,0.21057678904052263,0.212464361262216,0.01187664478098653,267,0.6501205803305241,0.6500465488486854,0.007251095528205283,0.804064781552988,0.9997433905272288,1.0
theta,90,rh.17Networks_9-1,0.20673013090051973,0.20678780977908282,0.010503419074377974,267,0.6541507844157785,0.6544322896757568,0.00627083189106407,0.8512082405452278,0.9997112954764231,1.0
theta,91,rh.17Networks_11-3,0.20684020244940307,0.20786015281206224,0.011339823445559777,267,0.6499538332000782,0.6498563159761123,0.006986111578016167,0.8486222249522664,0.9996658249805935,1.0
theta,92,rh.17Networks_11-5,0.20543110410040943,0.20594050732432442,0.011583315001144328,267,0.650997201614263,0.6513121345015784,0.007482248456124683,0.8582278051108677,0.9996700952225078,1.0
theta,93,rh.17Networks_11-2,0.21291251148175847,0.21491700689616236,0.011946557302527567,267,0.6435408882765317,0.6425706190603186,0.008722606051989773,0.7338565029789016,0.9996816635713222,1.0
theta,94,rh.17Networks_3-1,0.21365405041189206,0.21614175167979774,0.012573901388753682,267,0.6442392181112387,0.6448680770318624,0.010615054535010618,0.707004267832867,0.9997451864762824,1.0
theta,95,rh.17Networks_3-3,0.20631894896714112,0.20776938456726002,0.010956526654837475,267,0.6520582135268408,0.6520452915104886,0.006422442584451594,0.8723082913263033,0.9996897604591624,1.0
theta,96,rh.17Networks_8-2,0.2035130916533646,0.20310094152552646,0.011705509658545277,267,0.6559806153016818,0.6574890912781794,0.007978889033389688,0.8626206166409723,0.9997547611529506,1.0
theta,97,rh.17Networks_8-3,0.2048246492932288,0.20525550821681657,0.01220110965982617,267,0.6532582122829584,0.6550720992401384,0.010984743471679534,0.8472915919151585,0.9997469807196625,1.0
theta,98,rh.17Networks_8-11,0.20610330815746833,0.2074110191149634,0.01156841184503794,267,0.6501347402516509,0.6502557059271993,0.007563935522534369,0.8550688062900006,0.9996630802909382,1.0
theta,99,rh.17Networks_8-7,0.2097823599578707,0.210323881977349,0.011455701969774763,267,0.6480862775605111,0.6486962261123171,0.007688782039974251,0.8188534180487591,0.9997291681504806,1.0
theta,100,rh.17Networks_8-1,0.20254681064924548,0.20251298616352997,0.010922082835934932,267,0.6557865655265177,0.6570440560776165,0.00801807806264491,0.8753387642638155,0.9997138279067037,1.0
theta,101,rh.17Networks_7-3,0.20992337092931654,0.21164798536407656,0.012743982869495345,267,0.6483333515055663,0.6488873307902174,0.00940649396350577,0.783785861841648,0.999730694886826,1.0
theta,102,rh.17Networks_7-7,0.20474795188907713,0.20533411939071664,0.011715691235236737,267,0.652341702817199,0.6532609905532987,0.0071608751017166105,0.8693907800039368,0.9997167069502318,1.0
theta,103,rh.17Networks_7-5,0.21050700426883504,0.21172824258380823,0.011564465456975065,267,0.6488451703763121,0.6493223782123847,0.007581724821026418,0.8097393855639504,0.9997390017364702,1.0
theta,104,rh.17Networks_7-2,0.20412871317582118,0.20420642144088846,0.010961160298173055,267,0.6546019719577948,0.655386008336086,0.007026941544803371,0.8729129232412624,0.9997006679400241,1.0
theta,105,rh.17Networks_14-1,0.2112545898414752,0.21229180156382196,0.010853724500226505,267,0.6492708791490134,0.6492051200603012,0.0069366463566522835,0.801074287409284,0.9997356680410947,1.0
theta,106,rh.17Networks_14-4,0.20006498102971107,0.19942762482887613,0.010264680502149426,267,0.6576628762633062,0.658981825601927,0.006368677699102622,0.8865909654363124,0.9997014014020477,1.0
