parcel_idx,label,hemi,network,tau_mean,tau_median,tau_std,rho_mean,rho_median,rho_std,tau_exp_r2_mean,rho_r2_mean,ts_var_mean,ts_rms_mean,n_subjects,x,y,z,alpha_rel,beta_rel,gamma_rel,spectral_slope
0,7Networks_LH_Cont_Cing_1-lh,lh,Cont,0.0154243333606416,0.0146292044385945,0.0077639812258214,0.5981998599204402,0.5984781554229253,0.0076190931582486,0.8296051617394404,0.9999078936691324,1.0,1.0,208,-2.225671791832552,3.6683418127521312,30.230103321564503,0.15498527204074716,0.3393013832984576,0.147844585518254,0.5157470237903895
1,7Networks_LH_Cont_Cing_2-lh,lh,Cont,0.0086409530260008,0.0075920867934764,0.0049771710144326,0.6027022816976354,0.6026861541233216,0.0043616465484227,0.8478526078795242,0.9998856034706728,1.0,1.0,208,-3.1809476000639414,-21.0075277193948,29.78528140953138,0.16051075480479493,0.3800745285565664,0.1928123424260588,0.30356126357942737
2,7Networks_LH_Cont_OFC_1-lh,lh,Cont,0.0274244680942244,0.0252489791818656,0.0122811638069475,0.605687494754373,0.6049957519673862,0.0094884338475486,0.5281208164361406,0.9999002323698476,1.0,1.0,208,-27.72670631495984,46.75480225866392,-14.109120785780847,0.11228250208166647,0.33174162887738945,0.18003071944621674,0.4296612716550478
3,7Networks_LH_Cont_PFCl_1-lh,lh,Cont,0.0242315467900987,0.0215496843022713,0.0127932947502597,0.6068710821098281,0.6060001844673742,0.0112594118717404,0.5612981558337642,0.9998957824541146,1.0,1.0,208,-42.23302016870068,46.22517440858052,-4.52016727584215,0.11759775243789981,0.34012675716406926,0.18424088659867507,0.40941143580799344
4,7Networks_LH_Cont_PFCl_2-lh,lh,Cont,0.0136299944663949,0.0115759928189055,0.0095695697648146,0.6053675334099895,0.6053366518536738,0.007251405848227,0.755115761011129,0.999889071183945,1.0,1.0,208,-45.096832626477806,32.46106359431174,10.39753443662044,0.13468806968644714,0.37914852436686003,0.19140544166836818,0.3020650340023136
5,7Networks_LH_Cont_PFCl_3-lh,lh,Cont,0.0153130122813318,0.0135440940858028,0.0091935660210213,0.6049710922821451,0.605129794216557,0.0070997437405563,0.7330749971970636,0.999895365477412,1.0,1.0,208,-39.34782922495966,46.15311339668606,11.77650232563848,0.13479886303969213,0.3699910740273436,0.1809433439468179,0.34539850351650153
6,7Networks_LH_Cont_PFCl_4-lh,lh,Cont,0.0192320670696106,0.0182466578006341,0.0096271256082859,0.6034609502543485,0.6039931840543687,0.0057719838796767,0.6844557234437232,0.9999020914407892,1.0,1.0,208,-28.39669974502809,50.5418346111591,12.993818799157047,0.13196266724509692,0.35429757983425675,0.16969363334082846,0.409661454785147
7,7Networks_LH_Cont_PFCl_5-lh,lh,Cont,0.0109333384074032,0.0094797888956114,0.0083698168800919,0.6048119499286921,0.6053189985516121,0.0051337686124437,0.8200286185192484,0.9998888507069884,1.0,1.0,208,-42.35231753906917,35.688901406168284,20.877683296881088,0.13488679168119116,0.3869592673386173,0.19028646737430208,0.29083538781003304
8,7Networks_LH_Cont_PFCl_6-lh,lh,Cont,0.0110562788735436,0.0095677305917729,0.0086726224658951,0.6031684923917427,0.6037035309487526,0.0059552307705437,0.8336060015026672,0.9998937246840768,1.0,1.0,208,-42.86352279989477,21.123559542518247,25.78900273088465,0.14068448597922875,0.37943501596828705,0.17840309363096846,0.34100054614502945
9,7Networks_LH_Cont_PFCl_7-lh,lh,Cont,0.0122731768300471,0.0108118013491775,0.0089282825488839,0.5995912690863087,0.600399009115864,0.007066796698596,0.8428002690374901,0.9999040807887114,1.0,1.0,208,-37.14715568504142,6.909435672052142,31.01085873065482,0.15473156463044527,0.36270937496416655,0.15414877152861162,0.4372398952754342
10,7Networks_LH_Cont_PFCl_8-lh,lh,Cont,0.0101395036496971,0.0079383711968686,0.009439952592876,0.6039861539080724,0.6045666927300362,0.0058386969305528,0.8482875371416159,0.9998910341747798,1.0,1.0,208,-37.89648876758601,31.07452515734742,36.07220465300099,0.1337453622543785,0.3887994947302796,0.18557049273086482,0.3053228727048783
11,7Networks_LH_Cont_PFCmp_1-lh,lh,Cont,0.0137022457767506,0.0119444908495668,0.0086461870151242,0.5999471719651595,0.6000429287150248,0.0086083136865328,0.8539244863710491,0.9999061930073622,1.0,1.0,208,-4.862709725057924,25.65371003708282,45.29731506991696,0.13395513257012615,0.3454795799559396,0.15363330153258553,0.5132213264659361
12,7Networks_LH_Cont_PFCv_1-lh,lh,Cont,0.0238319507268847,0.020945612755268,0.0141542147536586,0.6083046822337397,0.6061403123736204,0.0136213240158783,0.565833579710601,0.9998917426669808,1.0,1.0,208,-33.10543285536419,18.18721230956968,-9.939000995639953,0.11803392260666623,0.34718298836395045,0.19339687305091133,0.3629438432705001
13,7Networks_LH_Cont_Par_1-lh,lh,Cont,0.0138019240023286,0.0126941043126904,0.0076063171009116,0.5974256384126817,0.5976307882024177,0.0088719367756208,0.7743683516102791,0.9999136602046436,1.0,1.0,208,-28.972550839407567,-72.08451705061768,36.627593393065496,0.2433086483764448,0.3385825878285973,0.1334191897975355,0.4882835184127929
14,7Networks_LH_Cont_Par_2-lh,lh,Cont,0.0084626888845228,0.0065427814639124,0.0082529947184442,0.6040442961597899,0.6052326591711072,0.0065943318762482,0.869034231813992,0.999884324444634,1.0,1.0,208,-57.43772529241607,-45.16406984404316,42.6297962684331,0.15371033899535466,0.3928325966907684,0.19716793078668002,0.26369178046751274
15,7Networks_LH_Cont_Par_3-lh,lh,Cont,0.0092004666807631,0.0071405910274478,0.0087304019763806,0.6026394422382874,0.6040574780011578,0.0068971316457948,0.8622388726660385,0.9998881306378772,1.0,1.0,208,-51.70714798822522,-53.06946920254301,39.308137758384994,0.16311108264293359,0.3837941548203957,0.18769383140450505,0.3032026199726717
16,7Networks_LH_Cont_Par_4-lh,lh,Cont,0.0167084527308564,0.0159177682535806,0.0074109510633645,0.5955357677356493,0.595643719656079,0.0084003268362461,0.7682795377976408,0.9999248541054264,1.0,1.0,208,-33.01249050057453,-60.82633115703933,41.58812086132989,0.24842185396497005,0.3219805788101622,0.11270632425898416,0.5822420118154059
17,7Networks_LH_Cont_Par_5-lh,lh,Cont,0.0125062424044076,0.0110506092555197,0.0083887114942423,0.5989937873667041,0.6001802236167195,0.0077240458888064,0.8347241235250581,0.999905031789622,1.0,1.0,208,-41.75459424227369,-54.409667524385625,40.20693772838962,0.19530360046458206,0.3530565306623772,0.1501822606749446,0.4519177529106061
18,7Networks_LH_Cont_Par_6-lh,lh,Cont,0.0130075047363515,0.0118556239107898,0.0080752013644719,0.59852207554244,0.5992960787374672,0.0078864172667053,0.8296089899404571,0.9999081819344366,1.0,1.0,208,-44.24843875250716,-44.61400144608295,42.80799689728426,0.19200384826017122,0.35503822988737643,0.14448882502462987,0.4551055612219362
19,7Networks_LH_Cont_Temp_1-lh,lh,Cont,0.0065067307124557,0.0050409094633959,0.0074653603066009,0.6072806235765964,0.6077545757906027,0.0047128013737444,0.8713941000842806,0.9998687713665309,1.0,1.0,208,-60.02472139294152,-49.59256503171226,-10.852849359675368,0.13551439227253192,0.41427613882062325,0.23355817517291655,0.12727541474085083
20,7Networks_LH_Cont_pCun_1-lh,lh,Cont,0.0139984391153736,0.0125084703613941,0.0077447043227562,0.5965917233547456,0.5972069305357504,0.0090185807270678,0.7167501372589433,0.9999127759622148,1.0,1.0,208,-10.760401704632644,-75.83670678375461,43.22303682016143,0.2630243794675894,0.34071965472943233,0.1344658527149449,0.4499393094432433
21,7Networks_LH_Cont_pCun_2-lh,lh,Cont,0.0143906708325685,0.0129469415459925,0.0073004087279871,0.5962502349532142,0.5970488230683186,0.009081589594982,0.7362385764912882,0.999918577595578,1.0,1.0,208,-7.017724206677307,-60.92232099007134,51.415970837159016,0.2676585334251964,0.33613870914857036,0.12205098591047558,0.48983078080365133
22,7Networks_LH_Default_PFC_1-lh,lh,Default,0.030378497461428,0.0266637948374313,0.014664148373983,0.6032701737449967,0.6031393445311233,0.0070767725509197,0.5811858477043217,0.9999027272863098,1.0,1.0,208,-35.41555273520814,22.084490812704704,-15.082578042399652,0.1163023280817435,0.3092122465098381,0.16722057406560914,0.5172705552166896
23,7Networks_LH_Default_PFC_10-lh,lh,Default,0.0097083348522955,0.0078593513147299,0.0077195141562849,0.6068055312230138,0.6062329390327785,0.0103803854137702,0.8347360656872027,0.999880808078176,1.0,1.0,208,-53.244488806094765,19.86821067858042,10.648061996735867,0.13419060563649038,0.389925925322759,0.20638052286928016,0.25721519514447944
24,7Networks_LH_Default_PFC_11-lh,lh,Default,0.0139064145220578,0.0119263514180091,0.0092804959200958,0.6066410112548473,0.6065223553866214,0.0081701691456625,0.7509655492617677,0.9998876135561776,1.0,1.0,208,-16.652498448100907,64.12688667021891,10.012552964724776,0.12585486013402572,0.3791873785260218,0.2009443086019962,0.2864006818140119
25,7Networks_LH_Default_PFC_12-lh,lh,Default,0.0191827710190963,0.0181818309871397,0.0081347902960743,0.5977499103359385,0.5980450633356482,0.0082211691782924,0.8169680781735605,0.999917388885112,1.0,1.0,208,-5.448136830848746,30.143438312911176,21.237053693985988,0.1405674731318847,0.3245563582064188,0.13238073454930946,0.5914379299501078
26,7Networks_LH_Default_PFC_13-lh,lh,Default,0.0130845632274811,0.0117766783269681,0.007677547279197,0.6014223465564993,0.602189652068593,0.0071198209031722,0.8440675700218273,0.9999003191986316,1.0,1.0,208,-5.358658399160932,49.0758804926848,27.355037936937627,0.1341313693077895,0.35766747623330297,0.16656445461398797,0.4405676406549555
27,7Networks_LH_Default_PFC_14-lh,lh,Default,0.0112447971064789,0.0088824494619735,0.0076807199965441,0.6042442835233867,0.6051930253250671,0.0075120150308242,0.8400058185119907,0.9998898007720968,1.0,1.0,208,-16.577720333903617,54.36081275852045,30.122063154449112,0.13113649732093222,0.37923482580004375,0.18953807886812551,0.3239808513298918
28,7Networks_LH_Default_PFC_15-lh,lh,Default,0.0130264983123502,0.0112998544347203,0.0090741859165802,0.6029616461992758,0.6038110436142026,0.0059282725728904,0.8162835248662113,0.9998975074110712,1.0,1.0,208,-24.65000903312796,44.89307394795034,28.692124938338456,0.1358835360318823,0.36802929736842743,0.17371521599162432,0.3801482891668519
29,7Networks_LH_Default_PFC_16-lh,lh,Default,0.0119189506518656,0.0103487191227555,0.0090251753723653,0.6022722756448171,0.6026637574317834,0.0064974365617483,0.8405975103409394,0.9999000410383606,1.0,1.0,208,-26.229546386109305,26.803473117083488,38.6378469975037,0.13547271331467856,0.3721716928901158,0.16788440798148815,0.3959017019487037
30,7Networks_LH_Default_PFC_17-lh,lh,Default,0.009465063810662,0.0075153367772738,0.0097631258304866,0.6025051001610301,0.6036526298113931,0.0066042523285863,0.8649285599636248,0.9998921207972944,1.0,1.0,208,-41.33548079856023,18.13569087818757,45.765911541195216,0.14532634522953414,0.385100080638511,0.18109286277424178,0.3242453358072218
31,7Networks_LH_Default_PFC_18-lh,lh,Default,0.0098851215558115,0.0086050008151956,0.0049538282114586,0.6029717232019631,0.6035459133498047,0.0077615588262851,0.8564187375228689,0.9998890168596352,1.0,1.0,208,-9.74775480605409,42.90992183266523,48.448833176237855,0.13262003538176076,0.3741903381804037,0.18622771253867826,0.3616305906686776
32,7Networks_LH_Default_PFC_19-lh,lh,Default,0.0124896687286566,0.0108378582170012,0.0070545107982579,0.6010161373242686,0.6019319962157468,0.0071540888284427,0.8469799758896139,0.9999016524745206,1.0,1.0,208,-20.882703936010376,34.39732618116795,42.4120461313348,0.13278590746965227,0.35946179495019576,0.16405670364129663,0.4488266275768187
33,7Networks_LH_Default_PFC_2-lh,lh,Default,0.0246764396407244,0.022886607188545,0.0118502081963548,0.6070234227629717,0.6057505276705517,0.0111125065915953,0.5415499068787809,0.9998940196684668,1.0,1.0,208,-34.73836611879283,36.41457536713831,-13.202855249931073,0.11840946634217894,0.3476864081449522,0.1901727501945543,0.38034836069386957
34,7Networks_LH_Default_PFC_20-lh,lh,Default,0.0099316491559435,0.0080721995526584,0.0090510653999482,0.601150864357659,0.6023707665195499,0.0074520867990537,0.8559563306387765,0.9998957079729756,1.0,1.0,208,-42.85162354774601,4.787632482870184,45.78667462540932,0.14966878543083006,0.37958581562434657,0.17318611693104694,0.35732069526697485
35,7Networks_LH_Default_PFC_21-lh,lh,Default,0.0108644378925336,0.0087044326996718,0.0090770871446462,0.601138813372228,0.6020460635320211,0.0070864071818226,0.8541126534484417,0.99989860465873,1.0,1.0,208,-32.034395758731605,13.224192363553328,52.6139647658696,0.14596234421202894,0.3708898944996756,0.16873540769577808,0.3939398826181939
36,7Networks_LH_Default_PFC_22-lh,lh,Default,0.0132286410289346,0.0111382701158515,0.0099257275444413,0.6010073476369314,0.6009889106579898,0.0085379451236517,0.844754173369076,0.9999055027878077,1.0,1.0,208,-25.162960916195274,17.890900521908165,47.82930414931579,0.13782425223819492,0.35490146803749295,0.15536934886394302,0.4767100213598313
37,7Networks_LH_Default_PFC_23-lh,lh,Default,0.0115899963334391,0.0094719179505116,0.0083820472544029,0.601649168491861,0.6022310046170001,0.0073338372019679,0.8487581564456541,0.9998946199056008,1.0,1.0,208,-13.077377486804217,25.03736183790356,58.38545190233328,0.1325451683233401,0.36245799628324654,0.1762088647747828,0.4176969622712783
38,7Networks_LH_Default_PFC_24-lh,lh,Default,0.0109422908634731,0.0089592898321801,0.0091486500465502,0.6009160635283194,0.6012519949571812,0.0087760157174774,0.853212909928197,0.9998961807669688,1.0,1.0,208,-7.39856478587175,10.489577521097202,63.66846887148344,0.14049487581302594,0.3618843952199635,0.17343721047296085,0.4167133597708663
39,7Networks_LH_Default_PFC_3-lh,lh,Default,0.0206907656183148,0.0188172996550407,0.0104190674734334,0.6058636860591239,0.6050592295483394,0.0104114431018913,0.6275150162008221,0.9998982488983336,1.0,1.0,208,-4.724587174592722,52.44956600132273,-9.9265980175121,0.12238255410917176,0.34687975635915863,0.1827320531694183,0.39948796784882423
40,7Networks_LH_Default_PFC_4-lh,lh,Default,0.0424405909631279,0.0361817817564903,0.0230231822334927,0.6022156101860703,0.6020565324952036,0.0077023009388988,0.6629809868547171,0.9999167805394996,1.0,1.0,208,-5.289522376148108,34.716976993096935,-8.594936791273296,0.10966362824347022,0.2875489650318582,0.1510851007258801,0.5732162535381673
41,7Networks_LH_Default_PFC_5-lh,lh,Default,0.023848445275237,0.021153722758653,0.0118899937544903,0.6061094659315714,0.6055739197363746,0.0090632917057526,0.5594561679997885,0.9998945052513928,1.0,1.0,208,-46.50230795114152,33.41523071644838,-10.048385246944758,0.11732299450429055,0.3390455687120704,0.18381630717940906,0.41907458611495757
42,7Networks_LH_Default_PFC_6-lh,lh,Default,0.0225614839699341,0.0210929080238604,0.0111941923136977,0.6055495703857079,0.6057660307887456,0.0065519353173582,0.5772097770995199,0.9998975650963496,1.0,1.0,208,-28.767925863574675,53.433223522907625,0.9124134181494138,0.12259589968651353,0.3501417764338365,0.18077309751521844,0.3850319121100743
43,7Networks_LH_Default_PFC_7-lh,lh,Default,0.0165506662644454,0.014587159103579,0.010828244196331,0.6056530681748451,0.6054580029103683,0.0070903850831388,0.690118682700628,0.9998887743710374,1.0,1.0,208,-46.10304853360947,27.4919744831242,1.4340034216095388,0.1300060198793008,0.3649863561951613,0.19230824702194224,0.3418182874555247
44,7Networks_LH_Default_PFC_8-lh,lh,Default,0.0141195605930161,0.0128488138636976,0.0075082768164007,0.6051592126000591,0.6045185718477402,0.0104196548417958,0.7794800589626643,0.9998944817614996,1.0,1.0,208,-7.544467431338713,54.49682205118597,7.529713835653562,0.1307242047656445,0.36597351892050356,0.18226614351558962,0.36909043466773883
45,7Networks_LH_Default_PFC_9-lh,lh,Default,0.0234895486306279,0.0212469108140865,0.0101511794361175,0.600553862291535,0.6010134978972491,0.0057431861639955,0.7050295448429311,0.9999113574089344,1.0,1.0,208,-6.932250439334702,41.64669330303486,7.384135745438122,0.131409639051257,0.3225994658896863,0.14821918027586783,0.5396039758160885
46,7Networks_LH_Default_Par_1-lh,lh,Default,0.0087169569488515,0.0069914718674908,0.0082798946327936,0.603508215387135,0.6042871745957457,0.0059799267805813,0.8622874708898001,0.99988415119787,1.0,1.0,208,-57.383010887272576,-49.72522937550264,12.918316185204691,0.15819616011696166,0.3842959314069512,0.19743344775725938,0.28620980865840057
47,7Networks_LH_Default_Par_2-lh,lh,Default,0.0138402326744265,0.0128405507467643,0.0076495199755849,0.5971023287528268,0.598004669003858,0.0083167402629774,0.8165961523721379,0.999908736142856,1.0,1.0,208,-42.824573299427726,-57.85325620582066,17.128322882973468,0.21012825396881987,0.3321391943158036,0.1430992761484166,0.5270638240697069
48,7Networks_LH_Default_Par_3-lh,lh,Default,0.0089155923284039,0.0069107502814062,0.0084431518383695,0.6016750970160897,0.6029318254951581,0.0073822362978676,0.8459932279876233,0.9998871594290112,1.0,1.0,208,-42.61979447022183,-75.7570265501533,24.6785933005728,0.18540533212932794,0.38210705056328015,0.1933245914217011,0.272164772428887
49,7Networks_LH_Default_Par_4-lh,lh,Default,0.0109169005223956,0.0094967891468964,0.0085188872007577,0.6006333214675191,0.6016664962779893,0.0088059401093982,0.8260132156391022,0.9998968341036828,1.0,1.0,208,-42.58179975369058,-63.030436059429306,27.82130876127773,0.1939619419614401,0.36220525532905723,0.16849291758768475,0.38259908464683023
50,7Networks_LH_Default_Par_5-lh,lh,Default,0.0092125424029686,0.0074137835444953,0.008423102960617,0.6026544683896902,0.6038491365323533,0.0068274043757162,0.8635087096443439,0.9998872941354844,1.0,1.0,208,-54.131188492661074,-55.54472807411835,25.30252821497457,0.1603741091758307,0.3814097638611539,0.19117547940068097,0.30799264524790493
51,7Networks_LH_Default_Par_6-lh,lh,Default,0.0095471241862807,0.0080647090195757,0.0080483021420946,0.6010209817059515,0.6022280481247038,0.0073761129250818,0.8472433868945822,0.9998928368275376,1.0,1.0,208,-39.05635863200874,-73.46306570016654,40.98188612567392,0.19001088048228143,0.3762237148895992,0.17691061704392555,0.3234945571975091
52,7Networks_LH_Default_Par_7-lh,lh,Default,0.0099628209519643,0.0079851217655893,0.0090177148729509,0.6023438409974786,0.6029058760292262,0.0099270791073696,0.8424835547370052,0.9998905686142432,1.0,1.0,208,-47.452882282069474,-63.57486788952937,41.60346452525405,0.17977057836023763,0.37685502411706046,0.18155631956351723,0.3217422505503418
53,7Networks_LH_Default_Temp_1-lh,lh,Default,0.015057709816612,0.0130274961484466,0.0087546385586725,0.6088302608130278,0.6063115652313398,0.0138527827175413,0.6919995543453921,0.9998814735945192,1.0,1.0,208,-55.9116706111005,-7.6435819522878115,-27.64751808117361,0.12679991097750315,0.36837877504266536,0.20671197988643553,0.3111819751446366
54,7Networks_LH_Default_Temp_10-lh,lh,Default,0.0099284434629753,0.0081738837844529,0.0079762151814181,0.6037313415682257,0.6042347379613737,0.0088509004747401,0.847231467510112,0.9998863271509651,1.0,1.0,208,-52.29275311985409,-44.45777504342105,3.683274732517424,0.1573319742035673,0.37933661193320845,0.19403705185482983,0.3094354500730679
55,7Networks_LH_Default_Temp_2-lh,lh,Default,0.0082944919545013,0.0069671834510434,0.0053515672024427,0.6083497297105124,0.6076072870501257,0.0088869167215563,0.8507379444155477,0.9998727154182524,1.0,1.0,208,-61.790484664840825,-23.34326415926764,-21.159731723702887,0.13154662929672245,0.4034735001744387,0.22525205640850895,0.18066090815720898
56,7Networks_LH_Default_Temp_3-lh,lh,Default,0.0073857054547895,0.0057629008830745,0.0085827240080669,0.6095385308205029,0.6085572378350961,0.0093960011626302,0.8528856145970002,0.9998696571747858,1.0,1.0,208,-58.37601721091349,-38.36302311433469,-20.80113221778244,0.13084479091224993,0.4150004255530253,0.23580543060867357,0.11763123332538761
57,7Networks_LH_Default_Temp_4-lh,lh,Default,0.0102419597707441,0.0082905176509846,0.0090853412468609,0.6073657530378218,0.6068085055281125,0.0090631627242987,0.817746886960851,0.9998762930498684,1.0,1.0,208,-56.184116394907726,-16.283339937164754,-14.49555316398523,0.133026629092395,0.38689615189708415,0.21273905282426825,0.2530315442457154
58,7Networks_LH_Default_Temp_5-lh,lh,Default,0.0140181637349346,0.0109769458233582,0.0102163080810195,0.6069431652514538,0.6057176056659854,0.0101927756553584,0.7415342912129154,0.9998835222907808,1.0,1.0,208,-56.14723524146419,-0.4664827350988786,-11.205865896063736,0.1281991769215117,0.3642867832259142,0.19838401024062624,0.3487325848190461
59,7Networks_LH_Default_Temp_6-lh,lh,Default,0.0077117215846357,0.0061368518389797,0.0076999756582859,0.6065379288409896,0.6071560550776052,0.0049608505874475,0.8698068188834177,0.9998741541509952,1.0,1.0,208,-58.67622828198444,-38.53217578000066,-5.0871125535864685,0.13819022063949363,0.4025892977211263,0.22128029942445443,0.18905613464631002
60,7Networks_LH_Default_Temp_7-lh,lh,Default,0.0108216088368305,0.00918442297989,0.0076336903343331,0.605136880595433,0.6052882969347512,0.0088643821827563,0.8113839042129369,0.999883565530275,1.0,1.0,208,-51.35545365942661,-28.308782433717383,-6.800510683236047,0.1492798207641765,0.3742840647711821,0.19732750638430108,0.31269646488599817
61,7Networks_LH_Default_Temp_8-lh,lh,Default,0.0077603030586775,0.0062646998103954,0.0076783904569397,0.6096458529196241,0.6068692051155669,0.0147485666413171,0.8657976928838587,0.9998736961897184,1.0,1.0,208,-61.78149339379368,-16.813580985261474,-3.943987178188997,0.13707236644400023,0.3998687806625644,0.22047824824228673,0.20179713570286148
62,7Networks_LH_Default_Temp_9-lh,lh,Default,0.0079671281897209,0.0064820347045737,0.0078738231541327,0.606060314199355,0.6065016949768397,0.0072367100989901,0.8720380690110888,0.9998770649486008,1.0,1.0,208,-61.810173705013,-35.032639649363446,2.062868429731705,0.1446834561980996,0.3959753767300617,0.21297926867976283,0.2213335575796709
63,7Networks_LH_Default_pCunPCC_1-lh,lh,Default,0.0126526290977407,0.0112053668932057,0.0072068322534733,0.6017318319652425,0.6017607359186443,0.007164498417766,0.753768978233408,0.9998938067838916,1.0,1.0,208,-7.1763669689368585,-54.03647287252248,7.499414140005204,0.20217944184003742,0.3585398329171806,0.17342652861614108,0.3587972273410421
64,7Networks_LH_Default_pCunPCC_10-lh,lh,Default,0.0157226121549833,0.0150526142440194,0.0071979534218361,0.5952830566459677,0.5954697020238877,0.0106678837421575,0.6736005422948081,0.9999232635754592,1.0,1.0,208,-4.11859862944659,-65.55800170732219,41.53012864522165,0.3020207566821662,0.3213470993102367,0.11229150836742084,0.5180105328785046
65,7Networks_LH_Default_pCunPCC_11-lh,lh,Default,0.0170121409839941,0.0163383487366678,0.0045785723095372,0.5936299700972264,0.5939839223806154,0.0080744423625003,0.7020558175117723,0.9999278392280964,1.0,1.0,208,-7.123247340262015,-49.818272388727465,42.59006779616111,0.2809474161852036,0.31396189079126857,0.10468908545487253,0.589129193166268
66,7Networks_LH_Default_pCunPCC_2-lh,lh,Default,0.0150973056586974,0.0141016006594047,0.0049758291872233,0.5984197742422256,0.5981299522633209,0.0080913056076132,0.7175012926707318,0.9999069565419,1.0,1.0,208,-14.11254913537572,-62.67526649996493,17.11080800938307,0.24212927685687421,0.33241415027317556,0.14425916145107878,0.4645019818962075
67,7Networks_LH_Default_pCunPCC_3-lh,lh,Default,0.0149611953255532,0.0142216639599633,0.0055366363757001,0.5962532474768101,0.5956650253641198,0.0085327374331345,0.6922546117437248,0.999914725963798,1.0,1.0,208,-3.2310558035969734,-54.12389100514925,20.204847374023537,0.27511157299712713,0.32656897440144134,0.1276912865838778,0.4951151701465573
68,7Networks_LH_Default_pCunPCC_4-lh,lh,Default,0.0094010878926846,0.0084276416619723,0.0053397455711685,0.6024647447860783,0.6022973867792102,0.0068276053616677,0.8252168758049964,0.9998878383265576,1.0,1.0,208,-4.187172914616038,-39.83902543355404,24.192996006833308,0.17975224697189973,0.37228253707246084,0.18597322617031511,0.3205316246032753
69,7Networks_LH_Default_pCunPCC_5-lh,lh,Default,0.0186693676099005,0.0175360540120064,0.0063548012633028,0.5928212440244558,0.5923475829475129,0.0084642823082844,0.5635930294283373,0.9999305550041752,1.0,1.0,208,-12.182870918188613,-68.88448113755297,30.34756563875241,0.32868377747229516,0.2992337904158837,0.09717882011504143,0.5977196009486639
70,7Networks_LH_Default_pCunPCC_6-lh,lh,Default,0.0173321689056977,0.0165297283478293,0.0057469563220597,0.5938910578000086,0.5935140750877873,0.0085839095530136,0.6299155258700104,0.9999275260023384,1.0,1.0,208,-6.210162707089527,-59.21063153043514,29.97880504757839,0.3133277870814728,0.3046541801720392,0.10387061811781192,0.5785772978251293
71,7Networks_LH_Default_pCunPCC_7-lh,lh,Default,0.011860249621825,0.0108717481378541,0.0056735170974519,0.598406066818792,0.5985013229082881,0.0059387077159133,0.8101542212988353,0.9999022055108232,1.0,1.0,208,-7.397917231708242,-43.84895533288432,33.774448196790374,0.21316139287511718,0.3510450987450573,0.15406284985690943,0.42165407020325807
72,7Networks_LH_Default_pCunPCC_8-lh,lh,Default,0.0113387042314168,0.0105937183895179,0.0036527288758301,0.5985400679713367,0.5986034340681359,0.0072221873511679,0.8449751535461739,0.9999021372680578,1.0,1.0,208,-2.999572497981412,-31.003679178811453,39.53711645419781,0.17539296830113119,0.3577837819803972,0.15475901843942105,0.4355444199770166
73,7Networks_LH_Default_pCunPCC_9-lh,lh,Default,0.0128097324679572,0.0123786389467299,0.0053552144929404,0.5969329249040889,0.5970903365623332,0.0067331408122154,0.8519031832398264,0.9999094259638628,1.0,1.0,208,-1.8576950583632528,-14.542882574504793,39.12657913627014,0.16331005329663775,0.3462001281217859,0.14298481944978447,0.5005001428159844
74,7Networks_LH_DorsAttn_FEF_1-lh,lh,DorsAttn,0.0107029210300425,0.0087021000350008,0.008707635189504,0.6000637796969945,0.600269313904825,0.0107112296755809,0.8141920731316598,0.999902455938018,1.0,1.0,208,-42.38063602239867,-4.416281575106394,49.41332086471154,0.17534796272790576,0.37607909384151655,0.15978121518398994,0.3710643451383168
75,7Networks_LH_DorsAttn_FEF_2-lh,lh,DorsAttn,0.0139176281912304,0.0120848780769018,0.0096250695904068,0.5992900012306804,0.5985522819500428,0.0111005346449797,0.8669211893422516,0.99991619842444,1.0,1.0,208,-26.209761056873607,-0.553784114816239,51.04001641735806,0.1485291371340716,0.3421553657574246,0.13678552334866434,0.5502102968071566
76,7Networks_LH_DorsAttn_FEF_3-lh,lh,DorsAttn,0.0129142453770186,0.0109713893361314,0.0089662172769592,0.5984009967805783,0.5978154970939646,0.0115455507952457,0.7637474915203358,0.9999141146990724,1.0,1.0,208,-30.667170245005902,-7.23287867207125,49.05226208024236,0.19016352243682375,0.36665396097810365,0.13601176527735911,0.4325111994576924
77,7Networks_LH_DorsAttn_FEF_4-lh,lh,DorsAttn,0.012802154216201,0.0110509510695991,0.0089907656192916,0.5984797133968278,0.5980267244594001,0.0114331032931618,0.8533177270087707,0.9999106350647567,1.0,1.0,208,-21.806398165744284,5.312929678721981,59.09587647811226,0.15183585686844026,0.3501532056334509,0.14557385472130746,0.5055060212959649
78,7Networks_LH_DorsAttn_Post_1-lh,lh,DorsAttn,0.0098365391699926,0.0076798955022459,0.0082603521710075,0.6079131681097989,0.6079453875532939,0.0063128194335011,0.8189141132285425,0.9998778241953072,1.0,1.0,208,-44.205691876883705,-41.47907080056187,-24.02837216130461,0.13632842230852055,0.4044821290608896,0.2244146603876068,0.16347213606820635
79,7Networks_LH_DorsAttn_Post_10-lh,lh,DorsAttn,0.0149922708172119,0.0138492315267921,0.0070106833808943,0.596911873463682,0.5974809620580546,0.0082943466574844,0.7797067623018965,0.99992064955391,1.0,1.0,208,-27.93978271047577,-56.96442309226698,45.037484685883264,0.2332141560282312,0.3405128319032402,0.1204372594394825,0.5225046849757132
80,7Networks_LH_DorsAttn_Post_11-lh,lh,DorsAttn,0.0148751850567278,0.0140119386807774,0.0077668855814275,0.5974021194440454,0.5969118827344575,0.0100617060020112,0.7823632219650084,0.9999200961257672,1.0,1.0,208,-35.27278000163281,-38.49769673009557,44.12522832990632,0.21423457116211178,0.3534546858216368,0.12151466365685054,0.4926996929142019
81,7Networks_LH_DorsAttn_Post_12-lh,lh,DorsAttn,0.01405922606907,0.0129089462442058,0.0082423394934537,0.5983960854176001,0.5988737675647586,0.0101796551280238,0.8045700983490865,0.9999129517693645,1.0,1.0,208,-34.70367788801006,-51.61386739818099,51.68537143632477,0.21107456085948137,0.3488302906866043,0.131359825111221,0.48757637104568774
82,7Networks_LH_DorsAttn_Post_13-lh,lh,DorsAttn,0.0139421579619486,0.01223565122056,0.0079830039841218,0.5966971119717096,0.5973934386530426,0.0089875741518937,0.746527298727736,0.9999147803819348,1.0,1.0,208,-15.236237032457543,-69.27501632643431,54.09764610619516,0.25657155976448315,0.34051764990860783,0.12725890098248718,0.4781493745308538
83,7Networks_LH_DorsAttn_Post_14-lh,lh,DorsAttn,0.0126765080408922,0.0112809725875541,0.0084941781914878,0.5988081431680599,0.5996080481448389,0.0079539321027986,0.8024403163635837,0.9999076163581126,1.0,1.0,208,-26.62689025998897,-60.30824582261152,58.1833988004712,0.21854122230996265,0.358143015503649,0.14431140783489202,0.41896308762354245
84,7Networks_LH_DorsAttn_Post_15-lh,lh,DorsAttn,0.0133663431410721,0.0117218478165598,0.0082545219069395,0.5979985714709517,0.5984020884859614,0.0102745038439238,0.7748278153392086,0.999911448058024,1.0,1.0,208,-9.955279937660416,-57.18201072912648,61.73898947549618,0.23018239340679209,0.35012175359538233,0.13590148982409667,0.4534955601787264
85,7Networks_LH_DorsAttn_Post_16-lh,lh,DorsAttn,0.0124778748102599,0.0110094467876957,0.0082677077779968,0.5985543454892788,0.5995452504479577,0.0089460514000921,0.7956704127257909,0.9999093634700028,1.0,1.0,208,-20.9414129970836,-53.92451153709775,63.16374481616377,0.22240853581286466,0.3597913179877772,0.14123828936772978,0.41871286322751766
86,7Networks_LH_DorsAttn_Post_17-lh,lh,DorsAttn,0.0106319309224389,0.0090105591364021,0.0075178024277749,0.5999309044394253,0.6005479654698006,0.0110720630815575,0.8129932343001157,0.9999000864999606,1.0,1.0,208,-15.386701867096406,-50.276124586138806,70.73036589658349,0.20818031803627313,0.3720152518064851,0.15925290316971139,0.3505312233956295
87,7Networks_LH_DorsAttn_Post_2-lh,lh,DorsAttn,0.0087753240781306,0.0073910167477621,0.0052272460843435,0.6066635077386942,0.6071479677996933,0.0072031766656171,0.8487892433834021,0.9998781652078887,1.0,1.0,208,-47.15596871878233,-54.06269714307735,-15.919451797095528,0.140759116696362,0.4007686568664425,0.2183753789516458,0.19092919706019842
88,7Networks_LH_DorsAttn_Post_3-lh,lh,DorsAttn,0.0067945949722967,0.0052394436702024,0.0072362222514726,0.607012618536112,0.6071958522660532,0.0067015677485892,0.8768667652766516,0.9998721413981464,1.0,1.0,208,-53.2125022771322,-62.25397700136548,-3.8142905067428297,0.1377467969090317,0.4100205500246438,0.22900216161849796,0.1523792449914333
89,7Networks_LH_DorsAttn_Post_4-lh,lh,DorsAttn,0.0081088560525968,0.0063261921448684,0.0078426895547555,0.6029517280577046,0.6044783281792176,0.006870918005284,0.8701086799980525,0.9998829605300916,1.0,1.0,208,-46.47895984177876,-67.84704178719133,11.128987582749277,0.16479417142673775,0.38855523456755053,0.20233049160392758,0.2558013299297399
90,7Networks_LH_DorsAttn_Post_5-lh,lh,DorsAttn,0.0179115243005552,0.0171639442981904,0.0070020803346526,0.5938061806422176,0.5936416391491728,0.0095549451200207,0.6957921024368454,0.9999323186686624,1.0,1.0,208,-26.4475365004726,-69.29530358625301,27.30186345190976,0.28559791944858465,0.3029154606470097,0.0994896481250012,0.6551388840223705
91,7Networks_LH_DorsAttn_Post_6-lh,lh,DorsAttn,0.0100072624946751,0.0080068519222923,0.0085868439301824,0.6014781212741639,0.6027309899436211,0.007194669584211,0.8564129166055222,0.999893282979293,1.0,1.0,208,-50.50214662977085,-33.157821261654995,40.64988930574648,0.16461903540283562,0.3794028874595229,0.17548332497041583,0.34561387388664516
92,7Networks_LH_DorsAttn_Post_7-lh,lh,DorsAttn,0.0155332907607856,0.0145724420132911,0.0070087670301013,0.5957356228165879,0.5958711214524756,0.0080873810793255,0.7468617372854648,0.9999215240827574,1.0,1.0,208,-23.56977437251323,-64.05671753754487,42.030502046121136,0.25997191237692685,0.3259963570624762,0.11612035409565559,0.5492406514372893
93,7Networks_LH_DorsAttn_Post_8-lh,lh,DorsAttn,0.0155709851235314,0.0149177288579388,0.0076025360625812,0.5959416314487838,0.5958702671461802,0.0097717552785686,0.8048410564602863,0.9999244359060152,1.0,1.0,208,-41.80453570444181,-31.00647144860758,38.730709529601945,0.21588061002471765,0.34144691760155965,0.11201969006150943,0.5541930191108326
94,7Networks_LH_DorsAttn_Post_9-lh,lh,DorsAttn,0.016146157539803,0.0150793867382785,0.0077656336802843,0.5958177580449907,0.5963620973642478,0.0087940845534055,0.8001849309629496,0.9999224014439004,1.0,1.0,208,-33.93362460633502,-47.70593910757332,38.35676895789658,0.2221096348847311,0.33049761712897613,0.11536525278186623,0.5757916156977637
95,7Networks_LH_DorsAttn_PrCv_1-lh,lh,DorsAttn,0.0112175388725552,0.0097462578031899,0.0080179145789287,0.6012211572334875,0.6019842190832176,0.0065097397703475,0.8346934093761706,0.9998977606699168,1.0,1.0,208,-47.97324231275872,6.2063375440996085,24.471581162030425,0.14878707051750367,0.3695855245830634,0.16852928206984732,0.4015190753829021
96,7Networks_LH_DorsAttn_PrCv_2-lh,lh,DorsAttn,0.0103769774779153,0.0086891636330308,0.0080938772780515,0.6006718919607774,0.6014659002188223,0.0082925186176248,0.8499738677569163,0.9998992398607622,1.0,1.0,208,-49.70606513484832,0.9781463359288248,36.64115305562173,0.1553155987313191,0.37189429123115714,0.16580576398258892,0.39368874601522774
97,7Networks_LH_Limbic_OFC_1-lh,lh,Limbic,0.0312827811900594,0.0283092531321482,0.0143721883886205,0.6048871492861013,0.6021294978080585,0.0142684626191583,0.612275756692263,0.9999058531080228,1.0,1.0,208,-13.292980548075713,21.18468537236926,-21.08755740952804,0.11440807167849064,0.30378298884178156,0.1638202319318276,0.5356869164511199
98,7Networks_LH_Limbic_OFC_2-lh,lh,Limbic,0.0351156688096357,0.0311060646933546,0.0183109847361615,0.6032479786320001,0.6031677118103796,0.0070036464173448,0.5990440292110967,0.9999068506965624,1.0,1.0,208,-23.89638536037197,21.985710938771565,-20.290748986126232,0.11047812364677528,0.30079827657261404,0.16508912978907034,0.524213786958494
99,7Networks_LH_Limbic_OFC_3-lh,lh,Limbic,0.0349679949460563,0.0323418211315733,0.0144460620949519,0.6053887230598864,0.6039619881679685,0.0113712866234999,0.5701514097067888,0.999908172082715,1.0,1.0,208,-10.873434260217609,43.48105623411096,-23.46935508130253,0.10361250058663819,0.3003537824187284,0.16541315680408256,0.5207336324879499
100,7Networks_LH_Limbic_OFC_4-lh,lh,Limbic,0.0310564578304232,0.0261224642379839,0.0174264959744552,0.6050667126959672,0.6044355589885044,0.0079073413481082,0.5689970150339391,0.999902903278278,1.0,1.0,208,-3.754660211937337,20.102923882762088,-18.793292442756364,0.11918971305419018,0.33116084637019966,0.17597663123828966,0.4356561198298287
101,7Networks_LH_Limbic_OFC_5-lh,lh,Limbic,0.0186936886464785,0.0164066996359016,0.0114503490101427,0.607663315126909,0.6073009811747538,0.0090938340644164,0.619508823156884,0.9998886690271488,1.0,1.0,208,-16.13442856102314,62.18571597164117,-7.906560958747399,0.12100043935122745,0.36797220968872574,0.20025181837977388,0.3072367935516701
102,7Networks_LH_Limbic_TempPole_1-lh,lh,Limbic,0.0199235058196916,0.0178297503811112,0.0113511506521441,0.6089772158652166,0.6064148173290231,0.01353139267935,0.5876830110837908,0.9998861382576446,1.0,1.0,208,-39.70239196528656,-7.127084286019371,-41.0033975718879,0.12644663943746137,0.3595871470526301,0.19895124192685587,0.3326934892745063
103,7Networks_LH_Limbic_TempPole_2-lh,lh,Limbic,0.0257685551508658,0.0232276889950243,0.0111384200110652,0.6062001650903945,0.6053606036551045,0.0103205323367793,0.5281897990449118,0.9998952560550342,1.0,1.0,208,-26.86821711989882,4.227945093631065,-38.74394536141904,0.12055799873144055,0.3323122568844958,0.1817170391670737,0.4378006850288779
104,7Networks_LH_Limbic_TempPole_3-lh,lh,Limbic,0.0221237538176417,0.0182147087493732,0.0129795535453892,0.6080434663914895,0.605964364456935,0.0144881987626538,0.6012773909990814,0.9998930399661184,1.0,1.0,208,-26.731302960713705,-10.89095298608144,-33.499243920644126,0.13103583975810948,0.3511904155880601,0.1871125271041414,0.37385151785219256
105,7Networks_LH_Limbic_TempPole_4-lh,lh,Limbic,0.0115278719797203,0.0090456863450871,0.0085341229729905,0.6089724176083308,0.6081266628148972,0.0088720710010936,0.7726746844198905,0.9998748701485152,1.0,1.0,208,-51.7472156144016,-24.36365758002192,-32.80556341572594,0.12671574639730646,0.39297063234918367,0.22275040105620836,0.2095255838798435
106,7Networks_LH_Limbic_TempPole_5-lh,lh,Limbic,0.0123168704029805,0.0100272852628915,0.0082731181046159,0.6081306234348207,0.6074812160678633,0.0093018727880229,0.7588559232370131,0.9998789570103838,1.0,1.0,208,-40.06220527048464,-23.02177058546632,-26.49928586129789,0.13238600315682011,0.3876276758050391,0.2156697688739914,0.23338858053185618
107,7Networks_LH_Limbic_TempPole_6-lh,lh,Limbic,0.0264281237083358,0.0222872415103168,0.0147086204033955,0.6083973897587964,0.6057601663794931,0.0153143715230311,0.5308683799533809,0.9998943385732508,1.0,1.0,208,-47.4509777497353,8.622316963813343,-30.74130548409761,0.11330880076273592,0.33155084147133934,0.18339791342049033,0.42428456545882587
108,7Networks_LH_Limbic_TempPole_7-lh,lh,Limbic,0.0256630144892905,0.0220770462876186,0.0144661613710204,0.6064194249153,0.6056439304362193,0.0104008577970165,0.5552041915127377,0.9998970644998112,1.0,1.0,208,-33.55322896501292,7.815340258841119,-26.289559712617294,0.12310187318103136,0.3380483024230558,0.1811282409982544,0.42372278068564795
109,7Networks_LH_Limbic_TempPole_8-lh,lh,Limbic,0.0199049567597671,0.0179355327191171,0.0088141614147334,0.6035734685770416,0.6034605420603751,0.006877058140451,0.6323950701736513,0.9998974544738668,1.0,1.0,208,-20.833664374048976,-22.47760446266105,-25.04633926841068,0.14687221735057115,0.34379330519686235,0.18146888502042258,0.40750017012771217
110,7Networks_LH_SalVentAttn_FrOperIns_1-lh,lh,SalVentAttn,0.0251734303185433,0.0227174833608101,0.0115164591277227,0.6028042827380372,0.601148813725023,0.0120175316341916,0.6673980084069254,0.9999035108986656,1.0,1.0,208,-44.27507714153524,-1.9691270553615543,-15.561208579821743,0.12818552264350314,0.306195474280865,0.1610267503943201,0.5564393792740572
111,7Networks_LH_SalVentAttn_FrOperIns_2-lh,lh,SalVentAttn,0.0257582072660649,0.0245440277111927,0.0102447287772356,0.6022038420934047,0.6020821940742545,0.0084447814378709,0.6254495835963405,0.999904257501093,1.0,1.0,208,-39.97043976865537,0.595864837537787,-6.664366941782386,0.13108027406337688,0.3082035214092299,0.1610589563369279,0.5473580593461077
112,7Networks_LH_SalVentAttn_FrOperIns_3-lh,lh,SalVentAttn,0.0349197916059566,0.0320019151841766,0.0171583083427192,0.602017569848376,0.6012999426325745,0.0102129407174191,0.6496964703568244,0.9999112501596846,1.0,1.0,208,-32.39046696366935,26.02637937874629,-0.3362175469819842,0.11810224361493311,0.2901144387570746,0.1509978834335663,0.5895635599779141
113,7Networks_LH_SalVentAttn_FrOperIns_4-lh,lh,SalVentAttn,0.0136499885442931,0.0115781126553438,0.0083422347609949,0.605995945322067,0.6055922965122729,0.0095368943305298,0.7350700630595836,0.9998857913236576,1.0,1.0,208,-40.23415162386142,-16.420856948315397,-3.941731276541112,0.14026995007757567,0.3667235017386235,0.1960728352559112,0.3355082122593414
114,7Networks_LH_SalVentAttn_FrOperIns_5-lh,lh,SalVentAttn,0.0200172678091885,0.0185845430563647,0.0090223886450589,0.6004406958940046,0.600010514170372,0.0088662923258572,0.7306505959113655,0.9999079931355054,1.0,1.0,208,-32.974421531985506,19.40142974371862,7.906767452124393,0.14432436968286572,0.32911873667907476,0.14724235847412848,0.5276987511664923
115,7Networks_LH_SalVentAttn_FrOperIns_6-lh,lh,SalVentAttn,0.0140341804797982,0.0130102233725937,0.0086743399277396,0.6026958671821813,0.6032392583745807,0.0056645233779575,0.7726401367703364,0.999893198631098,1.0,1.0,208,-35.928958713498886,4.822265129268403,10.04293815226976,0.1404233831485438,0.35917020646002173,0.17850814601233012,0.4029262195645339
116,7Networks_LH_SalVentAttn_FrOperIns_7-lh,lh,SalVentAttn,0.0096637464833639,0.007856797041815,0.008342313316542,0.6069549891948707,0.6062322112206215,0.010420204128108,0.8414410045991809,0.9998790797739654,1.0,1.0,208,-44.15241681496928,12.027876529637284,1.954714645833276,0.13441425625772668,0.3890747667401841,0.20899598941356012,0.2529693732622269
117,7Networks_LH_SalVentAttn_FrOperIns_8-lh,lh,SalVentAttn,0.0100383637129885,0.0084541695902895,0.0073940203765066,0.6055187010551716,0.6054249519164081,0.0086174568854238,0.8311218763304424,0.9998834255178614,1.0,1.0,208,-51.096116187164135,0.163706507318967,3.985929608473668,0.13911874950795966,0.3825628800507877,0.19797971057268224,0.3017659034947814
118,7Networks_LH_SalVentAttn_FrOperIns_9-lh,lh,SalVentAttn,0.0096375673483038,0.0077415909793119,0.0083355837578259,0.6056609309752183,0.6055475877833857,0.0083950126703804,0.8398575806960445,0.99988115849185,1.0,1.0,208,-51.86575559607135,8.562580772968525,12.651200385378376,0.13568712788684753,0.3903579681798732,0.2032882547693421,0.26864659787971745
119,7Networks_LH_SalVentAttn_Med_1-lh,lh,SalVentAttn,0.0172038244527059,0.0162065267302932,0.0077892829017039,0.597568181566004,0.596835378452985,0.0089925923834393,0.867045257563422,0.999923436396468,1.0,1.0,208,-7.622988210197239,19.573154094349984,32.80045354014207,0.14046847321110248,0.32723952596893263,0.12220916293147184,0.6167732588137107
120,7Networks_LH_SalVentAttn_Med_2-lh,lh,SalVentAttn,0.0165114643347833,0.0155593634840994,0.0075499191399736,0.5971115937934072,0.5946486907629749,0.0148041646267439,0.8796256134009971,0.999930847934184,1.0,1.0,208,-6.89563837940768,0.8559452925412733,41.32250199355478,0.16194752941200685,0.3147933436349348,0.10656691458281659,0.6742793149518049
121,7Networks_LH_SalVentAttn_Med_3-lh,lh,SalVentAttn,0.0105387554105858,0.0093143446395981,0.0071976571802511,0.6005186037090542,0.6002300823199181,0.0088135411840194,0.8344425978125846,0.9998951356003274,1.0,1.0,208,-12.766133691386171,-24.88988610920153,41.19620874906841,0.17357593390950082,0.3670292813126405,0.1712203860000877,0.3749900141389987
122,7Networks_LH_SalVentAttn_Med_4-lh,lh,SalVentAttn,0.0162191834494026,0.0149705424397486,0.0086450000790363,0.5997818283993653,0.5967046873436948,0.0145091821869605,0.8734216937066857,0.9999245905841688,1.0,1.0,208,-7.273161498623826,8.181929967880901,46.825313479857456,0.14584281156419865,0.32048298555288296,0.12058582503087298,0.6396798533844954
123,7Networks_LH_SalVentAttn_Med_5-lh,lh,SalVentAttn,0.0150867666924849,0.014185273824777,0.0072573435750543,0.595995590698974,0.5965518250935629,0.0068164481413733,0.7546131885341179,0.9999115721331344,1.0,1.0,208,-14.46428824674244,-39.05645511824771,45.86814254720214,0.23590529110766592,0.3344201757528475,0.13469722992112282,0.4892574550720836
124,7Networks_LH_SalVentAttn_Med_6-lh,lh,SalVentAttn,0.0151368748836879,0.0142085335714594,0.0076078814602534,0.5970512396021251,0.5964141895849164,0.0116820428118787,0.7456029518988003,0.9999221943619236,1.0,1.0,208,-7.996972425284158,-47.905287310632026,56.66460163651948,0.24814255343490466,0.3343993185339245,0.1169840440593266,0.5293229304893152
125,7Networks_LH_SalVentAttn_Med_7-lh,lh,SalVentAttn,0.0104092903625478,0.0088694566319058,0.0076736259402631,0.5993212237634719,0.599904059526762,0.0080386427967866,0.8525897834327986,0.9998972662859792,1.0,1.0,208,-9.581735411692527,-4.7751348625948085,68.61623965108336,0.149561345390975,0.3601583455391201,0.17118772139250701,0.42169190900516473
126,7Networks_LH_SalVentAttn_PFCl_1-lh,lh,SalVentAttn,0.0125080930385981,0.0107280977624134,0.0091226266876446,0.6029766500038418,0.6037881779025777,0.0056819970415278,0.8163083240466992,0.9998969138838162,1.0,1.0,208,-30.43239820530984,39.53049867765039,25.725265998755937,0.13856149162716194,0.37092649910528763,0.17387016818964407,0.37002038524790726
127,7Networks_LH_SalVentAttn_ParOper_1-lh,lh,SalVentAttn,0.011195924840024,0.009943811937689,0.0078938975075895,0.6008476426213929,0.6016146144017125,0.0070310206230218,0.8361914293158754,0.999896496983878,1.0,1.0,208,-53.007303389158544,-35.49347277359816,21.68828773603565,0.17383396499168913,0.36104551733731,0.17039987550569613,0.40360915228820615
128,7Networks_LH_SalVentAttn_ParOper_2-lh,lh,SalVentAttn,0.0092689792897402,0.0071866490995777,0.0084351242523214,0.6030240120667618,0.603990200473873,0.0067464090959858,0.8601278636445687,0.999886791646528,1.0,1.0,208,-57.54926100154381,-45.50295204227253,25.69512326030408,0.15833700765097686,0.3811233790535635,0.1923085667018575,0.305002094571752
129,7Networks_LH_SalVentAttn_ParOper_3-lh,lh,SalVentAttn,0.0077722883347705,0.0061388909450248,0.0079703371348469,0.6045927899721846,0.6055736560197054,0.0063070150928268,0.8782689807629798,0.9998818197606488,1.0,1.0,208,-59.68074720102058,-24.800348331803395,30.209649454625765,0.15031335347265443,0.3963871721840265,0.20228687595860217,0.24669662254466942
130,7Networks_LH_SalVentAttn_ParOper_4-lh,lh,SalVentAttn,0.0084689207291738,0.0062720135546026,0.0094144004157518,0.6040961196258084,0.6051685648589252,0.0063397124966058,0.8713085248639982,0.9998829073418264,1.0,1.0,208,-60.27880584389154,-37.42226658276985,34.42161412911912,0.1512894155837069,0.3924783753165527,0.19938813778115136,0.26309240995020067
131,7Networks_LH_SalVentAttn_TempOcc_1-lh,lh,SalVentAttn,0.0076737763004648,0.0060250503228359,0.0071939597402371,0.6045523323663665,0.6054674272889744,0.0075618069775528,0.8781933898858186,0.9998796129008516,1.0,1.0,208,-53.62599159361529,-54.918923530160434,7.941994568516798,0.1515533206811486,0.3962885124856269,0.21006798606838684,0.22983844161557138
132,7Networks_LH_SomMot_1-lh,lh,SomMot,0.0132075694580817,0.0120073742361914,0.0078745566863312,0.6042152371031863,0.6026395551164745,0.0125692765794504,0.7834769094878026,0.9998924050367044,1.0,1.0,208,-49.10716878647772,-13.393378912210798,0.4076897875755875,0.14968832625636433,0.3537495839089473,0.17552073294162174,0.4243944661069478
133,7Networks_LH_SomMot_10-lh,lh,SomMot,0.0106277940206517,0.0090973326322264,0.0077273520666334,0.6019493683990015,0.6022260717122806,0.0089362938603858,0.8363155203091974,0.9998934905595204,1.0,1.0,208,-48.60821804058589,-25.19058727096988,17.03619863844964,0.17070043273290259,0.36252901950614286,0.17311430593827073,0.39088086470143474
134,7Networks_LH_SomMot_11-lh,lh,SomMot,0.0080194999816344,0.0062846968733825,0.0080121614146058,0.6050406573442388,0.605647626584521,0.0058609526489574,0.8757993279093828,0.9998804355103104,1.0,1.0,208,-60.038825685568085,-19.98567181373921,18.521731339629167,0.1452317172958105,0.3960097833899686,0.20735308963872345,0.2389803958821301
135,7Networks_LH_SomMot_12-lh,lh,SomMot,0.008649281335853,0.0070104868602405,0.0078311552220576,0.6041954831940157,0.604405627953535,0.0075993983165996,0.8645125384768391,0.9998850747333256,1.0,1.0,208,-58.84164334007316,-5.112528729102339,22.820865601232047,0.1463327889545177,0.3886160529685113,0.19383131415849653,0.29174400135865375
136,7Networks_LH_SomMot_13-lh,lh,SomMot,0.0075185595265705,0.0059450578786672,0.0079502960660294,0.60489375249053,0.605883465365697,0.0057562094819939,0.8822394132570822,0.9998801768325908,1.0,1.0,208,-62.35561814361916,-12.373987597159909,31.45366324088424,0.14546884772686502,0.3998060113012181,0.20700465270812482,0.23126432583515896
137,7Networks_LH_SomMot_14-lh,lh,SomMot,0.0119397490666876,0.0107769038618117,0.0078375527893405,0.5995843192468732,0.6001122503614982,0.0070540001096132,0.8341737867079015,0.999904150302104,1.0,1.0,208,-50.190783267419775,-10.547492154242454,28.73387516541377,0.17183154357907526,0.3576142860205286,0.15431716249972252,0.4510413887967659
138,7Networks_LH_SomMot_15-lh,lh,SomMot,0.009608963561311,0.0080184359762633,0.0080972776953045,0.6011872139063927,0.6022232894408097,0.0070599394066743,0.852526147531961,0.9998938834068002,1.0,1.0,208,-53.3214094234946,-23.75585824414029,37.91048008757211,0.17216912371642185,0.38193186087038805,0.17310420780375968,0.3348077833451242
139,7Networks_LH_SomMot_16-lh,lh,SomMot,0.0110213531234012,0.0093296687781909,0.0080909715724594,0.5993588911897797,0.5997571826672259,0.0074805992908805,0.8356484629956327,0.999904755179564,1.0,1.0,208,-49.83749240769976,-10.013368644769963,40.2321214262352,0.17957172095364637,0.36392782160523346,0.15234244484069318,0.42670694920108604
140,7Networks_LH_SomMot_17-lh,lh,SomMot,0.0121403561530265,0.0107455909980447,0.0079737789295755,0.5982538374529849,0.5987490258299195,0.007887832136474,0.8215150468420931,0.9999075543258092,1.0,1.0,208,-45.774021628853326,-17.987458420800163,37.90019580200836,0.1934671307769851,0.3596379903083847,0.14386788687432978,0.44285255394008255
141,7Networks_LH_SomMot_18-lh,lh,SomMot,0.0116425160674768,0.0105719023097648,0.0060081812275771,0.5976620217519926,0.59795399268369,0.007479120895704,0.8594633723278732,0.9999070608471642,1.0,1.0,208,-8.743129790720923,-13.75252651180579,45.59628399935636,0.15913894946380117,0.34855280816646916,0.14962461208528446,0.48969679669756094
142,7Networks_LH_SomMot_19-lh,lh,SomMot,0.0129940253937312,0.0109950834086266,0.0085815740680142,0.5975029077870445,0.5977655244155391,0.0111183615863483,0.75038983730891,0.9999156236550074,1.0,1.0,208,-38.86746629572385,-16.22310636275578,44.99045438457107,0.20769598820958415,0.36680402101204,0.1315850268834017,0.42840793902282365
143,7Networks_LH_SomMot_2-lh,lh,SomMot,0.010184970055112,0.0086749630226683,0.0077018751150756,0.6043948656286519,0.6048099203618162,0.0076431191807992,0.828620838301512,0.999884903377968,1.0,1.0,208,-56.10931351951565,-23.69945911513901,5.707054936435079,0.15529589734264124,0.3737650448990189,0.19127522632876595,0.32541058400868794
144,7Networks_LH_SomMot_20-lh,lh,SomMot,0.0108283982568592,0.0087051465146121,0.0083749755933507,0.5994032224344237,0.6003823983721648,0.0091095781302554,0.7861878203661353,0.9999019342192226,1.0,1.0,208,-46.825092743854135,-19.5573662118036,52.93963616234915,0.2013808134911747,0.3832522757724085,0.15552658163043942,0.32823145321087926
145,7Networks_LH_SomMot_21-lh,lh,SomMot,0.0114902199854103,0.0095225504622485,0.0085677319170024,0.6005190766346847,0.6006820895311834,0.0111709009138644,0.7806508507910143,0.9999025962246524,1.0,1.0,208,-46.16054633649737,-30.398967910518845,54.6225489349511,0.1992110241039674,0.3829083593248923,0.15357858553191991,0.33375809282624724
146,7Networks_LH_SomMot_22-lh,lh,SomMot,0.0149340339442516,0.0137562596842552,0.0082812892035088,0.5986420369489829,0.5968102160567558,0.0148058711617711,0.6872451140221881,0.999923107406396,1.0,1.0,208,-36.92225503634833,-24.852956129697137,48.816611440960536,0.23483270505721732,0.3660250604246245,0.11554011676677106,0.4326715428496267
147,7Networks_LH_SomMot_23-lh,lh,SomMot,0.0146132359720964,0.0137226558712365,0.0064683382089929,0.5953298435391047,0.5961284918523218,0.0077662081737376,0.7664892009108442,0.9999154927725324,1.0,1.0,208,-10.595498790968524,-36.98443543109356,51.43822518967237,0.23650020217033596,0.3341051984311174,0.12781651693259377,0.5094360475293026
148,7Networks_LH_SomMot_24-lh,lh,SomMot,0.0129310432032005,0.0116583173002389,0.0064668945293406,0.5999554719571946,0.5968534180173339,0.0158003208538796,0.8363547717241657,0.9999223939232476,1.0,1.0,208,-4.910091947092869,-23.9275973102834,54.10443394727046,0.19012686474314683,0.3494453161875937,0.12370068749174745,0.5116746931502458
149,7Networks_LH_SomMot_25-lh,lh,SomMot,0.0113112200335995,0.0103781480652484,0.0066834313845706,0.5986209860800193,0.5988229554793885,0.0091821067788673,0.858492012111036,0.9999057402234572,1.0,1.0,208,-4.144896760297461,-9.14335792123472,57.2605713372943,0.1554315714870894,0.3507148718342515,0.1550551180877895,0.4773185082831244
150,7Networks_LH_SomMot_26-lh,lh,SomMot,0.0137554767165432,0.0110024572195889,0.00940438200079,0.599893019000622,0.5977091377424474,0.0166678937221907,0.6652518073317257,0.9999167328368676,1.0,1.0,208,-35.46460509877983,-19.69449630808176,60.009912207361566,0.2198912363172873,0.3640182270369147,0.13253593635529848,0.41300426717169125
151,7Networks_LH_SomMot_27-lh,lh,SomMot,0.0129473620522608,0.0111571523718341,0.0086491858403665,0.59817278528281,0.5989433176189174,0.0085249404498919,0.8049923473395622,0.9999115900201616,1.0,1.0,208,-30.09208316156825,-44.93929588001974,58.88197968505706,0.20767029366924245,0.36151864479057705,0.13773575809879238,0.438828894885406
152,7Networks_LH_SomMot_28-lh,lh,SomMot,0.0138196698980513,0.0118146843827188,0.008896782683098,0.5995724422627043,0.5980432500018615,0.0161490752663998,0.6718831463641345,0.9999160018189628,1.0,1.0,208,-33.50274708048503,-28.586031125386555,58.95554850260417,0.23585649057736993,0.3667938133678746,0.1301041528938101,0.3904503568377593
153,7Networks_LH_SomMot_29-lh,lh,SomMot,0.0123876742232287,0.0096526162849751,0.008811993164423,0.5987669226066328,0.5991686417727426,0.0118872485309282,0.7556514789879208,0.9999097464670008,1.0,1.0,208,-30.132549316611065,-36.48280794796528,60.82360043621704,0.21883572773124516,0.3665063359478816,0.14166486625618485,0.3927927852594717
154,7Networks_LH_SomMot_3-lh,lh,SomMot,0.0167865990156175,0.0157185783192524,0.007059699983707,0.6001909461659246,0.6006666248621506,0.0060491784042906,0.7594268685593951,0.9999017442212692,1.0,1.0,208,-36.600375378225735,-24.48510210232472,8.472105336007406,0.16695856069050552,0.3281043631874026,0.15656751332706043,0.5166008938623525
155,7Networks_LH_SomMot_30-lh,lh,SomMot,0.0123066262885747,0.0103379586987466,0.0087903321829405,0.599850796607236,0.5980145804200485,0.0140087502756129,0.7911760910895367,0.99991253069034,1.0,1.0,208,-26.147134152439435,-11.438259468999265,60.13442602888109,0.17710304419690226,0.3622176979020298,0.14280810638174973,0.4519522940236421
156,7Networks_LH_SomMot_31-lh,lh,SomMot,0.0109317543659979,0.0090338118689512,0.0081583562038952,0.5990869132363159,0.599266933656533,0.0097928296855547,0.8127507254237911,0.9999066924676416,1.0,1.0,208,-22.04363322725483,-26.53818640989416,60.84053631202848,0.191979191683917,0.3663143991645337,0.1513262887375579,0.4114101879837607
157,7Networks_LH_SomMot_32-lh,lh,SomMot,0.0116784002169975,0.0099589181870067,0.0081076402996053,0.5987536044590194,0.5991423598829482,0.0115921729956261,0.7948138093314536,0.999905861091813,1.0,1.0,208,-9.737462859300951,-42.27655872147296,68.4564729499186,0.21404561282731724,0.36069378171424327,0.1485464194362297,0.4053003668258631
158,7Networks_LH_SomMot_33-lh,lh,SomMot,0.0118287354790167,0.0101128026142096,0.0077518145608,0.6009649071028005,0.5990685740352617,0.0149970958059878,0.8221799582224883,0.9999130115682396,1.0,1.0,208,-4.5160255521326,-25.76914211897783,67.47828754237,0.18283122097521495,0.3617095573666329,0.14157693533515098,0.447643980891699
159,7Networks_LH_SomMot_34-lh,lh,SomMot,0.0091556620454118,0.0071845026743791,0.0076260959920571,0.6006880341595853,0.6009484805495877,0.0086009650693479,0.8522127936469922,0.9998943690540482,1.0,1.0,208,-16.98395305465736,-14.130715002357736,68.84486236950427,0.16600927579912664,0.3732900144633106,0.17653785165794925,0.3595623350414371
160,7Networks_LH_SomMot_35-lh,lh,SomMot,0.0116434732666146,0.0096580294496751,0.0086893173945235,0.5992340242143788,0.5991913003087945,0.0116979588769082,0.7999487950796428,0.999908554810886,1.0,1.0,208,-19.01375838058765,-31.45782142355233,64.50237796687279,0.20673594993938546,0.36861898489917055,0.14605187199980915,0.3978324233142397
161,7Networks_LH_SomMot_36-lh,lh,SomMot,0.0132492348276674,0.0117048250987991,0.0081395128097696,0.5977189449634038,0.5976113261955698,0.0119069222801567,0.7818227657440887,0.9999168528168892,1.0,1.0,208,-20.53849470405113,-39.21286640400155,68.25770817294696,0.22478276954188922,0.35582844230994526,0.12834296123748692,0.45654863652401007
162,7Networks_LH_SomMot_37-lh,lh,SomMot,0.0115132093909682,0.0092541664750358,0.0082580770084216,0.5993355771822308,0.5989603825782055,0.0113351312482956,0.794438469896889,0.9999099780209798,1.0,1.0,208,-13.274689418241982,-29.313758384396824,68.78446425905653,0.20238603172629016,0.3655323165295641,0.14431600156806834,0.40927183391823013
163,7Networks_LH_SomMot_4-lh,lh,SomMot,0.0159560799753653,0.0149933907956678,0.0080018180876143,0.5978942502871563,0.5985475983618085,0.0067412926730937,0.8179394106461719,0.9999087665721051,1.0,1.0,208,-38.73192432550015,-8.68678628993808,12.735589813597676,0.16388878977204271,0.32388163224803695,0.14036265039260815,0.5758214442620488
164,7Networks_LH_SomMot_5-lh,lh,SomMot,0.0163637585207803,0.0153334721857605,0.0073351535696837,0.5962503729253985,0.5968714615034332,0.0070046717188475,0.8293995677514546,0.9999158872137636,1.0,1.0,208,-36.52532194769103,-26.759153874289897,17.119322231382032,0.19607024456191713,0.3177642236378376,0.12681021850546384,0.6012156515491441
165,7Networks_LH_SomMot_6-lh,lh,SomMot,0.0096870817805554,0.0081062041480877,0.0079072609668831,0.6029503568349053,0.6039685708781233,0.0055721536908272,0.8503050992774784,0.9998877861750648,1.0,1.0,208,-58.85225339873676,-37.719997849821056,14.647466864282077,0.16190359013013822,0.37524699709627335,0.1880358094862039,0.3316314258944276
166,7Networks_LH_SomMot_7-lh,lh,SomMot,0.0202089353420582,0.019219095731493,0.0072828502288838,0.596644299081003,0.5966072575821763,0.0095497829265399,0.7821196818851226,0.9999186593790008,1.0,1.0,208,-41.89994005826891,-34.98152779736212,12.694232993023492,0.19716802966486202,0.29621042236293277,0.12253034468833443,0.6690208614285379
167,7Networks_LH_SomMot_8-lh,lh,SomMot,0.0142945591042621,0.013275298365974,0.0074740506471442,0.5995617238584999,0.5997925912993636,0.0089930480570388,0.8133551217564107,0.999905899813364,1.0,1.0,208,-47.326613596264544,-14.227169012377164,13.181350216885946,0.173113260155026,0.3384144864066298,0.1472339416225606,0.5157501114394322
168,7Networks_LH_SomMot_9-lh,lh,SomMot,0.0087805505371535,0.0072501845525455,0.0077053577021239,0.6070651563713434,0.6065082859094804,0.0098333693376638,0.8541705798054682,0.9998787315481812,1.0,1.0,208,-60.75959134706309,-4.318530817605345,10.313856801180773,0.13689313162464456,0.3937580816987066,0.21017270571211155,0.24100197004692622
169,7Networks_LH_Vis_1-lh,lh,Vis,0.0161527865702845,0.0143477039966858,0.0078951991979027,0.6065691250227346,0.6047131632132363,0.0127851171694071,0.6920358788153741,0.9998914278714754,1.0,1.0,208,-31.4309310791405,-41.7305473893453,-23.353852010419683,0.14729568070356985,0.3621173435475156,0.19002304791570945,0.3476866193003633
170,7Networks_LH_Vis_10-lh,lh,Vis,0.0119399350009306,0.0104066195106911,0.007211426316347,0.60402139361737,0.6039418498155731,0.0074507477131126,0.7769993305395695,0.999888449357116,1.0,1.0,208,-13.831584402089996,-61.93816955272968,-6.925084474659111,0.17463530089825896,0.36662194489873484,0.19266153985320883,0.31205597174526845
171,7Networks_LH_Vis_11-lh,lh,Vis,0.0106228214366997,0.0091225541291588,0.0059555814903817,0.6041307883813583,0.6043784139228059,0.0072851761560833,0.7954777205729179,0.9998876504653252,1.0,1.0,208,-7.6674930474741,-76.6371835941891,-6.423972532256983,0.172745684346742,0.37198032388994257,0.1948160911036149,0.30126203410627167
172,7Networks_LH_Vis_12-lh,lh,Vis,0.0065069575715202,0.0049987588982827,0.00647367971984,0.6074792504144262,0.6076505996615866,0.0049670810387477,0.8605236236753331,0.999868689567086,1.0,1.0,208,-24.88535555931016,-96.7344111954627,-12.331187576548398,0.13945011029928486,0.41704882973768326,0.23924488675787703,0.08969477009034209
173,7Networks_LH_Vis_13-lh,lh,Vis,0.010655815088674,0.0086854791545139,0.0078415173216837,0.6061333334382323,0.6061698759256795,0.0064350557224173,0.8107942865831207,0.9998797889186632,1.0,1.0,208,-13.33588174859591,-44.53940906480609,-4.765169160052536,0.14824481151794555,0.38587212079815514,0.2088103640227845,0.24919201478002762
174,7Networks_LH_Vis_14-lh,lh,Vis,0.0065822212664895,0.005253346693398,0.0064379729256371,0.6058999719674998,0.6068919589176753,0.0053481725070757,0.8822362857824788,0.9998740720195372,1.0,1.0,208,-39.96225601367736,-87.00389323226904,-5.55985734128598,0.14638699059091997,0.4067837889974072,0.22454164594914314,0.16394506141347584
175,7Networks_LH_Vis_15-lh,lh,Vis,0.0073936079074787,0.0056937720530128,0.0056905395720582,0.605147553569051,0.6060604783430387,0.0089393045355677,0.8669856558959343,0.9998786401008274,1.0,1.0,208,-10.10872519621048,-97.78456176792218,-3.886825971378868,0.16026985655323514,0.39656330532730527,0.21095287172125018,0.21550322157342325
176,7Networks_LH_Vis_16-lh,lh,Vis,0.0126194223414484,0.0114536752768936,0.0079402742293558,0.603063416374812,0.6030423112104326,0.0073037554420578,0.7543484552004949,0.9998900431127448,1.0,1.0,208,-15.482495665705253,-58.09110391465523,0.7895022529339805,0.18286503329094755,0.36217940255803355,0.18608008833471762,0.332759307778558
177,7Networks_LH_Vis_17-lh,lh,Vis,0.0070002246185326,0.0053959880581815,0.0070722096917336,0.6051585385719767,0.6061504152475242,0.0073813098077184,0.8798832119535047,0.9998756127019288,1.0,1.0,208,-44.34436879345911,-72.90463907650104,1.5993256595568917,0.1492224860013757,0.4021987571281055,0.22041301077084274,0.18754513535666842
178,7Networks_LH_Vis_18-lh,lh,Vis,0.0109304325124647,0.009175721593959,0.0051757492869227,0.5995963528686425,0.6004632599523896,0.0072916791063412,0.772993318179609,0.9998966775002428,1.0,1.0,208,-7.046712842381116,-88.08057260050357,3.616288670102469,0.2101317212817811,0.3559778658933832,0.1701684703443629,0.3788473202909208
179,7Networks_LH_Vis_19-lh,lh,Vis,0.0076026996989471,0.0056245235377491,0.0063137096343332,0.6038102073057523,0.6050874700439284,0.0079833701115525,0.8656870341255156,0.9998817878186516,1.0,1.0,208,-26.07193373999697,-94.43096102044936,3.78806229834965,0.16931966774102666,0.3934096851580875,0.2032704671085314,0.2380687806014412
180,7Networks_LH_Vis_2-lh,lh,Vis,0.0176340480545488,0.0141227564667309,0.0110519193050399,0.6082718999844214,0.606260815221958,0.0129371589147203,0.6616145262725175,0.9998871239296824,1.0,1.0,208,-31.40945883181384,-35.14854264301093,-18.22494495228168,0.13372144133342773,0.3720831804225759,0.1993978888528898,0.2965673058413278
181,7Networks_LH_Vis_20-lh,lh,Vis,0.0118009004886948,0.0102386513048488,0.0071870147375375,0.6043381310369769,0.6040429223342481,0.0091619473493636,0.7757144333910282,0.9998871456522636,1.0,1.0,208,-13.2440716159587,-51.69824464759048,2.876118942084057,0.17401002916772484,0.36993960325114,0.19104549450445257,0.31212290190846814
182,7Networks_LH_Vis_21-lh,lh,Vis,0.0141277806775258,0.0123801527173504,0.0065871346325317,0.5982649734265152,0.5985269839280887,0.0085568225795475,0.7107331056211696,0.9999073573406728,1.0,1.0,208,-9.856477479710986,-75.67654549863917,7.829021696911358,0.24667287037384733,0.3338046449832449,0.1436350476744884,0.46547586486202547
183,7Networks_LH_Vis_22-lh,lh,Vis,0.0146406082548449,0.013328504479177,0.0067463809907828,0.599082330480832,0.5996034629696732,0.0070694938984816,0.7465999326415159,0.9999037991504705,1.0,1.0,208,-21.03412999840422,-66.21519638146768,5.735785520143349,0.21775142672537753,0.33640754193106837,0.15578547215745916,0.45325087319495827
184,7Networks_LH_Vis_23-lh,lh,Vis,0.0072733780814526,0.0055854711217414,0.0067533284968339,0.6036507215323889,0.6051353848515693,0.0084627661982886,0.879217020752431,0.9998800326613202,1.0,1.0,208,-38.88945099783496,-83.35966367350517,10.044632151487876,0.164601565811188,0.3965509695303913,0.20816444665853115,0.2211177888594285
185,7Networks_LH_Vis_24-lh,lh,Vis,0.0109011307269916,0.0088338357689142,0.0076862993874949,0.5986772591360986,0.5992709487885945,0.0075266417936077,0.7814824573649355,0.9998992431549194,1.0,1.0,208,-14.192239268374,-97.16284925567436,15.415261314818578,0.22618594634410186,0.36111321042482125,0.16013173570556863,0.3806990417543316
186,7Networks_LH_Vis_25-lh,lh,Vis,0.0139356410978411,0.0119770903247519,0.0079957380976666,0.5965788139903061,0.5967126320608747,0.0097102929268424,0.6674784702557427,0.9999133274508304,1.0,1.0,208,-3.968079407498219,-84.70897804445805,23.46371066894313,0.27954380670971835,0.34465707149621605,0.1324117377577999,0.42997949448583694
187,7Networks_LH_Vis_26-lh,lh,Vis,0.0173066084236926,0.015864020267595,0.0066934631446385,0.5945926493274023,0.5943511314127515,0.0079303326881168,0.5864570190655743,0.9999229141536492,1.0,1.0,208,-13.974083823852643,-70.9343149771445,19.449905606403803,0.31029176295302924,0.3115234193111742,0.10982867871809024,0.5476409256338598
188,7Networks_LH_Vis_27-lh,lh,Vis,0.0106182080890644,0.0089959785245792,0.0068421608195449,0.5992134427334803,0.6002757299122803,0.0090640629868483,0.8033475319379468,0.9999006696293656,1.0,1.0,208,-27.42744734250926,-83.66948806387039,16.621921721544524,0.22243240105618953,0.36087252253403856,0.1591174689736083,0.390820091323457
189,7Networks_LH_Vis_28-lh,lh,Vis,0.0097818507832519,0.0080024529496646,0.0067659926536948,0.6005782477934272,0.6010908305960421,0.0088532501438023,0.8259388263167984,0.9998939856049126,1.0,1.0,208,-33.7867070651843,-82.53938262395883,23.04350547693461,0.2004044518591854,0.3683308098919491,0.17516575365534545,0.34717593062751734
190,7Networks_LH_Vis_29-lh,lh,Vis,0.012419223729219,0.0108194680463522,0.0078817004039702,0.5979806514029965,0.5981932878386488,0.0093601165441392,0.743066028765684,0.9999057508013464,1.0,1.0,208,-16.95356636250939,-88.38620781859349,28.612489427839005,0.24855216097985178,0.3510465779068174,0.14608119331978675,0.4159845713721374
191,7Networks_LH_Vis_3-lh,lh,Vis,0.008293704540633,0.0069362297380384,0.0045524952373907,0.6058942608989972,0.6065868981555613,0.0054767815487722,0.8565734731081793,0.999878063235601,1.0,1.0,208,-36.478565499802265,-61.14527789659736,-20.06013478050547,0.1464825665460037,0.39875880780806644,0.21737189527859882,0.19454378452367777
192,7Networks_LH_Vis_30-lh,lh,Vis,0.0150981413711173,0.0136929549822968,0.0068725514639713,0.5956670506871407,0.5956752205902038,0.0087612109147963,0.6374783570640538,0.9999165308882616,1.0,1.0,208,-13.66630835192544,-79.6397770914792,33.57240023299994,0.2994427112946386,0.32789872544291593,0.12340488009542973,0.4725440635357204
193,7Networks_LH_Vis_31-lh,lh,Vis,0.0142947166616471,0.0132976707975722,0.0063731712853964,0.5964188315919949,0.5961890814915352,0.0093304093664536,0.7257528401892486,0.9999153768067408,1.0,1.0,208,-21.08930028309612,-77.06418851936388,39.01340075258939,0.26371137097653613,0.3357814302843877,0.12887268667361718,0.4827725495445979
194,7Networks_LH_Vis_4-lh,lh,Vis,0.0112188694777526,0.0100988804652821,0.004809992930975,0.6023899773868756,0.6025323410315625,0.0089566933265865,0.7948027702120378,0.9998919644138504,1.0,1.0,208,-26.57484521249041,-54.31074229378012,-9.431516289117916,0.17866079270612623,0.36344917547779493,0.18098293290247447,0.35469955732822556
195,7Networks_LH_Vis_5-lh,lh,Vis,0.0092093532786973,0.0079167843326009,0.005893287944981,0.6057656325452558,0.6059801213817817,0.0076657632747607,0.8312689215616934,0.9998816353784,1.0,1.0,208,-24.92466871007284,-73.26484629821778,-10.00446177037557,0.15833889793811373,0.3904177110937899,0.2121909259554014,0.21319770334665017
196,7Networks_LH_Vis_6-lh,lh,Vis,0.0069943124470531,0.0057447315452702,0.0048822755647841,0.6072191056295746,0.6071418618238285,0.0083943318060087,0.859399234529241,0.9998713697121638,1.0,1.0,208,-34.64361891612201,-80.6698271388739,-16.732641611300725,0.14273002781757918,0.4079649901657602,0.23205575297310277,0.1361537990702299
197,7Networks_LH_Vis_7-lh,lh,Vis,0.0159941759598584,0.0138364258888134,0.0079961102675104,0.6066372140568921,0.6051823087891824,0.0116018698699301,0.6760521711604137,0.9998880691114914,1.0,1.0,208,-19.014586882002664,-37.84904459166825,-12.17023153978938,0.14206128772413448,0.36267030346924445,0.19429137923417858,0.3400232142437292
198,7Networks_LH_Vis_8-lh,lh,Vis,0.0074549571642477,0.0062798537752521,0.0048169367885711,0.607204485186826,0.606927775156288,0.0096158943253059,0.8640853228207346,0.9998748098971688,1.0,1.0,208,-43.993360427731226,-69.29369410149238,-9.570383422120376,0.14484199860505378,0.40370582740571764,0.2249387626083502,0.1639539657039403
199,7Networks_LH_Vis_9-lh,lh,Vis,0.007513982177957,0.0062158597220173,0.0050694146053084,0.6074025569409989,0.6066170594012372,0.0104123825949869,0.8531388861798489,0.9998747333909176,1.0,1.0,208,-17.310307839234962,-87.84337217062439,-12.153232631997174,0.1497640171500988,0.4023269967235816,0.22969070573196645,0.1412660837103142
200,7Networks_RH_Cont_Cing_1-rh,rh,Cont,0.0087479597182286,0.0075240400392966,0.0060190265597876,0.6028042003903118,0.6029551470468624,0.004224555546124,0.8502265796878751,0.9998858962686966,1.0,1.0,208,4.109800150917797,-25.29359493371917,29.053500754658767,0.16136277655010697,0.38102693207254956,0.1921818424164034,0.3039081606819154
201,7Networks_RH_Cont_Cing_2-rh,rh,Cont,0.0130212955361035,0.0120583099781466,0.0064836601609548,0.5985572696031605,0.5986575734341315,0.0074140403407079,0.8369566009197152,0.9999019310992158,1.0,1.0,208,3.155343483909701,-0.2025656573961459,31.53282304703136,0.1636692512047242,0.34836507403281414,0.15586039417780723,0.46904664283567216
202,7Networks_RH_Cont_PFCl_1-rh,rh,Cont,0.0192188881246767,0.0171534172186928,0.0092140344156237,0.6075646128313319,0.6067490956771644,0.0090648781164014,0.6070951150448333,0.999893136864584,1.0,1.0,208,27.986942701890204,52.30002185149051,-13.416409871879496,0.11367440799223565,0.3562832235837309,0.1946475405257193,0.3469271228828407
203,7Networks_RH_Cont_PFCl_10-rh,rh,Cont,0.0142948529176836,0.0124525998823058,0.0085892934113632,0.5977734087628578,0.5981854906427324,0.0095694355297209,0.8357566411159698,0.9999115323748604,1.0,1.0,208,36.431297569475326,11.299653027813406,30.729302708614103,0.1468409757006948,0.3558984561693989,0.13934774394637425,0.49032377687512446
204,7Networks_RH_Cont_PFCl_11-rh,rh,Cont,0.0118457457949626,0.0096991873811154,0.0101835110091982,0.6029661886357119,0.6031260465673169,0.0091627328077043,0.8350202069426597,0.9998947152941444,1.0,1.0,208,37.26327935217558,30.61038870943047,36.97827252953187,0.1306413006195849,0.3860118003949908,0.17893780544472734,0.32561629584490925
205,7Networks_RH_Cont_PFCl_12-rh,rh,Cont,0.0108458345810013,0.008682531561058,0.0092523722007525,0.6013320400502132,0.6016754977405476,0.0097856474751192,0.8493836785735595,0.9998961329701784,1.0,1.0,208,41.34909707119591,20.19441542499944,39.795362961919686,0.1439985142440614,0.37749856255207104,0.17146157837979514,0.3653789567006999
206,7Networks_RH_Cont_PFCl_13-rh,rh,Cont,0.0110810632098018,0.008842012954531,0.0095247844147005,0.6001951615289418,0.6003536537244376,0.008982880047818,0.8526680164567296,0.9998988377235688,1.0,1.0,208,41.15386166593954,7.346591785082368,46.490649022329016,0.15091060017956262,0.37169776761317747,0.16626975625892723,0.3920849771593993
207,7Networks_RH_Cont_PFCl_14-rh,rh,Cont,0.0114460314180032,0.0091932982602623,0.00960125782052,0.6002735326300898,0.6011809060525595,0.0077285859737888,0.8514063967417964,0.9998994751225396,1.0,1.0,208,34.31315690797992,15.67370102179082,52.58439444992347,0.1450427814957076,0.36702145585931917,0.16633699005969152,0.40911731818826164
208,7Networks_RH_Cont_PFCl_15-rh,rh,Cont,0.0135101089385938,0.0118832480921027,0.0096362213844302,0.59824851722937,0.5975798455253938,0.0105967638900239,0.8589691141679842,0.9999134610015284,1.0,1.0,208,24.59286099607608,8.304191625305194,53.71093755982034,0.15817871267263614,0.3445995866904887,0.13941050342537353,0.5204779678405899
209,7Networks_RH_Cont_PFCl_2-rh,rh,Cont,0.0194730556065456,0.0180204022629534,0.0092533018303617,0.6064028618726309,0.6054650740953249,0.0104658767194535,0.6257705972992866,0.9998910878115674,1.0,1.0,208,42.60892465688887,48.0329504918008,-4.145084624362253,0.11989344454863456,0.3552002428566871,0.1899679779575576,0.36596360501615927
210,7Networks_RH_Cont_PFCl_3-rh,rh,Cont,0.0191214676942342,0.0171543530389501,0.0104095920874725,0.6048355548349831,0.6041844763352481,0.0088325206493152,0.6912090583385138,0.9999024652377888,1.0,1.0,208,28.33977524577109,54.3951634851541,3.541195894611669,0.12719988832504397,0.354559019782991,0.1721596155657685,0.3999336482368189
211,7Networks_RH_Cont_PFCl_4-rh,rh,Cont,0.0134944775695558,0.0110545084639791,0.0092717425476851,0.6067803047397404,0.6052175624243668,0.012229388919064,0.7559135605122376,0.9998837556190404,1.0,1.0,208,46.33146818115681,36.46545952373275,5.405926232268758,0.1292931176657965,0.38193908034070817,0.19991888978139694,0.28438551196056033
212,7Networks_RH_Cont_PFCl_5-rh,rh,Cont,0.0126819068283937,0.0106892435281946,0.0084195205516067,0.6049061432459311,0.6039372217511272,0.0116144985671334,0.7998318313624966,0.9998930470458992,1.0,1.0,208,40.67638054440802,42.033907573830334,15.31384148960471,0.13507341619516772,0.3766750724820333,0.1829755070495204,0.3346778040152528
213,7Networks_RH_Cont_PFCl_6-rh,rh,Cont,0.0114937874178955,0.0089790151623378,0.0084688052137198,0.6048546087305907,0.6037162268147003,0.0125925887930344,0.8184467062591897,0.999888221424296,1.0,1.0,208,45.62040812973369,29.41268179928445,16.996940627772148,0.13370697957777394,0.38105888300899865,0.18710118064778558,0.3135864677429391
214,7Networks_RH_Cont_PFCl_7-rh,rh,Cont,0.0112004216581017,0.0092801604130775,0.0080141418488947,0.6022537406174706,0.6024852220521444,0.0091024988624729,0.8276578370942477,0.9998903287959984,1.0,1.0,208,43.166955864244,18.62472132071748,22.83558898127231,0.14217893476409518,0.3780703257191929,0.17980719887974847,0.3371115338398664
215,7Networks_RH_Cont_PFCl_8-rh,rh,Cont,0.0138908702832783,0.0121185730002184,0.0092206352916782,0.6037467810307272,0.6031306610660889,0.0100432703285746,0.8119238435558953,0.9999002217361984,1.0,1.0,208,26.06461976441824,48.84746140173559,23.25081079274561,0.1324976636633747,0.3703983472065944,0.17181462451271157,0.37609174970599996
216,7Networks_RH_Cont_PFCl_9-rh,rh,Cont,0.0110873304010785,0.0087552797542959,0.0095190647713695,0.6037568463033332,0.6033467623835687,0.0103290865900236,0.8336737128486577,0.9998904992127322,1.0,1.0,208,46.76786480805813,27.62840656745128,27.253773429454903,0.1367399290001052,0.3828383794421907,0.1831593467242297,0.32397137543990817
217,7Networks_RH_Cont_PFCmp_1-rh,rh,Cont,0.0184474345636123,0.0175218801442096,0.0084021577983556,0.5977553498955511,0.5978176638049575,0.0090773333376875,0.8476797774350667,0.999923381133086,1.0,1.0,208,8.97032985015802,32.04564013968994,26.07139907392076,0.13887649919965184,0.3276366082807442,0.12102614622748031,0.6138543804344956
218,7Networks_RH_Cont_PFCmp_2-rh,rh,Cont,0.0123216922351725,0.0109404498395014,0.0078045045994542,0.6007279579957492,0.6007196158632342,0.0088453209991006,0.8488326932792846,0.9999003072731,1.0,1.0,208,4.795652627189261,25.6176882696983,46.74457559721595,0.1344619085009363,0.3578376137851658,0.16458595895279035,0.45178928075923075
219,7Networks_RH_Cont_PFCv_1-rh,rh,Cont,0.0390106336463306,0.0370965935703323,0.0175857621429586,0.6035020239895817,0.6024158809879343,0.0109584506360014,0.5923917593975574,0.9999101064973672,1.0,1.0,208,34.285116081341734,21.91055755069535,-6.664761837805324,0.10722751604589172,0.28895060661897753,0.158337735003925,0.5663852079661701
220,7Networks_RH_Cont_Par_1-rh,rh,Cont,0.0100620467918139,0.0086315693257887,0.0061235443872577,0.6015854389241296,0.6019900830955609,0.0094739126248288,0.8429348693535172,0.9998919997389704,1.0,1.0,208,51.18898262374702,-56.87642972770779,41.70235615215082,0.1821617985912493,0.3739344594332874,0.17478987850407915,0.3422786503478058
221,7Networks_RH_Cont_Par_2-rh,rh,Cont,0.0104794738387901,0.0086194402256589,0.0081741595312268,0.603071855630948,0.6029563623572882,0.0114069591181665,0.8423101587050753,0.999892396721328,1.0,1.0,208,52.00346158599854,-46.91642377471924,40.77199843597412,0.16818576531630774,0.37793820427630787,0.17395045388222927,0.3501296908585349
222,7Networks_RH_Cont_Par_3-rh,rh,Cont,0.012979321571032,0.0114561238404597,0.0055172569705583,0.5965465680769133,0.597388408380773,0.0083079710669555,0.7832040169690339,0.999909824556059,1.0,1.0,208,32.362512693734004,-67.84252778415022,42.07948364389354,0.2371788352315373,0.3445471914827265,0.13891040779901614,0.45739293046152973
223,7Networks_RH_Cont_Par_4-rh,rh,Cont,0.0129321390748554,0.0112677103366203,0.0081700334914258,0.599002863299138,0.599441348277715,0.0084804282639162,0.8307438928702806,0.9999057870183148,1.0,1.0,208,49.114118170044506,-38.99513814788865,44.43647093137592,0.18285380634251408,0.3620464735918486,0.1458010371265508,0.4452354706519345
224,7Networks_RH_Cont_Par_5-rh,rh,Cont,0.0143696114880756,0.013519757536963,0.0053568144984386,0.5966705471363368,0.5971912531151695,0.0076389699784106,0.8145609043229656,0.999913736168922,1.0,1.0,208,42.90274063508902,-48.25392402819733,40.48044496507787,0.207126536809505,0.3457279000817256,0.12904366623357505,0.5122886130550319
225,7Networks_RH_Cont_Par_6-rh,rh,Cont,0.0131948769472748,0.0121454975253984,0.0063342800399463,0.5981092199937073,0.5984057086603994,0.0101854255910833,0.8063372091149902,0.9999086382996384,1.0,1.0,208,38.11645154143165,-57.00652062787152,44.25646655490039,0.22128253053948463,0.3465458194490262,0.14033948713789499,0.46396449889496966
226,7Networks_RH_Cont_Temp_1-rh,rh,Cont,0.0078788508841207,0.0058891016331625,0.0068754036238357,0.610035505426089,0.6077639526823071,0.013592798745892,0.8479962826624031,0.999870215192413,1.0,1.0,208,58.97514143091862,-35.62536605738761,-20.49556885265125,0.13090696251378428,0.40727003117198435,0.22933217563054564,0.15688647317119125
227,7Networks_RH_Cont_Temp_2-rh,rh,Cont,0.0069434726612358,0.0059420667270629,0.0040752862598224,0.6081287939528008,0.6066881253637022,0.012076536889904,0.8737599073691698,0.9998710377194392,1.0,1.0,208,60.88816406357456,-47.586759943357656,-10.291781403649022,0.13829322378749237,0.40461245896488235,0.2251418881245016,0.17707018716660128
228,7Networks_RH_Cont_pCun_1-rh,rh,Cont,0.0182673487777965,0.0171776808285322,0.0073674973846478,0.5930477353032362,0.5922304631516675,0.0088355978068145,0.5993172062953052,0.9999278708284156,1.0,1.0,208,12.853132706157044,-70.58133080102115,36.26859003133168,0.3201441084281743,0.3034845458483366,0.10333608961486361,0.5793785637038141
229,7Networks_RH_Cont_pCun_2-rh,rh,Cont,0.0157981874082533,0.014794154239043,0.0072313863217843,0.594037604129966,0.5941495686246668,0.0091510052587324,0.6693936733258922,0.999924451790032,1.0,1.0,208,5.498088653018245,-62.45582795544751,43.55214358763527,0.3000493518860595,0.3221547632112317,0.11050052379737912,0.5257567059396909
230,7Networks_RH_Default_PFCdPFCm_1-rh,rh,Default,0.0450834463215734,0.0359208347693824,0.0249586270603532,0.6024155869218976,0.601054497008557,0.0113413786039501,0.6828227023080273,0.9999199509045184,1.0,1.0,208,5.588297783452536,37.42104409807124,-9.593708101057,0.1089930096196696,0.2900593442272727,0.14916711080102116,0.5632178870985707
231,7Networks_RH_Default_PFCdPFCm_10-rh,rh,Default,0.0137773240009883,0.0119109572670204,0.009424400449017,0.6002885392109019,0.6011385004504903,0.0086327723931403,0.8374655528685679,0.999906387455491,1.0,1.0,208,25.31312210389546,31.00944399493081,39.36191293512072,0.1352675118028912,0.358927135395286,0.15291463237495073,0.4623604117058379
232,7Networks_RH_Default_PFCdPFCm_11-rh,rh,Default,0.0107031576775491,0.0084889906024184,0.0098919781300591,0.6029770971246902,0.6030938324249984,0.0110964644295838,0.8524101607106156,0.9998894832928028,1.0,1.0,208,13.267370673931804,37.36956202311247,51.487659948928304,0.13339657223984047,0.3751019326189244,0.1855251956051396,0.3582142235568049
233,7Networks_RH_Default_PFCdPFCm_12-rh,rh,Default,0.0137046884081341,0.011950303475985,0.0099206120932438,0.5999546278539286,0.6000503717519483,0.0098465828259014,0.8523433498868422,0.9999079683386785,1.0,1.0,208,23.762133992209066,20.444972563866443,49.20852863772774,0.13671775520327745,0.35038074315062745,0.15149783159217484,0.4976328779479763
234,7Networks_RH_Default_PFCdPFCm_13-rh,rh,Default,0.0102649109562962,0.0081849904381194,0.0099159852009756,0.601599238591321,0.6026594365413622,0.0073101877078354,0.8593337941757831,0.9998908942813576,1.0,1.0,208,12.232005817172114,18.632650527058868,62.18023994475642,0.13671160705760677,0.3716468678098064,0.18369062076825668,0.3723318882674818
235,7Networks_RH_Default_PFCdPFCm_2-rh,rh,Default,0.0126031261820815,0.0107412120751355,0.0085331298484913,0.6058978548957058,0.606068315135343,0.0082175203627509,0.7870989476699162,0.999887244472668,1.0,1.0,208,9.803337070420817,64.31052014998356,2.1734403552995487,0.12892827515202487,0.3765797578793435,0.19634849629072496,0.3099191683976629
236,7Networks_RH_Default_PFCdPFCm_3-rh,rh,Default,0.0270454937197516,0.0249342879402673,0.0114341828403318,0.6005029895571281,0.6001343822703631,0.0087967786089299,0.6841317465903063,0.999914948311374,1.0,1.0,208,8.43134450712334,40.7287696766328,5.949203541510663,0.12720199518881686,0.3169117106476498,0.14398507107126612,0.5590572483919729
237,7Networks_RH_Default_PFCdPFCm_4-rh,rh,Default,0.0140163072796917,0.0122325364948811,0.0086371696265241,0.6034645847380656,0.6036639591615369,0.0084886486394526,0.7985359340343489,0.9998994462129268,1.0,1.0,208,8.173263098639465,49.435463988704726,14.053490551931263,0.13200295844960205,0.36458355240214546,0.17467583803987194,0.3885499103669778
238,7Networks_RH_Default_PFCdPFCm_5-rh,rh,Default,0.0120773249974264,0.0097090792829922,0.0093608914315547,0.6055948254661171,0.6053403425514916,0.0095483142605099,0.8209767381705704,0.999891282808822,1.0,1.0,208,17.81460848293272,61.53761652827872,17.781020677881713,0.13127682955410727,0.38069778459584797,0.190920453748423,0.3089259939887793
239,7Networks_RH_Default_PFCdPFCm_6-rh,rh,Default,0.0189704196636697,0.0180211571201452,0.0081176488320573,0.5985117579816841,0.598908852006593,0.0060063613391908,0.7752761011605055,0.9999088850968464,1.0,1.0,208,3.83684627462606,21.711594576913804,21.371467330807544,0.14047514332291872,0.3357871892246999,0.14426405740479478,0.5305971897658724
240,7Networks_RH_Default_PFCdPFCm_7-rh,rh,Default,0.0109562284921844,0.0087154952589304,0.0086250180454133,0.6036317505403848,0.6034942263134182,0.009872888568367,0.8475149227665248,0.9998900641396472,1.0,1.0,208,6.198490611497347,54.50929613542986,30.654135791675465,0.13410488652926847,0.37641164492068596,0.18530422567213015,0.35222028939379013
241,7Networks_RH_Default_PFCdPFCm_8-rh,rh,Default,0.0125135594729859,0.0103512830623962,0.0102626957331482,0.6028636141727384,0.6032914700696421,0.0090010949262215,0.8371832491552021,0.999896687060866,1.0,1.0,208,18.79265238505439,48.52408156955492,35.24343968205598,0.1339763306533709,0.3685862804184305,0.17426459422736076,0.39273234546633357
242,7Networks_RH_Default_PFCdPFCm_9-rh,rh,Default,0.0123791106992371,0.0102563981710502,0.0090611192731511,0.6014444030595076,0.6020362760609053,0.0072445780323906,0.8416833912569526,0.9998975214672312,1.0,1.0,208,4.954849225102049,40.90822325330792,38.285303289240055,0.13432620289915284,0.36510609817137285,0.1682871900604784,0.4204794275948385
243,7Networks_RH_Default_PFCv_1-rh,rh,Default,0.0368448851280821,0.0341225926341361,0.0159657940155175,0.6038952388731188,0.6023879720484508,0.0123904879184902,0.559478064540642,0.9999070431813404,1.0,1.0,208,34.27081070623454,21.02159628896318,-17.531312066704565,0.11159151323543341,0.2972545407791483,0.16067033922840945,0.5472769211940509
244,7Networks_RH_Default_PFCv_2-rh,rh,Default,0.0307539551112033,0.0290316213991781,0.0148030410357635,0.6054003754264777,0.6032042815449642,0.0130925907687412,0.5581499673026972,0.9999016181154676,1.0,1.0,208,34.08088187124471,36.03029393086507,-12.585957857593256,0.11526086299000171,0.3180700943923124,0.1685072488417052,0.48170082025160305
245,7Networks_RH_Default_PFCv_3-rh,rh,Default,0.0253282853471458,0.0239523984027359,0.0106488190053696,0.6059899143383304,0.6040014108466063,0.0132738901369997,0.5794218553877695,0.9998974467106336,1.0,1.0,208,48.05995820126857,31.190751683007704,-6.094201975800245,0.1150080863332754,0.3251573840750575,0.17493188416590866,0.46500277244640204
246,7Networks_RH_Default_PFCv_4-rh,rh,Default,0.0111259336570204,0.0088866479734926,0.007823446013993,0.6068678451734297,0.6047662008090762,0.0139872887305536,0.8039827687506844,0.9998790612740924,1.0,1.0,208,52.64648396056376,23.043459775712755,8.024921463448324,0.13108091605841327,0.3848403139020884,0.2038003695084167,0.2730283438917945
247,7Networks_RH_Default_Par_1-rh,rh,Default,0.0115122093933267,0.0101201550714813,0.0058099060500988,0.5996518579361525,0.6008120730367315,0.0087051766655413,0.8294382554597965,0.999897768395855,1.0,1.0,208,47.57667186737061,-49.14187300364176,16.539062418937682,0.1819638334104824,0.3525239379903609,0.16401370297573215,0.438071422802232
248,7Networks_RH_Default_Par_2-rh,rh,Default,0.0113354800158637,0.0096708369978881,0.0062814727483903,0.5992857949147191,0.6002515415462384,0.0104253248393744,0.7912430796428146,0.9998972549932112,1.0,1.0,208,42.55005280819932,-66.14002597676536,19.68927357100338,0.2210057368256811,0.3511450996673639,0.162107450492496,0.4044724625838938
249,7Networks_RH_Default_Par_3-rh,rh,Default,0.011410092898508,0.0100566646967171,0.0058969840339294,0.6007857960733222,0.6006177417786256,0.0117205240103538,0.8208301344241902,0.999896483227272,1.0,1.0,208,48.5526318569415,-57.537798985778565,24.66760673696696,0.19041176877844246,0.35637892731069526,0.16555009600759127,0.4119604587825399
250,7Networks_RH_Default_Par_4-rh,rh,Default,0.009855811898638,0.0084093810525447,0.006422891541625,0.6015591837362912,0.6028459399278561,0.0085088300938221,0.8494143725984998,0.9998903003080446,1.0,1.0,208,53.76739533201804,-51.02891871291666,26.71510990325597,0.16950813305924867,0.3710683960916365,0.17894266187287522,0.3585087131284657
251,7Networks_RH_Default_Par_5-rh,rh,Default,0.0098920124297776,0.0085592251323271,0.0056189108949264,0.6004494557482808,0.6012498116425196,0.0084510318838048,0.8359200392683553,0.9998919927731876,1.0,1.0,208,44.072940162990406,-67.54807635619974,39.64125069103846,0.20083221040493254,0.3662518070318157,0.17452437604298965,0.34292930044487263
252,7Networks_RH_Default_Temp_1-rh,rh,Default,0.0215397544632817,0.018884370431459,0.010749559119367,0.6102236498723744,0.6059341142598991,0.0175325261730591,0.5693858215380874,0.9998868057802964,1.0,1.0,208,53.53213134896201,1.1876589927557926,-30.469456115386887,0.12139025222981348,0.3556287683757343,0.1928321398019398,0.35941494637571203
253,7Networks_RH_Default_Temp_2-rh,rh,Default,0.0111103657249183,0.0092064775616318,0.0068895454711082,0.6103512299983047,0.607007410309359,0.0154352836452562,0.7970362825691423,0.9998748701913106,1.0,1.0,208,61.84137821422965,-15.036201773383093,-22.79083654841069,0.13169896016786123,0.38962652821729776,0.21677331775624537,0.2304475920815572
254,7Networks_RH_Default_Temp_3-rh,rh,Default,0.0259726388651574,0.0242034212033267,0.0105565239433744,0.6080053752881128,0.6044027248357458,0.0160098797085319,0.5240801474911673,0.9998938494159888,1.0,1.0,208,50.75050901307713,9.91206988515044,-19.35705923873676,0.11797278153887582,0.3290780427376958,0.1779699963061534,0.457064846207668
255,7Networks_RH_Default_Temp_4-rh,rh,Default,0.0150657493959528,0.0132113212554986,0.0080524971026182,0.606803097273086,0.6052475895303051,0.0127769102765005,0.7171667670559185,0.9998862421217904,1.0,1.0,208,54.60705314975463,-11.22631081825231,-13.954414818114367,0.13297671686218382,0.3589100465939504,0.191828014318683,0.3717600914077218
256,7Networks_RH_Default_Temp_5-rh,rh,Default,0.007391019789792,0.0059392837679316,0.0048766174113248,0.6098611076089876,0.6077062151261141,0.0137949025134904,0.8567932981855085,0.9998710723065116,1.0,1.0,208,62.63798049217047,-29.721897098629974,-8.070959416840427,0.13215220016701143,0.4088879011819926,0.22728147842450175,0.1558592890987973
257,7Networks_RH_Default_Temp_6-rh,rh,Default,0.0150094228504033,0.0132922819591051,0.0075379699111316,0.6033862527472409,0.6033543500112759,0.0104484849159886,0.74669527310865,0.99989274433082,1.0,1.0,208,48.59316793388626,-26.47810995320417,-6.890964917723239,0.1491128989836838,0.35184428622031605,0.17643705407284915,0.41743373971341685
258,7Networks_RH_Default_Temp_7-rh,rh,Default,0.0070103131709209,0.005881475893381,0.0042887316156525,0.6073251141888705,0.6061916761787978,0.0114423303026451,0.8790820469388159,0.9998727632046968,1.0,1.0,208,61.80421009151617,-42.416495397892966,-0.9022873837826988,0.14024791171812676,0.40310528183613825,0.22213480852469414,0.18899995292853342
259,7Networks_RH_Default_Temp_8-rh,rh,Default,0.0169113135605976,0.0160378467137577,0.0063644344748728,0.6000717795009516,0.6004551169230925,0.00978044785956,0.7663497563261715,0.999904267486901,1.0,1.0,208,48.789136233172016,-37.17882288685476,0.8362984158140443,0.173067631217512,0.3314186584128904,0.15213465086805886,0.5242605075487162
260,7Networks_RH_Default_pCunPCC_1-rh,rh,Default,0.0136524192920657,0.012831446640521,0.0044152642585277,0.6005242406481508,0.6008928609660293,0.0072833165372614,0.7387605560345644,0.9998977768471824,1.0,1.0,208,11.371401494780145,-56.735878458270776,13.294874331200278,0.21017166439260668,0.3483539175070106,0.16554690324724583,0.39459008842250676
261,7Networks_RH_Default_pCunPCC_2-rh,rh,Default,0.0120051120348648,0.0112502561275898,0.0050876638105425,0.6005649724345323,0.6005199275873411,0.0071113281998488,0.7931184671872432,0.999896393013385,1.0,1.0,208,4.470121007799451,-44.1611646641799,20.471178127768265,0.203423387171232,0.35210229287309125,0.16610315174326737,0.3933607015324976
262,7Networks_RH_Default_pCunPCC_3-rh,rh,Default,0.0186407968698484,0.0177694362442018,0.0064098450051515,0.5942911692994456,0.5935594747727491,0.0089171734816716,0.5960804457199248,0.9999239993027652,1.0,1.0,208,16.043998142930327,-64.62959662265465,26.699371850686,0.3071828607102683,0.30282726978445457,0.11048519026644758,0.5660807069376388
263,7Networks_RH_Default_pCunPCC_4-rh,rh,Default,0.0149710423382905,0.0143171731264385,0.0052571410397759,0.5961868114688331,0.5960449795002096,0.0084416862218059,0.7076787067350714,0.9999135586479556,1.0,1.0,208,4.632948196223766,-52.26327028337693,24.680937318612408,0.271119065544681,0.3228368693885921,0.1294262216483828,0.5022617411418718
264,7Networks_RH_Default_pCunPCC_5-rh,rh,Default,0.0178685935551943,0.0174484634957932,0.0064010382363876,0.5930275831770395,0.5929773168628756,0.0084738157038492,0.6025108121230782,0.9999290290546624,1.0,1.0,208,4.057480467457167,-62.76660713007752,31.82082361906347,0.32029906811816006,0.3049295441698113,0.10299299572029338,0.5718209150205188
265,7Networks_RH_Default_pCunPCC_6-rh,rh,Default,0.0138127812499154,0.0133044925402253,0.0043835886363674,0.5979375948660149,0.5973503466207528,0.0086498123199753,0.8062682586405465,0.999908228629055,1.0,1.0,208,5.061209592025379,-39.29035188483977,36.50329726726588,0.21658039899931325,0.3390460773920319,0.1411982900843811,0.4790217174709024
266,7Networks_RH_Default_pCunPCC_7-rh,rh,Default,0.0126254304149955,0.0116458085422092,0.005152300552228,0.5971801095386806,0.5973268392789812,0.0063258391635282,0.8499567546100558,0.9999085744715844,1.0,1.0,208,2.2020231840274147,-18.82170599525895,39.06002417837436,0.16627802556369253,0.34985869908441986,0.1441907173434595,0.4878790401016072
267,7Networks_RH_Default_pCunPCC_8-rh,rh,Default,0.0165048142229684,0.0152214172040678,0.0061353220910033,0.5934010533559205,0.5935791244381079,0.0076839028276503,0.6868190365999136,0.999924616105194,1.0,1.0,208,11.215948670823998,-51.38251839040596,36.54573605261116,0.2922409181552892,0.3112685033583597,0.10709334820310212,0.5755947408842024
268,7Networks_RH_Default_pCunPCC_9-rh,rh,Default,0.0176164785788834,0.0167618503881971,0.0056070790508863,0.593915223568465,0.5934913594925828,0.0089199907086372,0.683553131069351,0.999926134638792,1.0,1.0,208,6.368820904090652,-49.40895337643831,44.86351006804502,0.28464419746303116,0.3088705494923135,0.10722712879331656,0.5843417454102806
269,7Networks_RH_DorsAttn_FEF_1-rh,rh,DorsAttn,0.0129917745207695,0.0106485232364722,0.0101452463715879,0.5978901171536382,0.5974648660435723,0.0124627199166922,0.7604099764131751,0.9999111307684756,1.0,1.0,208,38.3135613531902,-3.6349047379636463,50.73709463662114,0.20256882894161535,0.35935112481866766,0.13970734982477984,0.432059940316809
270,7Networks_RH_DorsAttn_FEF_2-rh,rh,DorsAttn,0.014278942303003,0.0129737001322805,0.0095689034697219,0.5978063583851381,0.596601655006724,0.0131596551824374,0.8672524552792182,0.9999222797188788,1.0,1.0,208,26.464219323712594,-3.432914727188832,49.81678637927657,0.16576505693296645,0.336798019604352,0.12429188858483112,0.5773224569256709
271,7Networks_RH_DorsAttn_FEF_3-rh,rh,DorsAttn,0.011971472966083,0.0101905365859819,0.0110907966823049,0.5993426440865065,0.5980212419307624,0.0116575008450756,0.8419342776506217,0.9999092671826568,1.0,1.0,208,23.17010997404063,-4.056077748322879,59.61092115084983,0.17196675824394014,0.35581839057795095,0.14838174077658017,0.46078466608857194
272,7Networks_RH_DorsAttn_Post_1-rh,rh,DorsAttn,0.0092754898210907,0.00803454024841,0.0047907327194948,0.6064407785845677,0.6053992817968654,0.0126580381851128,0.8437613681885783,0.9998800039966768,1.0,1.0,208,46.348202926374704,-53.78820482494301,-16.448455304788023,0.1500819295571736,0.388547354814301,0.20556298403752535,0.24942329693623275
273,7Networks_RH_DorsAttn_Post_10-rh,rh,DorsAttn,0.0149665991846315,0.0142508866966641,0.0056828782347976,0.5951034175932743,0.5955677284525847,0.0086942192110766,0.7267313227187717,0.9999192906740876,1.0,1.0,208,27.60359283239019,-61.39694359639738,46.25960829476861,0.26012663341067976,0.32933766992078406,0.12114150724292841,0.5210164507892315
274,7Networks_RH_DorsAttn_Post_11-rh,rh,DorsAttn,0.0175770485517262,0.0166572705137812,0.0076377086371394,0.5937522815093822,0.5938598961907702,0.0081288898652734,0.7871176274559775,0.9999295378397764,1.0,1.0,208,33.524815552374896,-47.94944888703964,41.1034790207358,0.23975575129049032,0.3186023193503535,0.10078531188342074,0.6319197460029357
275,7Networks_RH_DorsAttn_Post_12-rh,rh,DorsAttn,0.0150726312576763,0.013831492102289,0.0074877421346056,0.5945569696661464,0.5948537854623064,0.0088172526022442,0.7059862862926669,0.9999192300499344,1.0,1.0,208,19.251976292190456,-66.94902267552264,50.07701479802366,0.2768172804753788,0.32811124830576516,0.11890308614581187,0.5164640503739496
276,7Networks_RH_DorsAttn_Post_13-rh,rh,DorsAttn,0.0153188866447108,0.0142219931005209,0.0078365394598238,0.5951848711688801,0.5951538540753056,0.009128022666164,0.7661779696108673,0.9999250769650784,1.0,1.0,208,33.37628368430611,-39.10428724828372,46.32378680983373,0.2383367785650785,0.3445803873135357,0.11075187527351307,0.5274950625290554
277,7Networks_RH_DorsAttn_Post_14-rh,rh,DorsAttn,0.0146305390928462,0.0138218343149678,0.0065725206836926,0.595890028046004,0.5963080702221342,0.0084050888716507,0.7765551963165925,0.9999181245809624,1.0,1.0,208,32.46562377660196,-52.07061060395514,49.57190646265659,0.235337859220156,0.338762825461742,0.12237939518558635,0.5147544371429035
278,7Networks_RH_DorsAttn_Post_15-rh,rh,DorsAttn,0.0126651776522304,0.0108547982241242,0.0074439151672773,0.5974706356540088,0.5979624075176249,0.0095578085397061,0.7429746343239957,0.999907817457761,1.0,1.0,208,6.615711579632885,-69.514271546751,51.981414178134266,0.25470288038553446,0.3479073615132904,0.1401493049567564,0.42191199051027156
279,7Networks_RH_DorsAttn_Post_16-rh,rh,DorsAttn,0.0137897749250236,0.0132281200961974,0.0059550655605727,0.5962688988786399,0.5969341572077795,0.0083208762359023,0.7563250867857909,0.999914531993685,1.0,1.0,208,25.68252445212056,-58.1057635309535,56.53086211464622,0.24307746482459613,0.34496227693961606,0.13056471505976608,0.46718957859681093
280,7Networks_RH_DorsAttn_Post_17-rh,rh,DorsAttn,0.012208391171805,0.0108603550635847,0.0066677092502752,0.5982669294630527,0.5983184662880312,0.0104816350711466,0.7808726511626459,0.999909584000181,1.0,1.0,208,5.917152761611425,-54.19254711198761,58.621544873680094,0.23213193867567547,0.3544511869344523,0.14020160927324804,0.4284668819616331
281,7Networks_RH_DorsAttn_Post_18-rh,rh,DorsAttn,0.0121561879822862,0.0105840592476759,0.0075979083854104,0.5978995929738233,0.5991231638312351,0.0093276604451723,0.7796247182718681,0.9999065836766908,1.0,1.0,208,11.90911540499872,-63.07773404205382,63.018327955630426,0.23369862328223762,0.35551552562382716,0.14507997083712343,0.4089533023325548
282,7Networks_RH_DorsAttn_Post_19-rh,rh,DorsAttn,0.0130806991583764,0.0121721635188781,0.0066203900234008,0.5972677539731214,0.5972401798440916,0.0107374019348024,0.7798748919880953,0.9999136719457424,1.0,1.0,208,23.593890755899835,-50.32747355257527,63.883427716373056,0.23173030989852225,0.3547884846064601,0.13436181481498002,0.4412514245273116
283,7Networks_RH_DorsAttn_Post_2-rh,rh,DorsAttn,0.0076136196647602,0.0060726890020639,0.0070100098549763,0.6067218507994236,0.605799606749443,0.0125340514043726,0.8753440195515076,0.9998762151882368,1.0,1.0,208,54.87458081135262,-57.92956979203933,-1.6242633325671365,0.14496356258411333,0.3951026073359342,0.21296959414085725,0.23318611909404408
284,7Networks_RH_DorsAttn_Post_3-rh,rh,DorsAttn,0.0092134240292996,0.0077067656421567,0.0063878934177329,0.6025883030693034,0.6029760108624431,0.0101011622332232,0.8533488652403697,0.9998869100373664,1.0,1.0,208,48.45947062045222,-59.93395796876396,10.310884260313331,0.16739130245053568,0.373504209581953,0.1880858789924023,0.33730147756535983
285,7Networks_RH_DorsAttn_Post_4-rh,rh,DorsAttn,0.0103549480740439,0.0089731953928862,0.0059357151745321,0.599554171205496,0.6004538327543825,0.0092642051613489,0.8186926008591195,0.999894585137821,1.0,1.0,208,40.541916154660846,-77.21403955577411,30.873190266859154,0.22012003693060422,0.358703059523875,0.1677248624529826,0.3599269726451404
286,7Networks_RH_DorsAttn_Post_5-rh,rh,DorsAttn,0.0165537238349195,0.0158662012001086,0.0053515648670171,0.5942622993654486,0.5941674949021302,0.0106628736496271,0.7136378148660174,0.999926200913098,1.0,1.0,208,28.38978977378355,-65.32357463311712,32.141261043023626,0.28172374175629417,0.30984335163566107,0.10755394440390363,0.6061279051872854
287,7Networks_RH_DorsAttn_Post_6-rh,rh,DorsAttn,0.010412641128046,0.008576464762087,0.0076457971094509,0.601401969798105,0.6019166928398992,0.009227868278248,0.8482468763476837,0.999894287056115,1.0,1.0,208,52.8949711313053,-28.002365602765764,42.98658286114128,0.16310216149287343,0.3779875895714701,0.16881270976580576,0.3705493437480826
288,7Networks_RH_DorsAttn_Post_7-rh,rh,DorsAttn,0.0125909471280757,0.0114544229245371,0.0067890264817941,0.5969234361396711,0.5978630396921643,0.008687454687478,0.7517371236483068,0.9999069942850496,1.0,1.0,208,16.47575874889598,-75.87437212700938,45.44054128609452,0.2553895392619734,0.34495155355034085,0.14312311877497474,0.42190517330700855
289,7Networks_RH_DorsAttn_Post_8-rh,rh,DorsAttn,0.0169493666964115,0.0158099685346767,0.0069556906054751,0.5949452812637995,0.5947857131985543,0.0103239285704193,0.8134958766277809,0.9999255252664636,1.0,1.0,208,36.63401797503773,-41.28795124107683,38.286859454763245,0.21788153429808854,0.3248606864738347,0.10523217474687092,0.6214260572540027
290,7Networks_RH_DorsAttn_Post_9-rh,rh,DorsAttn,0.0162432868756456,0.0154804302287381,0.0068888210683285,0.5948816310193481,0.5946759917421786,0.0095948649505937,0.7741274838244363,0.9999251085131587,1.0,1.0,208,40.97849275143211,-31.310590812225147,41.087894259436986,0.22205263717273666,0.3464979221712703,0.10742487484173344,0.5503864104804547
291,7Networks_RH_DorsAttn_PrCv_1-rh,rh,DorsAttn,0.0134456251556377,0.0118264360695826,0.0092307567991126,0.5999277564926813,0.5988199019602276,0.0144279254875654,0.8280377622061524,0.999904289946668,1.0,1.0,208,46.47460315626796,7.09831048766041,25.061566590108807,0.1548821988756051,0.35850969392825777,0.15130997557227288,0.4573656499001597
292,7Networks_RH_Limbic_OFC_1-rh,rh,Limbic,0.030520302017382,0.0290562951798061,0.01261044510682,0.6044180632941053,0.603148996951257,0.0115524889316869,0.5703494918068522,0.9999035680450152,1.0,1.0,208,14.07984427417498,18.34913328941622,-21.006484159163243,0.11678639616886338,0.3095945780671957,0.1653659105124758,0.5155151479481593
293,7Networks_RH_Limbic_OFC_2-rh,rh,Limbic,0.0381629224162871,0.0338690702759641,0.0184142242917637,0.603502114525861,0.6023980742399573,0.0095032382874525,0.6008462508431439,0.999909589204401,1.0,1.0,208,23.775841848137453,20.96035031559541,-21.036142926855184,0.10710059605983668,0.293728589789304,0.1605671401947722,0.5505738370976485
294,7Networks_RH_Limbic_OFC_3-rh,rh,Limbic,0.0367294144195044,0.0357250639324102,0.013905541419901,0.605090860759211,0.6031347834621477,0.012793507970604,0.5943099159694648,0.9999112280672664,1.0,1.0,208,8.748649224337296,40.3155188328824,-24.00032773577733,0.10265697655056633,0.29343153179805836,0.15756771793348257,0.5528103493130089
295,7Networks_RH_Limbic_OFC_4-rh,rh,Limbic,0.0412898130526074,0.0374583607704794,0.0185084436149043,0.6032317646035078,0.6024103546801954,0.0105338955566091,0.6454702677706722,0.9999164330363182,1.0,1.0,208,21.647665709591983,39.92307148622663,-19.1825046475014,0.10278120121887481,0.288056959954851,0.15267281275216868,0.5672240982215108
296,7Networks_RH_Limbic_OFC_5-rh,rh,Limbic,0.0305331769412046,0.0250093567797426,0.0172421192939061,0.6073550864960422,0.604798085125213,0.0141464280015224,0.572911976087138,0.9999016166020662,1.0,1.0,208,4.75263882353461,19.991875132865456,-21.278777542904283,0.11753242455044789,0.33028755647328367,0.17582291060180996,0.44302708226245086
297,7Networks_RH_Limbic_OFC_6-rh,rh,Limbic,0.0177279736090344,0.0155331780715069,0.0117607426587277,0.60635463072043,0.6060270197704787,0.0092525523197638,0.6780090430156208,0.9998913217685969,1.0,1.0,208,9.64704330301122,60.16479338558054,-14.816802146084886,0.12316215275172601,0.3653657473267249,0.19369192601443694,0.3293961299115072
298,7Networks_RH_Limbic_TempPole_1-rh,rh,Limbic,0.0269270085321008,0.024529895415374,0.0114038143615868,0.6050349851106379,0.6038683295943594,0.0113992302118592,0.5446110799590913,0.9999017689520732,1.0,1.0,208,29.57476182487297,-4.768859522915494,-38.516588140360106,0.13611737547485464,0.3312620933125231,0.17072264253653466,0.4542903454374163
299,7Networks_RH_Limbic_TempPole_2-rh,rh,Limbic,0.0179090240268243,0.0147552700309954,0.0103997509731614,0.6103942258278668,0.6071458851819428,0.01552452057395,0.6194545344575693,0.9998818255236094,1.0,1.0,208,50.46374282550454,-11.901481811003816,-38.40162119668476,0.12642796168521167,0.3750767905538055,0.20928459827386095,0.2738558461540336
300,7Networks_RH_Limbic_TempPole_3-rh,rh,Limbic,0.0309939555711748,0.029641295050053,0.0119985612370893,0.607217460387378,0.6036902929000454,0.0173175893374023,0.5059562954901764,0.9998990650999569,1.0,1.0,208,40.75116325458247,11.491265406882215,-37.33728399119926,0.1149847924645633,0.32502671940371003,0.1773529056316422,0.45494457881301387
301,7Networks_RH_Limbic_TempPole_4-rh,rh,Limbic,0.0149349707643623,0.0121723969556589,0.0089609206529497,0.6091532764606639,0.6060293644521856,0.0156830405864253,0.7027885032002683,0.9998823429082024,1.0,1.0,208,39.96872856977906,-18.480383260926203,-28.571150450309965,0.1346487346573964,0.37624863827451926,0.20447970063413845,0.28253290294082783
302,7Networks_RH_Limbic_TempPole_5-rh,rh,Limbic,0.0296501877865889,0.0277612289908703,0.0130480402358976,0.6082546334435176,0.6042500216464195,0.0173915253192876,0.5266701894959168,0.9998983088858292,1.0,1.0,208,30.64272738968509,8.083568287685285,-28.46018266790584,0.11536634074664835,0.3263672524148298,0.17729443844168447,0.45148892976023736
303,7Networks_RH_Limbic_TempPole_6-rh,rh,Limbic,0.0107089649025954,0.0085075456013972,0.0071579191181679,0.6111884467602536,0.6070164032285961,0.0169848988622518,0.7984379226282943,0.9998732914416876,1.0,1.0,208,47.899293777127525,-32.70247620545858,-26.52756239179969,0.1302910851617263,0.39631733011657,0.2205899754039336,0.19816830305308428
304,7Networks_RH_Limbic_TempPole_7-rh,rh,Limbic,0.0194566276395417,0.0173023024225576,0.0091292666501017,0.604277083174804,0.6030031791602697,0.0120451528121171,0.6494307159628584,0.9998974870061772,1.0,1.0,208,22.43537580966949,-20.49568425392618,-25.147459710130885,0.1547690531626313,0.34723482430503017,0.17198904738755996,0.41925109862235255
305,7Networks_RH_SalVentAttn_FrOperIns_1-rh,rh,SalVentAttn,0.0316509904422673,0.0306460668554156,0.0100844443041969,0.6008770382204551,0.6000943116938031,0.0107727508059892,0.6369201959686921,0.9999137048241754,1.0,1.0,208,41.981187423676936,-0.3311610826986136,-14.979981759577306,0.13166009987798466,0.2837045814706019,0.14313043260192918,0.6378556254370717
306,7Networks_RH_SalVentAttn_FrOperIns_2-rh,rh,SalVentAttn,0.029111264659324,0.0284067448710505,0.0116605735851445,0.6044290353021258,0.602393889971558,0.0135208011101534,0.584842464293891,0.9999019427874268,1.0,1.0,208,40.967557941644,7.767952047509537,-2.0754919730171832,0.11597567718223141,0.30936535817459276,0.16636008629512475,0.5164379419900823
307,7Networks_RH_SalVentAttn_FrOperIns_3-rh,rh,SalVentAttn,0.0165146715883102,0.0152533202355495,0.0071388580401712,0.6041452766500398,0.6036976620261232,0.0095854701729345,0.6986323739533037,0.999891361485196,1.0,1.0,208,41.30119235476932,-13.839918048961742,-4.574036725030558,0.13889256950742335,0.3473669397754612,0.1822961744579704,0.41170624179194454
308,7Networks_RH_SalVentAttn_FrOperIns_4-rh,rh,SalVentAttn,0.0221522388974048,0.0214680067998459,0.0089972790053118,0.6059760229207781,0.6033294054277174,0.0140057968343406,0.6071019216141322,0.9998938167385786,1.0,1.0,208,39.12488603397291,0.0287277889723072,6.171664282352644,0.12611103230628737,0.33724985059614043,0.1779789846754875,0.4327875209635508
309,7Networks_RH_SalVentAttn_FrOperIns_5-rh,rh,SalVentAttn,0.0202175176638512,0.0186601914822964,0.0086467537799708,0.6023853579959719,0.6005644461850198,0.0140189646418994,0.7194681636684821,0.9999041142058944,1.0,1.0,208,36.11202239439376,21.28192997667333,5.602545683507199,0.1387972410658726,0.33046577401954585,0.15193328673415757,0.5078278828055662
310,7Networks_RH_SalVentAttn_FrOperIns_6-rh,rh,SalVentAttn,0.0144537175492204,0.0129301942086978,0.007278352560977,0.6009399133205817,0.5992275022932609,0.0139772609572813,0.8066546130379721,0.9999004838249296,1.0,1.0,208,37.42141387129077,4.213974989060351,11.4872019834469,0.15141430596938332,0.3463337411718145,0.1559636745468738,0.4777981026019484
311,7Networks_RH_SalVentAttn_FrOperIns_7-rh,rh,SalVentAttn,0.0114180285746399,0.0096822993940321,0.0063103908043597,0.6056325212127095,0.6037944747458641,0.0140494291561135,0.8085437453916302,0.9998828810671432,1.0,1.0,208,49.48076854091836,2.962070921519501,4.01449540630413,0.1378697046123723,0.37597963359481384,0.19314149731626473,0.32450355616314447
312,7Networks_RH_SalVentAttn_FrOperIns_8-rh,rh,SalVentAttn,0.0115505117374233,0.0093278291784875,0.0077407660828051,0.6041301891860854,0.6029872309593944,0.0116413341515124,0.8110593397466253,0.9998851702750746,1.0,1.0,208,52.82435532654224,10.208086172739664,13.132418039148408,0.13701944362248786,0.3758421340940016,0.18923369192419132,0.3356897016347514
313,7Networks_RH_SalVentAttn_Med_1-rh,rh,SalVentAttn,0.0173521809777877,0.0159485494523558,0.0087490434432012,0.5970605880938156,0.5959304970574737,0.0114232129896643,0.8689185890216422,0.999924155282502,1.0,1.0,208,7.585728896351961,16.395244640006116,36.34647055067254,0.14279038428090055,0.32402723903938907,0.11888341088615466,0.6284626400953454
314,7Networks_RH_SalVentAttn_Med_2-rh,rh,SalVentAttn,0.0158091333226634,0.0146243189682666,0.0090949248905083,0.5958145267002029,0.5947045973018333,0.0124610840214426,0.8754698296125104,0.9999296138531116,1.0,1.0,208,7.356912833743144,0.2745236418781872,43.25901147537145,0.17674049219258348,0.3201042483105237,0.10872357835306862,0.6419651332775348
315,7Networks_RH_SalVentAttn_Med_3-rh,rh,SalVentAttn,0.0113886410016204,0.0098497475742273,0.0078052539486461,0.6016153084423489,0.6016054183487626,0.0070061677941091,0.7909446450468542,0.9998912216088932,1.0,1.0,208,12.931206527275124,-32.72201663002449,41.92644299917271,0.18650420036809656,0.3648053930583113,0.18036571971536086,0.34217154496351265
316,7Networks_RH_SalVentAttn_Med_4-rh,rh,SalVentAttn,0.0115053607886056,0.0096982793134048,0.0092304181618169,0.6005914380365615,0.6001972668673379,0.0110871624996637,0.856830335367541,0.9999000180507048,1.0,1.0,208,6.036390720934108,9.63839429282192,53.73862471096758,0.14335634059931748,0.3572821925290722,0.16650666566697264,0.44505779110813853
317,7Networks_RH_SalVentAttn_Med_5-rh,rh,SalVentAttn,0.0173931399906891,0.0164255326397662,0.0062051871111472,0.5937620255208684,0.5931351378359238,0.009648869419718,0.7104863338073419,0.9999284379742912,1.0,1.0,208,12.367558380722496,-43.91977046210052,52.13398835494717,0.27860214937443295,0.3126051481134975,0.10176461883637511,0.5981506400073703
318,7Networks_RH_SalVentAttn_Med_6-rh,rh,SalVentAttn,0.0128858584440609,0.0117761969538122,0.0057834356245738,0.5972751936493059,0.5978825875187472,0.0063781703735679,0.8093618597902166,0.99990686089339,1.0,1.0,208,11.300935133474844,-32.3369916845251,47.6872664670591,0.21341569019976084,0.3466436282904013,0.1466277421114144,0.4466561426175968
319,7Networks_RH_SalVentAttn_Med_7-rh,rh,SalVentAttn,0.0096565347864427,0.0077921888461273,0.0081143708068032,0.6006873224398801,0.6008786988408428,0.007482087578591,0.8605724214572213,0.9998946192349786,1.0,1.0,208,6.491606072125681,-2.784925786840172,65.25174341290437,0.15165520810148045,0.36939702656579226,0.17862323171606195,0.37952378527307035
320,7Networks_RH_SalVentAttn_Med_8-rh,rh,SalVentAttn,0.0107659478697755,0.0084611239271029,0.0109708068354915,0.6001413842651628,0.6002757700894649,0.0100827837276357,0.8564857524973454,0.999897020337441,1.0,1.0,208,16.81648499379724,5.63756817630571,66.50696219428112,0.15103152768557165,0.36431886468723795,0.17330856518411453,0.3997073527266028
321,7Networks_RH_SalVentAttn_PFCl_1-rh,rh,SalVentAttn,0.0133388539242908,0.011553624434344,0.0085718213525727,0.6024489401027754,0.6024713543005941,0.0095714371509409,0.8194341407359327,0.999901157653679,1.0,1.0,208,32.15586728276433,39.53848211614935,26.49043172801937,0.13578071075376716,0.3676742025502878,0.16603254836547723,0.397835502602914
322,7Networks_RH_SalVentAttn_PrC_1-rh,rh,SalVentAttn,0.0117448472572401,0.0096725923953423,0.0087137674017998,0.5987055937300167,0.5991658030038054,0.0106204913110039,0.8449551504684703,0.9999057174403294,1.0,1.0,208,47.79780671762865,2.261418284220232,39.861866790194846,0.15118503917834972,0.3658930391603381,0.15471057203295932,0.43483375455655576
323,7Networks_RH_SalVentAttn_TempOccPar_1-rh,rh,SalVentAttn,0.0083989323079348,0.0068974067481063,0.0062819536809149,0.6052151110567178,0.6045123219099149,0.0113821587803321,0.8677855138580729,0.9998811137960713,1.0,1.0,208,56.839385596949136,-50.53383529395388,8.114580490562524,0.15162889026893445,0.38673931968614694,0.20114190854006203,0.27793351872391203
324,7Networks_RH_SalVentAttn_TempOccPar_2-rh,rh,SalVentAttn,0.0135671252510786,0.0127146618080697,0.005616804689073,0.5991295345206654,0.5997519276459481,0.0069733980245577,0.8107317900944178,0.9999005594687196,1.0,1.0,208,48.91662306793791,-42.87915146740702,10.04337062687964,0.1806497355578404,0.3420260707203442,0.1569343607491948,0.48345080447929556
325,7Networks_RH_SalVentAttn_TempOccPar_3-rh,rh,SalVentAttn,0.0091385603958267,0.0074553007446294,0.0061828842280782,0.6043577000070299,0.6041121626867987,0.0121072222398543,0.8569168335204916,0.9998851006581172,1.0,1.0,208,58.09814796935924,-44.78331820751239,18.535297371133808,0.1571041909303197,0.38094892408691655,0.19309044095846192,0.3094767384629212
326,7Networks_RH_SalVentAttn_TempOccPar_4-rh,rh,SalVentAttn,0.0113200550976977,0.0100804236533933,0.0060568104575189,0.6020234232898323,0.6014402296576322,0.0122825487411646,0.8329127048029624,0.9998947391173216,1.0,1.0,208,54.739830735150505,-34.855605098672584,23.026261487589704,0.17088121936898967,0.3632231958683002,0.17099382248500164,0.3980891908802516
327,7Networks_RH_SalVentAttn_TempOccPar_5-rh,rh,SalVentAttn,0.0101090860710386,0.0084879076561158,0.0059344929876004,0.6023437931494748,0.6028199842090768,0.0076883629495277,0.8429604065406254,0.999889401236432,1.0,1.0,208,57.69827638294981,-26.170714910608453,25.365206347647494,0.15663590176784806,0.3792606502512041,0.18267266412644947,0.3345496715878732
328,7Networks_RH_SalVentAttn_TempOccPar_6-rh,rh,SalVentAttn,0.0094200577536504,0.0074855615628285,0.00701325013121,0.6034957311392228,0.6032670163557022,0.0111020090420204,0.8542212709237493,0.9998873976628628,1.0,1.0,208,59.34533298094891,-32.21774297913004,35.75224575922389,0.15619527082862703,0.3842214427779688,0.18763806438215366,0.31165586383699356
329,7Networks_RH_SalVentAttn_TempOccPar_7-rh,rh,SalVentAttn,0.0096928172833046,0.0078890382805697,0.007348988136281,0.6033350004438972,0.6032310456727671,0.0099369798036358,0.8543694747470282,0.9998882337816404,1.0,1.0,208,57.98018251452363,-43.38525100004049,33.54077320859914,0.15679165601674425,0.38256016459636344,0.18430318148877756,0.32702336111079977
330,7Networks_RH_SomMot_1-rh,rh,SomMot,0.0158500818454786,0.0134844846557072,0.0090221532369141,0.6058536463391105,0.6042051873582801,0.0125478474323783,0.7264918938022404,0.999889580110798,1.0,1.0,208,54.16707049868234,-3.1325528045209343,-4.817231903234957,0.13155411228609884,0.3501968578456052,0.18414439443394404,0.41239273831339274
331,7Networks_RH_SomMot_10-rh,rh,SomMot,0.0206886084804916,0.0200850437634151,0.0071492471456293,0.5946447523056964,0.5941488458027477,0.0086645589125717,0.7756659964727616,0.9999250311405756,1.0,1.0,208,40.146711502240336,-30.90476738529288,17.142110249696874,0.20696477667145755,0.30018402455359955,0.10925270475296216,0.689141606696523
332,7Networks_RH_SomMot_11-rh,rh,SomMot,0.0166172692857615,0.0152155109175766,0.0075445400235936,0.6001087461860274,0.599077138801581,0.0125882111874756,0.7869369490467741,0.9999106655126676,1.0,1.0,208,49.124778318940926,-14.59144760785478,14.545440470234732,0.17227997469527,0.33343369807961176,0.1402089838134652,0.5471701527910887
333,7Networks_RH_SomMot_12-rh,rh,SomMot,0.0112922791490402,0.008678387836324,0.0091764305221883,0.605707975445061,0.6037424401029512,0.0143910784659946,0.8196696961349835,0.9998843493218464,1.0,1.0,208,59.36088851699255,-2.1840281121591505,9.89366909256555,0.14416559857062003,0.3752330648390628,0.1928451353685597,0.330139855579522
334,7Networks_RH_SomMot_13-rh,rh,SomMot,0.015697410937479,0.0146030932887947,0.006255863304673,0.5983394310698524,0.5983699922246,0.0073621745315584,0.8000851588419504,0.999910877121226,1.0,1.0,208,47.57107659748623,-25.19497849016773,17.386464291689347,0.18054779677910404,0.3381954043840313,0.13675034804990663,0.5371543603317105
335,7Networks_RH_SomMot_14-rh,rh,SomMot,0.0096461296711962,0.0075061859492625,0.0081421243775111,0.6047707667084354,0.6049128235173865,0.0090874497490664,0.8400738548544966,0.9998839447336274,1.0,1.0,208,62.31803682872227,-15.638313655342374,16.307944854668207,0.14619455987713953,0.38915496170284036,0.19905856636742275,0.2787488993269271
336,7Networks_RH_SomMot_15-rh,rh,SomMot,0.0093312092366887,0.0073870056446087,0.0095282481327856,0.6039410367300807,0.6024149716705025,0.0145943526016492,0.855670675227958,0.9998855128196844,1.0,1.0,208,59.97977982723352,4.343431564284996,31.272222819472805,0.1544136887665688,0.3850514759050312,0.1858903557270214,0.31377668722398067
337,7Networks_RH_SomMot_16-rh,rh,SomMot,0.0110243071466621,0.0093700750893615,0.0088298508980541,0.6010395161962264,0.6010837105884768,0.0096997509004676,0.8379202065939264,0.999896321077565,1.0,1.0,208,55.97383255349066,-8.665662223994998,28.3367738426692,0.16395990408902023,0.36794724170807624,0.16716956688856255,0.396452824722102
338,7Networks_RH_SomMot_17-rh,rh,SomMot,0.0098293984922112,0.0080201379675812,0.0079210927374321,0.6021451849256411,0.6022085465549654,0.0100556595138565,0.8522246895258994,0.9998912345864848,1.0,1.0,208,58.6717884288666,-19.05908757287103,32.782994581967664,0.1627396905779164,0.38039509828383666,0.17812493877134153,0.33553675711304926
339,7Networks_RH_SomMot_18-rh,rh,SomMot,0.0134563090201225,0.0122038300128207,0.0088160566379791,0.5968046265160072,0.5963398857759439,0.010213356906551,0.8347870357945912,0.9999156226722876,1.0,1.0,208,47.22718268174391,-10.461100134712,36.27267553714606,0.18205047520380355,0.3478649924433856,0.13026682526337874,0.5270283503987554
340,7Networks_RH_SomMot_19-rh,rh,SomMot,0.0118585343606605,0.0103437559542997,0.0087201411462387,0.5993049267193381,0.5992863975022992,0.0115403380140113,0.825263338844145,0.9999056148918336,1.0,1.0,208,51.366038976571495,-22.07235040114476,40.97237098522675,0.18452923810352545,0.3682180454120665,0.1458312911432081,0.43321230080889
341,7Networks_RH_SomMot_2-rh,rh,SomMot,0.0091072882396973,0.0072643847468589,0.0066639155727837,0.6079243360125784,0.6056595593939569,0.0144638629699283,0.8452932438537228,0.999877217634588,1.0,1.0,208,62.27627736473283,-24.248087418615007,-1.573212818450381,0.14262262532657838,0.3906506168184676,0.20726502021848764,0.25502290429822727
342,7Networks_RH_SomMot_20-rh,rh,SomMot,0.0137722108322439,0.0125113714534919,0.0070649086394426,0.5952735731224941,0.5951372027428707,0.0087197909792898,0.8523661034885083,0.9999196119674032,1.0,1.0,208,10.85787755087762,-16.374574887003874,42.29369466047548,0.18478964149523955,0.33819119464512143,0.12666329183437589,0.5456905865788513
343,7Networks_RH_SomMot_21-rh,rh,SomMot,0.0121398964585292,0.011007468927709,0.0083446853481239,0.5979891714017929,0.598137304495534,0.0100866758013392,0.7960394974472678,0.9999094499088466,1.0,1.0,208,49.64813986717754,-15.760309406637786,47.72572051218269,0.19787621453437207,0.36851294086209646,0.1416956029805137,0.4229600571024523
344,7Networks_RH_SomMot_22-rh,rh,SomMot,0.0141554904145244,0.0118765489050997,0.0088280407833553,0.5973614513204004,0.5961130367944776,0.0147919465988954,0.7028073077639394,0.9999173666682968,1.0,1.0,208,41.20006065468514,-12.802968873091393,46.234237665905376,0.22846032544462924,0.3542747107367753,0.12621368686615544,0.4541817374013335
345,7Networks_RH_SomMot_23-rh,rh,SomMot,0.01389326848801,0.0121767031149129,0.0088637856829687,0.5971291949970707,0.5973856496366119,0.0107703567013651,0.7393626080725964,0.9999137855150212,1.0,1.0,208,46.0530230812598,-28.567303431632222,53.83086544379609,0.22196748306047304,0.36841948411980463,0.1320696989785042,0.4089651868953373
346,7Networks_RH_SomMot_24-rh,rh,SomMot,0.0119786925617438,0.0105919525930043,0.0077834215380106,0.5982549143327079,0.5977652911919276,0.0087792961615668,0.858939094504608,0.9999086831796078,1.0,1.0,208,7.458931906394709,-9.311182114533056,49.57925182666654,0.15745783082601092,0.3477882396674662,0.1497519506953739,0.4965596709637534
347,7Networks_RH_SomMot_25-rh,rh,SomMot,0.0161615576579174,0.0146247590183503,0.0093811109114969,0.596256636733291,0.5950502495584316,0.0130996648788761,0.6504421547185312,0.9999266677425868,1.0,1.0,208,38.75372867638569,-22.786434736007298,51.48008764435423,0.2535708113646748,0.36059926345135046,0.10905832324860082,0.4491176693570049
348,7Networks_RH_SomMot_26-rh,rh,SomMot,0.0144536851828095,0.0119619784635703,0.0102421729516681,0.5996907466566643,0.5974164967307563,0.0144976207308535,0.6487280584654417,0.9999190697520428,1.0,1.0,208,35.22973374826177,-19.34261807082767,59.3431970309482,0.23050098476926661,0.36642430629599737,0.1288925390153497,0.39806696485886006
349,7Networks_RH_SomMot_27-rh,rh,SomMot,0.0130469766605268,0.0114900750560738,0.0081955853355662,0.5986579569482162,0.598080253648176,0.0129593507398749,0.7602941013316277,0.9999157684531448,1.0,1.0,208,31.363481462422143,-36.75099741151538,59.3115878730634,0.22315858467680477,0.36326294368649636,0.1283674841999975,0.4347139087257899
350,7Networks_RH_SomMot_28-rh,rh,SomMot,0.0133356755319674,0.0119916522386811,0.0056175592703424,0.5974218562520661,0.5968960962588628,0.0118686066086966,0.772035292838084,0.9999167707281444,1.0,1.0,208,29.776935271342367,-42.28359443751994,58.28797455161895,0.23115557082536553,0.35021519741342094,0.12407830349980438,0.4785534697458686
351,7Networks_RH_SomMot_29-rh,rh,SomMot,0.0143780068666689,0.0127005995582012,0.0094168447069683,0.5980758188472669,0.5969443994415009,0.0125794223790784,0.7023689594350201,0.999920371948394,1.0,1.0,208,32.21193271912869,-28.384141826029843,58.18446229538828,0.23286885092072254,0.3626358869170976,0.12264069001790975,0.43582341249553685
352,7Networks_RH_SomMot_3-rh,rh,SomMot,0.0131619131295204,0.0114895028282835,0.0074364959078196,0.6041710130891111,0.6028187232949258,0.0132602648229456,0.7852944971573866,0.9998920501792932,1.0,1.0,208,53.36903767549354,-18.244371210800782,6.734288401347194,0.1557637808956668,0.3611101026805846,0.17537274164448988,0.3974824262078627
353,7Networks_RH_SomMot_30-rh,rh,SomMot,0.0130640048928011,0.011471063075209,0.0090239181752994,0.6005613821799035,0.5966372620015297,0.016939917828939,0.8383889216509904,0.9999234351029992,1.0,1.0,208,3.981809020042419,-24.704219892187027,56.86575749468263,0.19417291307101675,0.34425295535707146,0.12255036384076455,0.5259595594878935
354,7Networks_RH_SomMot_31-rh,rh,SomMot,0.0125464424849213,0.0103756324232577,0.0091702479491752,0.6003086781358041,0.5981438008676745,0.0143104392055435,0.8097162761222959,0.9999152014106936,1.0,1.0,208,28.26973286867142,-11.522211138010023,60.640694184303285,0.1805254218348195,0.3550664832706951,0.13962819035594312,0.46562640767924124
355,7Networks_RH_SomMot_32-rh,rh,SomMot,0.0138070397025102,0.0122759131990385,0.0073474801466759,0.5965183834287204,0.5970844327790557,0.0101053837112737,0.7622344773936611,0.9999155058818564,1.0,1.0,208,8.84448964238402,-41.644575999333306,65.66025912267922,0.24133138055759265,0.3414222560362527,0.130558738175919,0.4795966639081724
356,7Networks_RH_SomMot_33-rh,rh,SomMot,0.0118873846164269,0.0102168191539404,0.0086716801937312,0.5984472239825683,0.5977784758017772,0.0117479764341116,0.8119080627094283,0.999912375927506,1.0,1.0,208,21.113430320995004,-26.097218609210728,60.7053500958978,0.2058782438239828,0.3543218641709962,0.1400330119144469,0.45969695169361613
357,7Networks_RH_SomMot_34-rh,rh,SomMot,0.0121992099448961,0.0112368470736399,0.005623282331273,0.599082114232867,0.5987549486672707,0.0117286298003491,0.7965487107788773,0.9999144284047736,1.0,1.0,208,21.24476136853618,-30.0118748264928,62.39330081939697,0.21613014658877625,0.35521944681489337,0.1333952449954119,0.4570472576348495
358,7Networks_RH_SomMot_35-rh,rh,SomMot,0.0114562485870602,0.0097410425488162,0.0070337894063164,0.598838371970496,0.5995744638020131,0.0109331038226981,0.796673809639321,0.9999067652215164,1.0,1.0,208,21.66870424984756,-36.93358524376748,66.25574120978044,0.21422190066629354,0.3640362366673668,0.14699199949403585,0.39611765597423043
359,7Networks_RH_SomMot_36-rh,rh,SomMot,0.0101595887005057,0.0082127024054799,0.0084966696914774,0.5996426643343862,0.5997522531193569,0.0091680143852728,0.852580117676178,0.9998983825834664,1.0,1.0,208,15.91704198134573,-9.38943478747418,66.94574837132504,0.1595667681889855,0.36204033773683086,0.17051167483931773,0.411264761298605
360,7Networks_RH_SomMot_37-rh,rh,SomMot,0.0109359595549163,0.008819637120935,0.0087314349568342,0.5992022287751606,0.6002568517351987,0.0095707023991585,0.8094994832480402,0.999901092203129,1.0,1.0,208,14.517009213356246,-48.4923494000637,69.88299911475069,0.2080450358058149,0.37101091063497244,0.1587953317231539,0.3574043704672983
361,7Networks_RH_SomMot_38-rh,rh,SomMot,0.0098511463778119,0.0074068549977694,0.009282696431314,0.601276452812068,0.600859893704919,0.0123982231527807,0.8412477784984357,0.9998985187824064,1.0,1.0,208,4.072558445913775,-24.10753179574992,70.02845520920701,0.17470715146593296,0.3726909617503903,0.16800258461802478,0.36020358341970266
362,7Networks_RH_SomMot_39-rh,rh,SomMot,0.0111565826182196,0.0088276380924924,0.0100862917212941,0.5994156282493693,0.5997546438646055,0.0106063224898974,0.8080866516242727,0.9999047495897632,1.0,1.0,208,15.58972176316259,-21.862215113010908,70.2278064983926,0.20094051090445716,0.3607549931836729,0.15332962847914464,0.40537709956885004
363,7Networks_RH_SomMot_4-rh,rh,SomMot,0.0203676049654087,0.0196398883477834,0.0062964454857176,0.5986881010206603,0.5987950772217566,0.0080431292957528,0.7426600898289014,0.9999096162214698,1.0,1.0,208,39.71924394478828,-21.259226856056166,3.87016308458452,0.1663991965670312,0.30537886745461207,0.14079401033171818,0.6082172634563596
364,7Networks_RH_SomMot_40-rh,rh,SomMot,0.0107920315416063,0.0088834726772052,0.0076056446726293,0.5996960330215328,0.6000874256558479,0.0105320598265052,0.8011998930495783,0.9999016187796754,1.0,1.0,208,10.677242035366314,-34.10032670977853,72.53431116032327,0.2055228072382325,0.36958362965479585,0.15958669082525928,0.3583378830290521
365,7Networks_RH_SomMot_5-rh,rh,SomMot,0.0179061683269191,0.0174682228180874,0.0069731913389035,0.6001273353594861,0.5988510141387302,0.0133943549254262,0.7636725472461501,0.9999056826932936,1.0,1.0,208,38.31698875996604,-9.508908070735078,13.669518731423278,0.1563768180592111,0.325911695699841,0.1469057993719849,0.5478657787703425
366,7Networks_RH_SomMot_6-rh,rh,SomMot,0.0140235167528406,0.0128612411753906,0.006621616298354,0.604198931324979,0.6029940246540331,0.0112860090096975,0.750243716350104,0.9998891946063954,1.0,1.0,208,35.73026431974817,-23.47255503232362,13.909120812963266,0.15409767638839075,0.3550119617465773,0.18173271536909066,0.3871020933101805
367,7Networks_RH_SomMot_7-rh,rh,SomMot,0.0106607673895921,0.0089794394493716,0.0064187519344992,0.6044622321535099,0.6041014921341052,0.0112266387630132,0.8217496798668785,0.9998864112251415,1.0,1.0,208,60.02697238660839,-27.96783253134113,10.53669749808638,0.15682041774604813,0.37590132368385637,0.18687135567445104,0.33382784841968216
368,7Networks_RH_SomMot_8-rh,rh,SomMot,0.0081457970077984,0.0067818738344906,0.0049055598144957,0.6057189917322737,0.6051180003377344,0.0105005005558524,0.8666517400632121,0.9998779847777796,1.0,1.0,208,62.91798085915415,-37.91018609937869,9.375149672360797,0.14870101823598225,0.3914761777616383,0.2063154824579271,0.25261896756509894
369,7Networks_RH_SomMot_9-rh,rh,SomMot,0.0203707524015695,0.0196877689436406,0.0076776114551185,0.5928356112300244,0.592253407890825,0.0102626254950124,0.8253258962904069,0.9999330232157142,1.0,1.0,208,39.65330003591684,-15.134071417038257,17.82500345156743,0.1939621758621245,0.292928934722353,0.09307578411346125,0.7626508021368206
370,7Networks_RH_Vis_1-rh,rh,Vis,0.0137618119869697,0.0116477820839214,0.0076965191501595,0.6111391671050826,0.6056459598214614,0.0198570712086374,0.7246418064866502,0.9998816758154988,1.0,1.0,208,33.73421924152402,-38.76331486486799,-23.52695965246342,0.1409008933856883,0.3792112814288473,0.2038593183401124,0.2752839207297205
371,7Networks_RH_Vis_10-rh,rh,Vis,0.0065463402807192,0.0052067182856471,0.0067782078179926,0.6071556808780886,0.607109108905135,0.0081010700245235,0.8725930386619232,0.9998693456015368,1.0,1.0,208,42.00011734654484,-85.393584712311,-10.430461916392192,0.1414998693799423,0.4068851751898582,0.22863084243368484,0.15554655623047953
372,7Networks_RH_Vis_11-rh,rh,Vis,0.010451490242884,0.0090062384310251,0.004862069035908,0.6040676978913887,0.6043663368174955,0.0056282908055773,0.7947138898521231,0.9998857403243592,1.0,1.0,208,9.3143160225989,-73.61334473694656,-5.402652717239465,0.1702517814591072,0.3706737904857389,0.1974705223477425,0.2932982861773903
373,7Networks_RH_Vis_12-rh,rh,Vis,0.011106992074839,0.0096969234985534,0.0042700061445114,0.6051475408944392,0.6042504783989788,0.0097709127449484,0.7824026237102396,0.9998855813698596,1.0,1.0,208,11.603607693186133,-56.83899196154295,-3.7746265772944607,0.16657097843353202,0.37041497756538616,0.19792795464405888,0.29707927549323254
374,7Networks_RH_Vis_13-rh,rh,Vis,0.0066037218285377,0.0051991176857772,0.0062082074599223,0.6075621603433895,0.607698856312018,0.0071074844799234,0.8655225175075871,0.9998693565120786,1.0,1.0,208,24.974504228786376,-97.4432663410708,-9.269698006822171,0.1411744958902292,0.411798355501673,0.23609819192963616,0.1138575578530529
375,7Networks_RH_Vis_14-rh,rh,Vis,0.0115048502304331,0.0102095070295018,0.0056179782881816,0.6059969848185461,0.6049794137975495,0.0110287000323504,0.785501624390214,0.999883281134582,1.0,1.0,208,17.59583367624755,-46.90128453061922,-2.5144432037822537,0.15745594378132705,0.37366768248945165,0.1983676996555246,0.30074860411069015
376,7Networks_RH_Vis_15-rh,rh,Vis,0.0085879199044481,0.0070044645045261,0.0056908276555004,0.6025902896313855,0.6034656387009267,0.0068550639369568,0.8470773616180911,0.9998842532004526,1.0,1.0,208,9.230852150714432,-92.25688443710716,0.04916290388899,0.17916283974209168,0.3790971406664927,0.1958530690704145,0.2797529325201944
377,7Networks_RH_Vis_16-rh,rh,Vis,0.0082855352658241,0.0064711758940588,0.007479644972511,0.6038444923658495,0.6040613177904035,0.0118078079708041,0.86509140035169,0.999881648918422,1.0,1.0,208,46.25512828862423,-70.0902906840518,5.295305901964921,0.17025130889680345,0.38094394777316665,0.1994617389658472,0.2780536996049872
378,7Networks_RH_Vis_17-rh,rh,Vis,0.0120440385611502,0.0110428737333231,0.0046094264239404,0.6038792952628971,0.6034949742930994,0.0080079874515755,0.7658433422789658,0.9998877698838906,1.0,1.0,208,13.130108099305229,-48.858929297629366,2.5628123190546974,0.17065685339978628,0.36636860111271036,0.18940034885042323,0.32765595525059604
379,7Networks_RH_Vis_18-rh,rh,Vis,0.0083424264798032,0.0062192836134309,0.0068881502300643,0.602456686451575,0.603509851104342,0.007860795418058,0.8541280431880439,0.9998840764601736,1.0,1.0,208,32.3130364311509,-88.13911828982219,5.241248358444906,0.18767032307080156,0.3775425541449055,0.18949912987943596,0.29479852476687557
380,7Networks_RH_Vis_19-rh,rh,Vis,0.0133401368907309,0.0118484688555666,0.0055876538263225,0.5991558114479989,0.5992469147984621,0.0082433271158141,0.7384800273029435,0.999903474515268,1.0,1.0,208,10.339547792008158,-73.68011280291343,8.260370245892448,0.23289020203341462,0.342038712658325,0.1534598672255366,0.4287212177815965
381,7Networks_RH_Vis_2-rh,rh,Vis,0.0200272912368658,0.0172631324111878,0.0097511670036934,0.6083023783069211,0.6035521642326996,0.0187243555874763,0.6263908252170475,0.9998889317119282,1.0,1.0,208,32.11541472952472,-35.21119974912049,-16.925132261768,0.1379924605611637,0.35171154906875235,0.18545607952325946,0.3855209740451801
382,7Networks_RH_Vis_20-rh,rh,Vis,0.0149700718090733,0.0142174618195872,0.0051048413493819,0.599853260526258,0.6002803222763355,0.0079342232047133,0.7360765188845738,0.999902559371435,1.0,1.0,208,22.964381222040803,-62.04981967264376,5.045612511913067,0.21485212043845686,0.33144454015839947,0.1567008336962847,0.46266054837383846
383,7Networks_RH_Vis_21-rh,rh,Vis,0.0081187420548433,0.0062942297985292,0.0077446074794167,0.6032106806144244,0.6040735081725715,0.0090037533841089,0.8569907769112556,0.9998834550347092,1.0,1.0,208,22.953943878527312,-98.85429485424145,8.0702184019862,0.18469550094704842,0.3786313084342744,0.18998235659794774,0.298227672077491
384,7Networks_RH_Vis_22-rh,rh,Vis,0.0082398485393916,0.0064352156405167,0.0082660853501501,0.6022092253650381,0.6033566155562884,0.0080164134999584,0.8639219647540975,0.9998837619432565,1.0,1.0,208,40.80733049657356,-80.73856837441477,12.199606854949842,0.1849697921416786,0.3769154966772313,0.1908471245586359,0.3003479795506274
385,7Networks_RH_Vis_23-rh,rh,Vis,0.0102041308696787,0.0082686655855877,0.0071485764957174,0.599855023545138,0.6001465498933845,0.0086942043379718,0.7930572269212504,0.9998953568439024,1.0,1.0,208,12.053622078929484,-93.16523015549988,17.63867736100133,0.230518132230107,0.3629202214053586,0.16182205600208785,0.35781944239539887
386,7Networks_RH_Vis_24-rh,rh,Vis,0.015904010585198,0.0150524613840421,0.005694040646114,0.5962544456680847,0.5965389094983522,0.0074444008685253,0.6785717531935312,0.9999141923964456,1.0,1.0,208,16.748238741801334,-67.17483728848971,18.483881677480845,0.2716376952489484,0.32243091350330316,0.13023595859495235,0.4978841999076024
387,7Networks_RH_Vis_25-rh,rh,Vis,0.013898869022827,0.0119542143824155,0.0069893566847259,0.5965153121628345,0.5969003385785339,0.0095742213965428,0.6637368569705883,0.9999146371106992,1.0,1.0,208,3.802205753045451,-80.82202438714127,21.99782957532992,0.2861075530856405,0.33835925802748934,0.1274181843720228,0.4547875381665377
388,7Networks_RH_Vis_26-rh,rh,Vis,0.0121525040322622,0.0098063529323279,0.0084504796310722,0.5975620150724792,0.5983285065840254,0.0086815897901428,0.7654647146080527,0.9999072646097008,1.0,1.0,208,25.90658140854097,-85.26218314909599,18.995517891897283,0.24859441333352222,0.34620756815207776,0.13925448377049143,0.46021280564273914
389,7Networks_RH_Vis_27-rh,rh,Vis,0.012620160304182,0.0112797000650994,0.0060280178387258,0.5973069326561486,0.5972780072712751,0.0104600627540172,0.7740467821020904,0.9999062425547274,1.0,1.0,208,32.80195320238213,-77.03491728430505,22.98504142338047,0.2532834520697319,0.32918560632520266,0.1396484528152909,0.4941353780536633
390,7Networks_RH_Vis_28-rh,rh,Vis,0.015890410865827,0.01463204575744,0.0082929124708452,0.5946116389691232,0.5947027012604436,0.0091307800792808,0.6471389691780818,0.9999210916042852,1.0,1.0,208,14.670695726346162,-77.49335751291049,32.26194643246925,0.30351146477030805,0.31694786664586255,0.11517074870718506,0.5330363529054196
391,7Networks_RH_Vis_29-rh,rh,Vis,0.0133103171920515,0.0109282742800907,0.0085854720630923,0.5975049608801585,0.5980290259504197,0.008469594785473,0.6692759646128666,0.9999059163049988,1.0,1.0,208,16.143456727149132,-86.62943916770764,35.24504573317061,0.28226199790962386,0.34165377476356423,0.14259572461820502,0.3967828662728056
392,7Networks_RH_Vis_3-rh,rh,Vis,0.0111957708718905,0.0100782390777169,0.0044734993849062,0.6029998509097609,0.6030458198713451,0.0106405335777828,0.7914714429196562,0.9998892006622032,1.0,1.0,208,34.348148072284204,-56.77809410095215,-19.407818172288977,0.1716895255930094,0.36659056722502625,0.18610020771740612,0.3357566375945431
393,7Networks_RH_Vis_30-rh,rh,Vis,0.0148284573331725,0.0138776920570722,0.0065139780766999,0.595217417641433,0.595388999443734,0.0087574689312013,0.7221918648684688,0.9999178889882788,1.0,1.0,208,26.223940292994182,-74.16139449013605,34.68717503106153,0.2730711074905719,0.324362480482549,0.12187626672094945,0.5311057703260285
394,7Networks_RH_Vis_4-rh,rh,Vis,0.0073479663904205,0.0061897549754499,0.0046407361476204,0.6072164204199842,0.6068125089517961,0.0107910851466904,0.8636052950051825,0.9998732960457946,1.0,1.0,208,35.16700399588354,-74.64857728140694,-15.22465385117146,0.14832096756883822,0.39890746173721064,0.22244107406332617,0.18113124742336248
395,7Networks_RH_Vis_5-rh,rh,Vis,0.0123016282903925,0.0111338740723224,0.0065603875510025,0.601775928727587,0.601811595170411,0.0094138318968807,0.779671712022233,0.9998933130895102,1.0,1.0,208,27.712463258849787,-53.399379567567465,-9.545823355737676,0.18707513758914657,0.3537477887526944,0.17555581369530043,0.38872251575933525
396,7Networks_RH_Vis_6-rh,rh,Vis,0.0097475764569755,0.0080244857954405,0.0061607756954972,0.6057419647423465,0.6050854679248379,0.0100332439644696,0.8156436023890408,0.9998822588396382,1.0,1.0,208,23.59006001016368,-73.18717395533686,-10.34537283130314,0.16317548489654563,0.3809707672126348,0.20679229258912607,0.23578201492031262
397,7Networks_RH_Vis_7-rh,rh,Vis,0.0125212135313278,0.0110306519439085,0.0068496554559684,0.6062899678154593,0.6041656850336506,0.0128418446309742,0.759603394248736,0.9998862817852614,1.0,1.0,208,18.001350845446428,-37.05780879390296,-10.671143614504324,0.15197778745279902,0.36922917633515034,0.19248242405207527,0.33054222154687785
398,7Networks_RH_Vis_8-rh,rh,Vis,0.0079459747286645,0.0066499447383201,0.0048970438522956,0.6071249947642381,0.6062182901183267,0.0119290755011409,0.8490906757224258,0.99987583779488,1.0,1.0,208,20.84336173317649,-88.07011144464666,-11.322577492107044,0.158413088546054,0.39717725139913596,0.2252993396704692,0.14416237719553512
399,7Networks_RH_Vis_9-rh,rh,Vis,0.0071386934686058,0.0056799570038911,0.0068031075225753,0.606857862182864,0.6064297400502578,0.0105709276000496,0.8755668413203896,0.9998736104064256,1.0,1.0,208,47.3416371365811,-67.99293328549,-7.595575102717007,0.15020549006899736,0.3995095334546304,0.21974790252716064,0.191377294778972
