resolution,parcel_idx,rho,r2,label,hemi,network,x,y,z,PVALB,SST,VIP,GAD1,GAD2,PV_minus_SST,paleo_dist,archi_dist,paleo_minus_archi,mesulam_detailed,granularity_proxy,fc_G1,fc_G2,fc_G3,fc_G4,fc_G5,fc_G6,fc_G7,fc_G8,fc_G9,fc_G10,fc_strength,fc_clustering,fc_local_eff,fc_participation,within_between_ratio,short_range_fc,long_range_fc,short_long_ratio,mean_fc_distance,scov_G1,coher_G1,scov_G2,coher_G2,scov_G3,coher_G3,scov_G4,coher_G4,scov_G5,coher_G5,scov_G6,coher_G6,scov_G7,coher_G7,scov_G8,coher_G8,scov_G9,coher_G9,scov_G10,coher_G10,mesulam_vertex,bb_sd,bb_cv,bb_skew,bb_kurt,bb_mpc_g1,bb_mpc_strength,bb_grad_prof,spectral_exponent,total_power,peak_freq,gamma_delta_ratio,rho_fmri,tau_fmri,spectral_exp_fmri,tau,tau_r2,hierarchy_orig,rho_std,tau_std,rho_r2_mean,bb_sd_proper,bb_cv_proper,bb_skew_proper,bb_kurt_proper,bb_mpc_g1_proper,bb_mpc_strength_proper,bb_grad_prof_proper,sc_strength,sc_degree,sc_mean_dist,sc_short_range,sc_long_range,sc_short_long_ratio,sc_clustering,sc_participation,sc_within_frac
400,0,0.5981080815022738,0.999907990263498,7Networks_LH_Cont_Cing_1-lh,lh,Cont,-2.225671791832552,3.6683418127521312,30.230103321564503,0.6253721135438182,0.3317470376338852,0.4665521806485858,0.4018327234303305,0.4246904301200528,1.0439881213535145,52.12750636320792,54.8442159693948,-2.716709606186882,4,17.03755944911306,-0.06284698744688,0.0913253415318592,0.0036071722923061,-0.0138282568819435,0.0385086994156527,-0.0048737409618899,0.020108907708894,-0.0024767631065298,0.0244186119562014,-0.0050017016473101,73.57947100000001,0.2015175731652593,0.0027387744220801,0.8269048238025289,1.5929030868300629,0.2070945333333333,0.1682443896103896,1.2309149427794837,62.18200705792129,0.017582,0.019724,-0.064116,-0.06499,0.016391,-0.023376,0.001396,0.0029466,-0.019565,0.015912,0.0021874,0.012086,-0.001387,-0.015942,0.0080085,0.0089422,-0.021541,-0.0038602,0.0023356,0.0049848,3.0,600.003088880938,0.0420476459663156,-0.5966113295716747,-0.800034133571208,0.0170350365608965,0.2397503094444444,272.85714285714283,0.5352684008387429,0.77645276510269,1.3596059113300492,0.8163661214786989,0.5628265277248733,3.899974636714546,-0.9977003706239012,21.04110963196985,0.9165990696251576,4,0.0076190931582486,0.0077639812258214,0.9999078936691324,1205.265927318762,0.065543954282643,0.1419064577685867,-1.1279866910532153,-0.0989608768239853,0.2984197166666666,524.8571428571429,241.77717,49.0,35.34214360249042,187.01560999999998,54.76156,3.4150891610768292,1.6033250716905834,0.7393036998299019,0.14108358535257898
400,1,0.6026786545140911,0.999885639148424,7Networks_LH_Cont_Cing_2-lh,lh,Cont,-3.1809476000639414,-21.0075277193948,29.78528140953138,0.266162526121889,0.4814106209753834,0.5139578081803281,0.340189252398679,0.359297473948323,-1.5613674329113847,57.122379985920965,48.61080349685499,8.511576489065973,4,24.17342716153727,0.0253988581077725,0.0322763414810761,0.0023330277389489,-0.0089345040799497,0.0070966480489846,0.0431409614897247,0.025394304126619,0.0340487757140737,-0.0129134356937125,-0.0019540253375422,61.889195,0.177830184860235,0.0028733639993208,0.8323261249601297,1.3191037272226676,0.1584373829787234,0.1494005833333333,1.0604870432077165,57.96982182379881,0.010754,0.01291,-0.050196,-0.038133,0.021196,-0.026173,-0.0053793,0.00032128,-0.022224,0.0033766,-0.031505,0.013969,0.0096635,-0.014429,0.013015,-0.0044261,-0.013659,0.0067266,0.0045091,-0.0028359,2.0,600.003088880938,0.0420476459663156,-0.5966113295716747,-0.800034133571208,0.0170350365608965,0.2397503094444444,272.85714285714283,0.3118498800842496,0.8138070228710206,1.5714285714285714,1.4496233004867016,0.5779830487160359,3.6697385467388233,-0.7159915081013395,23.653002364887296,0.9055551041540842,4,0.0043616465484227,0.0049771710144326,0.9998856034706728,979.2877547823554,0.0516594618645936,-0.1561292836062077,-1.085232568971513,0.1458675315927448,0.3250767172222222,441.7857142857143,283.18033,54.0,34.13425538482423,250.99893000000003,32.1814,7.7995031291124715,1.7821672127614452,0.7333124576446619,0.08476895270232929
400,2,0.605668207142482,0.9999001812591968,7Networks_LH_Cont_OFC_1-lh,lh,Cont,-27.72670631495984,46.75480225866392,-14.109120785780847,0.6751731888079888,0.3707979368390745,0.4197584721894259,0.5155721021430782,0.4107586156058471,1.0700274610807552,43.31174462492705,66.78867197751889,-23.47692735259184,4,-22.491913149067685,-0.0968727050357775,0.1262994638301494,-0.0248383401170814,-0.0089018397446891,0.019215542386051,-0.0104943515783125,0.0108819286817975,-0.0127061836681315,0.0392160997602221,-0.0033624001052864,108.712475,0.259828929477539,0.0023900562421865,0.8193244139610525,1.872532921150701,0.3383342307692308,0.2561995277777777,1.3205888143971762,94.0117565516477,0.027689,0.033382,-0.055195,-0.055821,-0.012274,0.023811,-0.0026663,-0.0086356,-0.0091852,-0.001243,0.016313,0.0024093,-0.012565,-0.0076994,0.0071469,-0.0045082,-0.01418,-0.005937,0.0035148,0.0016362,3.0,769.1680527253674,0.0468125747209732,-0.632191124831383,-0.9118101132045916,0.0188843446885889,0.3202648555,336.0,0.3799023767921776,0.6989342983523108,1.0049261083743843,0.7925897516928875,0.5584310168616432,4.123397150752134,-1.1046061993497525,43.316961127896285,0.8879513483551075,4,0.0094884338475486,0.0122811638069475,0.9999002323698476,1205.265927318762,0.065543954282643,0.1419064577685867,-1.1279866910532153,-0.0989608768239853,0.2984197166666666,524.8571428571429,100.72080000000001,18.0,32.114869052864776,92.813,7.9078,11.73689268808345,3.084193646986063,0.6756738167403447,0.20627516858484043
400,3,0.6071040987495276,0.9998957688675848,7Networks_LH_Cont_PFCl_1-lh,lh,Cont,-42.23302016870068,46.22517440858052,-4.52016727584215,0.663442103016748,0.3773549926601058,0.5463635439529967,0.5574097675315343,0.5304967902338593,0.9755853364075672,48.72418649144765,68.1491048081406,-19.42491831669296,3,-16.579652688079445,-0.1039403828757512,0.1344149422135029,-0.0481172246664467,0.0019584495281293,-0.0249220871673588,-0.0009259214466202,-0.0097836327525516,-0.0003651277550697,-0.0169130934661928,0.0019179500064625,99.287014,0.2432179659913222,0.0024496452878628,0.8182382418809253,1.884238348919526,0.3275114615384615,0.2349388541666666,1.3940285124857232,95.2358006948395,0.033386,0.028817,-0.057497,-0.057352,-0.027848,0.0026156,-0.012182,-0.0013586,-0.0069533,0.007078,-0.0095917,-0.000142,-0.015102,-0.0043724,0.014739,-0.0063749,-0.00288,-0.015761,0.016618,0.0027477,4.0,769.1680527253674,0.0468125747209732,-0.632191124831383,-0.9118101132045916,0.0188843446885889,0.3202648555,336.0,0.3546132973846255,0.6969027821079256,1.0073891625615763,0.903124558072504,0.573590228133396,3.86208560649974,-0.8323086055033342,38.04312013609894,0.8580658759981619,4,0.0112594118717404,0.0127932947502597,0.9998957824541146,750.8716534801405,0.0441497026870738,0.1789349081002261,-1.2513801936355462,-0.010907498617133,0.2929250072222222,339.57142857142856,188.7136,31.0,40.62190467603393,140.3478,48.36579999999999,2.901798378186856,1.974140919853726,0.6894006723149324,0.34970823512454846
400,4,0.6056887657629545,0.9998889223255686,7Networks_LH_Cont_PFCl_2-lh,lh,Cont,-45.096832626477806,32.46106359431174,10.39753443662044,0.9107217426357652,0.4278404282904387,0.3789052918998428,0.6023830620771636,0.4964229244798683,1.9086966780823147,46.36718430500207,59.549260517187065,-13.182076212184995,3,-3.4997984163212577,-0.1104276255240786,0.1411247540758556,-0.0564327035653356,0.0024445265396675,-0.0309190123261732,-0.005112852503511,-0.0119866746279639,-0.0031594975518161,-0.0132595233658959,0.0019095298471891,112.996878,0.2641289239406093,0.0023374886865491,0.811966837112944,2.009855782060296,0.3846642666666666,0.2703796215139442,1.4226821695012992,85.4528160740559,0.045435,0.041519,-0.061359,-0.047834,-0.052618,0.037307,-0.012557,-0.0054624,-0.0038562,-0.0073557,0.0045518,0.0028517,-0.015125,-0.005844,0.0077143,-0.0074899,-0.010458,-0.011656,0.0035558,0.0054157,3.0,450.0010370358421,0.0279694845568924,-0.24485524434588,-1.106454141391878,0.0558952960160516,0.3074791875,292.2142857142857,0.2974529803150931,0.7641943747926601,1.0517241379310345,1.2561557272830717,0.5959342851114917,3.082719510459868,-0.3240952651896519,26.932418489219835,0.8764077932396604,4,0.007251405848227,0.0095695697648146,0.999889071183945,1236.468167357692,0.0602217115789238,0.0882410079971069,-1.1287861424789327,-0.1187835106236504,0.2609894555555555,507.1428571428572,122.48059999999998,21.0,39.201083902889664,85.01439999999998,37.4662,2.2690958784123576,2.4201990522455517,0.6141423743884611,0.4122897830350276
400,5,0.6050124728854904,0.9998952644959396,7Networks_LH_Cont_PFCl_3-lh,lh,Cont,-39.34782922495966,46.15311339668606,11.77650232563848,0.8348831122357863,0.368331279223206,0.5617235192212688,0.6758955555901096,0.5671069309722137,1.869274200568428,54.4469672121505,71.20624764046161,-16.759280428311108,3,-6.780032623622729,-0.0903188601187114,0.1192637951617702,-0.0347680356945833,-0.0081903309492207,0.0038765796386928,-0.0136186243374428,0.0037485646118301,-0.0175763636946347,0.0436094270311326,-0.0053399440681343,110.60027,0.2636761012356665,0.0023840457282376,0.8228480697909393,1.9452915913948023,0.3820426551724138,0.2670044927007299,1.4308472908638987,91.5759630700738,0.045075,0.033973,-0.056597,-0.060821,-0.056078,0.024968,-0.011422,-0.0073116,-0.003079,-0.006376,0.009083,0.010922,-0.01118,0.0030998,0.0042919,3.7656e-05,-0.013912,-0.0087875,-0.003652,-0.0019746,3.0,1229.1568636897227,0.0666778280859046,0.7013627911118075,-0.8066689394256934,-0.0806637947231957,0.2846708630555555,611.9285714285714,0.3450114309061788,0.7605207555692454,1.083743842364532,1.0995502113565796,0.5650872712719679,3.940058498631308,-0.9379899508565692,29.518726533912982,0.8693375055733301,4,0.0070997437405563,0.0091935660210213,0.999895365477412,1236.468167357692,0.0602217115789238,0.0882410079971069,-1.1287861424789327,-0.1187835106236504,0.2609894555555555,507.1428571428572,123.5926,19.0,36.83431242700862,84.21750000000002,39.375099999999996,2.138851710847366,3.5378469360336675,0.599642161937819,0.5536828256707925
400,6,0.6034817611893579,0.9999020081450868,7Networks_LH_Cont_PFCl_4-lh,lh,Cont,-28.39669974502809,50.5418346111591,12.993818799157047,0.6765716029541516,0.1970939483555313,0.2865775961552113,0.2418369948292902,0.2928079473461595,2.050480509819247,56.282119188562106,74.83982081192423,-18.55770162336212,3,-7.366259103853502,-0.0114474075928359,0.0513681803990579,-0.023567002145068,0.000900261177747,-0.0248668722957148,0.0372215407825208,0.0066760065793237,0.0265355050522593,-0.0224805501380374,0.0006234660785378,52.997816,0.1620807303771847,0.0030582530113482,0.8316459307194696,1.5216097169187528,0.1665711612903225,0.1287119365671641,1.2941391886679356,92.61718422023166,0.017038,0.015531,-0.05526,-0.051957,0.0059701,-0.022643,-0.017405,0.0019266,-0.024217,0.01175,-0.057374,0.014174,0.0019536,-0.0063249,0.027178,1.2754e-05,0.0052457,-0.0039988,0.019174,0.0045489,1.0,951.1966404949552,0.0523367848323453,-0.3173477655637377,-0.8064286597209644,0.0210910992154545,0.2548003505555555,414.2142857142857,0.4103392826374969,0.7413139108106983,1.0369458128078817,0.9198783261386306,0.5950174657384926,3.1768908091466947,-0.3935394464565997,32.883374356795535,0.8935189996721938,4,0.0057719838796767,0.0096271256082859,0.9999020914407892,1063.762304276665,0.0578842656891978,0.255770577864548,-1.3042659152686331,-0.1242106584446908,0.327150015,471.8571428571428,161.52427999999998,32.0,40.74765318637737,113.2341,48.29018,2.3448680456309234,1.872819346009388,0.60289002048784,0.24824936535857026
400,7,0.6048155423728888,0.9998887177107528,7Networks_LH_Cont_PFCl_5-lh,lh,Cont,-42.35231753906917,35.688901406168284,20.877683296881088,0.701662848136484,0.4656653705705748,0.5014493990384923,0.4561671691670123,0.4236010512493083,0.6685854442610213,54.12834340780756,66.24337565023554,-12.11503224242798,3,1.819939556278168,-0.0833523226382217,0.1123603404359171,0.0015308058576333,-0.0184280477598484,0.0481281700617508,-0.010083847252844,0.0181564994882034,-0.0165167430625834,0.0468391822920327,-0.0054617796055563,107.833036,0.255917449494223,0.0023732750090981,0.8162535532113753,1.876286890402756,0.3768783529411764,0.2611788725099602,1.442989431629869,86.01763495039617,0.058261,0.031025,-0.034668,-0.024178,-0.068271,0.017365,-0.001649,0.0015129,0.0044853,-0.0042109,0.024208,-0.0094889,-0.012323,-0.0027333,0.014458,0.00097077,-0.016078,-0.00072728,-0.00516,-0.0065025,3.0,1018.2123201419676,0.0580974662390952,-0.0145166049603317,-1.0975976178253504,0.0127845530699726,0.2336965683333333,459.07142857142856,0.2972338220952927,0.7259694893690801,1.0123152709359606,1.3357195420647756,0.5905558558352422,3.3659083203138223,-0.5047162211756305,21.95599635973956,0.8723404478417379,4,0.0051337686124437,0.0083698168800919,0.9998888507069884,576.2362324217,0.0389315485896499,-0.5223105207821892,-1.3920232092199674,0.0942585787173203,0.28816068875,155.71428571428572,168.61990000000003,28.0,43.72164495202663,100.73010000000001,67.88980000000001,1.4837295145935268,2.1508550312971177,0.6677960351463019,0.430628294762362
400,8,0.6031580306811845,0.999893507811134,7Networks_LH_Cont_PFCl_6-lh,lh,Cont,-42.86352279989477,21.123559542518247,25.78900273088465,0.7984863573573225,0.1858659522512354,0.456342606015081,0.5402947528139463,0.6159923989129624,2.712963670115738,51.43908664812508,57.79342684825708,-6.354340200132,3,9.136333775775316,-0.097737547608958,0.1266194928463109,-0.0512685383150587,0.0007316625439117,-0.0259152881967562,-0.0087831372408349,-0.0070894929748277,-0.0081483411737848,0.0089293958621585,-0.0021860180978911,109.702704,0.2626218235862335,0.0023939412066451,0.8197705278409132,1.8877688230865848,0.31088025,0.266419871559633,1.166880863891293,79.00607619443716,0.056258,0.047874,-0.060649,-0.055976,-0.084703,0.074324,-0.023607,-0.014345,0.0069225,-0.019289,-0.0094613,0.014696,-0.01554,0.010287,-0.009216,0.0068792,-0.0093935,-0.0036565,0.0012748,-0.0012416,4.0,1127.2143166033493,0.0572164837047786,-0.3468794879539843,-1.050649450064373,0.0075357258376902,0.1950460925,466.0,0.3528029755958757,0.8062179327929119,1.0935960591133005,1.20450869816381,0.5582695116382366,4.153931176673608,-1.1017851649585453,20.903964522877363,0.8902850753639591,4,0.0059552307705437,0.0086726224658951,0.9998937246840768,1008.9261926534678,0.0519201496130216,-0.1791126489513874,-1.2297208010059155,0.0873467976561769,0.2053936636111111,418.2142857142857,215.2654,32.0,44.3236774152691,137.162,78.1034,1.7561591428775751,1.8837144039346019,0.6720963133216993,0.3741274724131235
400,9,0.5995934292107047,0.9999037212566152,7Networks_LH_Cont_PFCl_7-lh,lh,Cont,-37.14715568504142,6.909435672052142,31.01085873065482,0.8904782489104772,0.1353422889795922,0.2165916831469569,0.2918809597411628,0.362176092306346,3.448536458585007,51.38059375671807,51.55310033415103,-0.1725065774329621,3,16.533684536777248,-0.1067308007239518,0.1295744339425913,-0.0587823398799387,0.0087477694338075,-0.0425274318209192,-0.0009621493820136,-0.0153011977058275,0.0042659316011924,-0.0338954668133923,0.0042977495771481,103.40186599999998,0.2483694742604536,0.0024019825160622,0.8099822976495663,1.8960308792644192,0.2344373773584905,0.2408261715976331,0.9734713453520992,71.5443239736523,0.032508,0.036264,-0.054315,-0.027494,-0.032743,0.030982,-0.024976,-0.0080246,-0.0049852,-0.011087,-0.0474,0.0085192,-0.0061365,-0.00054172,0.008523,-0.013539,0.0093591,-0.019234,0.018852,0.0034993,4.0,594.8791996886614,0.0362229104993887,-0.1674791465075023,-0.3325059700400676,0.0199230026238243,0.2211432269444444,452.6428571428572,0.4712774111965458,0.7974855946988666,1.251231527093596,0.9724537453977884,0.5723172370205865,3.855478163775324,-0.85790543442656,18.56830620785576,0.9105203958492624,4,0.007066796698596,0.0089282825488839,0.9999040807887114,1008.9261926534678,0.0519201496130216,-0.1791126489513874,-1.2297208010059155,0.0873467976561769,0.2053936636111111,418.2142857142857,94.79260000000001,15.0,30.03610913058141,75.81539999999998,18.9772,3.9950783044706535,3.1447565274344225,0.7607016970251573,0.2705506547979483
400,10,0.6039878813398414,0.99989085136573,7Networks_LH_Cont_PFCl_8-lh,lh,Cont,-37.89648876758601,31.07452515734742,36.07220465300099,0.7994945627074876,0.190750208084488,0.3958110811977254,0.4775995500231221,0.5920194554347041,2.6905465515878664,62.526247158052335,70.83420409784726,-8.307956939794927,3,12.320965244596367,-0.1045442115273283,0.1352496895987933,-0.061226821710888,0.0068007877726381,-0.0475517485572588,-0.00224110281242,-0.0187199929887514,0.0010932406613049,-0.0316632189054019,0.0018492013373859,107.356042,0.2558294351948673,0.0023829998799194,0.8141335163598498,1.9867757146240392,0.350533794117647,0.2579153781512605,1.359103890952008,82.163556752881,0.048779,0.045179,-0.059418,-0.050694,-0.071677,0.070114,-0.026947,-0.015897,0.0085984,-0.018778,-0.027316,0.021675,-0.014419,0.0043112,-0.010399,0.0041241,-0.0074922,-0.008113,0.0057475,0.0008337,4.0,1022.0397556955512,0.0561521225095442,-0.0781266215789233,-1.2099326511442876,-0.064283400395674,0.19406172,441.07142857142856,0.3202261068408326,0.6825713240066141,1.088669950738916,1.3511263605912518,0.5938130597651591,3.1050784042626685,-0.3605198618807099,18.767204199177712,0.8787322080489679,4,0.0058386969305528,0.009439952592876,0.9998910341747798,1008.9261926534678,0.0519201496130216,-0.1791126489513874,-1.2297208010059155,0.0873467976561769,0.2053936636111111,418.2142857142857,160.18130000000002,27.0,45.726344104254444,88.4253,71.75600000000001,1.232305312446022,2.485266028395531,0.587367667573629,0.4162926633758122
400,11,0.599851015836277,0.9999062196037518,7Networks_LH_Cont_PFCmp_1-lh,lh,Cont,-4.862709725057924,25.65371003708282,45.29731506991696,0.8722988078429831,0.2297057966996184,0.4781142627929595,0.680181703515991,0.5710910849804639,2.8302450995748782,69.05881530549175,76.82823540625087,-7.76942010075912,3,19.48227603082533,-0.0178873041036946,0.0526693697476521,-0.0037176536829641,-0.0149681868737369,-0.0138994184658068,-0.0131485197692974,0.0046455018305793,-0.0117317776576396,0.0363375805080063,-0.0045870292656633,57.356707,0.1645535914025241,0.0028689511655931,0.834942391898144,1.7589638781102994,0.137366119047619,0.1434860109289617,0.957348511276772,76.2834451156004,0.059285,0.051757,-0.057794,-0.04427,-0.088888,0.066688,-0.018486,-0.0095064,0.0074795,-0.017449,0.0080244,0.012551,-0.015309,0.0015085,-0.0072437,0.0074999,-0.014936,0.00060355,-0.0045734,0.0024114,4.0,1039.0146528749674,0.0632499068335092,-0.1440352597563841,-1.2179955932214708,0.141535842576182,0.2339771244444444,429.2857142857143,0.5247981911207972,0.8216842998761015,1.2044334975369455,0.9226659833256218,0.5613218269941581,4.020561370057796,-1.0181985673770966,21.01787901680193,0.908573487527065,4,0.0086083136865328,0.0086461870151242,0.9999061930073622,1202.3426392764345,0.0609223219860709,-0.5762260765414171,-1.0417602258403995,0.1564404233853537,0.3643454054444444,524.0714285714286,243.1397,40.0,35.429433083293915,201.7458,41.3939,4.873805077547963,2.1008840422801094,0.6727349056450438,0.22100051945445354
400,12,0.6082554716643092,0.999891746147035,7Networks_LH_Cont_PFCv_1-lh,lh,Cont,-33.10543285536419,18.18721230956968,-9.939000995639953,0.4450365633198888,0.5206492348814987,0.5185652468503162,0.4094312563510925,0.5737989479796926,-0.901625056346712,19.73796689049056,38.58207285142616,-18.8441059609356,3,-11.419564290254876,-0.074549158309073,0.0994672594198648,-0.0420101878033364,0.0083460692589613,-0.0371465197050146,0.0080038268146121,-0.0133036902107137,0.0094937248678733,-0.0307748745855103,0.0015179047428851,69.256163,0.1946680738450018,0.0028108411643411,0.8284804550313333,1.6267536222156291,0.1827695263157895,0.1690087149122807,1.0814207202422008,80.24463618993731,0.018344,0.023257,-0.053685,-0.033122,0.0032848,0.0064366,-0.019071,-0.011433,-0.01949,0.0022538,-0.057671,0.0044242,-0.0053879,-0.01567,0.031426,-0.016779,0.018612,-0.016389,0.025032,0.016526,1.0,1558.3963466760736,0.0802701266418778,0.1658986241989721,-1.2510683726059015,-0.143364496532183,0.37570135,648.5714285714286,0.3183820935677141,0.7372340505349012,1.0073891625615763,0.9822410579410166,0.5975635152666818,2.960651764474187,-0.3020987409403294,31.13303859556664,0.9171285628706736,4,0.0136213240158783,0.0141542147536586,0.9998917426669808,1620.5950128133666,0.0798705625429614,-0.0758807835785908,-1.142023016988642,0.0874445778284735,0.2524346452777778,647.9285714285714,141.0368,23.0,30.84437069053978,116.59120000000001,24.445600000000002,4.769414536747843,2.35072374064711,0.7178404556058371,0.08948444661251531
400,13,0.5974134705606778,0.9999137094525332,7Networks_LH_Cont_Par_1-lh,lh,Cont,-28.972550839407567,-72.08451705061768,36.627593393065496,0.8324464666667277,0.310096182835425,0.4466026290933571,0.7422716087649965,0.5311289493400667,2.183687267653182,93.92360810761024,71.26279261109981,22.66081549651044,3,43.6019111510246,-0.0812095014038387,0.1106084078280539,-0.0181459741663162,-0.0147304864334658,0.0249740138218984,-0.0134831063934952,0.0111802126481711,-0.0202777633867414,0.0551601944586971,-0.0073050880396806,94.248948,0.2344543485274022,0.0024876070608995,0.8207963871534585,2.1442086838894223,0.2593143529411764,0.2638136315789474,0.9829452378592536,80.98667851406425,0.066048,0.054981,-0.038196,-0.042305,-0.08823,0.069979,-0.0052345,-0.0078046,0.0010108,-0.0124,0.027062,0.0043586,-0.0090286,0.0013851,0.0068616,0.011223,-0.014073,0.0027573,-0.010484,-0.00013443,3.0,1229.1568636897227,0.0666778280859046,0.7013627911118075,-0.8066689394256934,-0.0806637947231957,0.2846708630555555,611.9285714285714,0.5648790439821514,0.8597091297837459,4.231527093596059,0.9405638487959436,0.5898281719247075,3.250023119346216,-0.4937112862526658,26.412061450139305,0.8064883196696323,4,0.0088719367756208,0.0076063171009116,0.9999136602046436,1236.468167357692,0.0602217115789238,0.0882410079971069,-1.1287861424789327,-0.1187835106236504,0.2609894555555555,507.1428571428572,87.12989999999999,13.0,16.960917338403668,87.1299,0.0,871299000000.0,4.67125827829159,0.7121575681933183,0.1701333296606561
400,14,0.6039813931952268,0.9998844799930682,7Networks_LH_Cont_Par_2-lh,lh,Cont,-57.43772529241607,-45.16406984404316,42.6297962684331,0.8144231918771355,0.149102551349759,0.4686479614590377,0.5949158045817816,0.5886082652612455,2.9973893201975823,85.72578569533442,66.96435411349938,18.76143158183504,3,39.127098714272805,-0.0794244113321733,0.1072633620229213,-0.043499220113697,0.0001980122118443,-0.0278984524918603,-0.0068438725581879,-0.0093359050188531,-0.0081513533301652,0.0079553985802848,-0.0046088973852215,96.954343,0.2420130389800482,0.002496154700154,0.8321621666062478,1.8279039707068985,0.2596254545454545,0.2495074433962264,1.0405519406854136,82.94612710546244,0.054562,0.045256,-0.049641,-0.044255,-0.082087,0.056885,-0.021172,-0.010152,0.0090652,-0.02281,-0.0072141,0.025358,-0.017879,0.0045305,-0.0070461,0.0015413,-0.010726,-0.0027392,-0.0010154,0.00063279,4.0,1127.2143166033493,0.0572164837047786,-0.3468794879539843,-1.050649450064373,0.0075357258376902,0.1950460925,466.0,0.2751427895457128,0.532549780843457,1.5541871921182266,1.6262934449628406,0.5565905992614737,4.12892848821375,-1.1117886589853854,17.708439256598535,0.8795099534770995,4,0.0065943318762482,0.0082529947184442,0.999884324444634,1202.3426392764345,0.0609223219860709,-0.5762260765414171,-1.0417602258403995,0.1564404233853537,0.3643454054444444,524.0714285714286,109.5906,19.0,23.265040250768088,105.44810000000001,4.1425,25.455184066977548,2.2487461372385473,0.7834686965618671,0.19361697079859042
400,15,0.6025700910062552,0.9998883024559908,7Networks_LH_Cont_Par_3-lh,lh,Cont,-51.70714798822522,-53.06946920254301,39.308137758384994,0.6479862516390693,0.377357712629409,0.5068085660935396,0.4284741127850413,0.6233673110245442,0.8995612903190259,86.16067322153623,65.48391908939907,20.67675413213716,3,39.505723415793895,-0.0937026767637485,0.1131163906522462,-0.057208036002633,0.009796577026359,-0.0488120359719433,0.001016952765406,-0.0136811909374137,0.0052713102872941,-0.0380579186853511,0.0022071074300876,101.113291,0.2488540291414739,0.002461140634234,0.821660364069135,1.7385216006512014,0.2455519777777778,0.2700318457711442,0.9093445144797924,82.26300793082676,0.026957,0.033821,-0.054896,-0.049876,-0.01894,0.041666,-0.025447,-0.014455,-0.011309,-0.011588,-0.059709,0.021343,-0.00876,-0.00025873,0.023415,-0.01804,0.019407,-0.020861,0.029802,0.01302,4.0,1448.4329923518496,0.0724107879993925,-0.0905232930480636,-1.079718017359664,-0.0851763324041477,0.2890132166666667,556.4285714285714,0.3201229181783394,0.7532434551291255,1.522167487684729,1.4976069850399811,0.5984376290559872,2.983675745169524,-0.2699315493436159,17.59764181575929,0.8858758443774891,4,0.0068971316457948,0.0087304019763806,0.9998881306378772,1797.7220722038458,0.0861643769549194,-0.0158394959133432,-1.0688382553925928,0.0631337180114616,0.233070215,718.3571428571429,120.4366,19.0,26.855999851255923,102.7936,17.643,5.826310718098814,2.4455324592094683,0.7151092743804226,0.28940704071685847
400,16,0.5954597521460302,0.9999251084144036,7Networks_LH_Cont_Par_4-lh,lh,Cont,-33.01249050057453,-60.82633115703933,41.58812086132989,0.6425769916422297,0.3105978273361002,0.550775801560276,0.4533904644228706,0.5051323292175756,1.24713535884008,88.7382234783401,67.55443045582643,21.18379302251367,3,43.200771863909736,-0.0977909390490401,0.1241299331522639,-0.0301385662516776,-0.0048749794969502,0.014737469116628,-0.0103927093247836,0.0105517732948738,-0.0092463305695284,0.0380571166239466,-9.220262870738202e-05,109.726661,0.2568826415944258,0.0023411141763822,0.8041959188796859,1.8124290461293373,0.2955610327868851,0.3088860514285714,0.9568610538554742,77.56537034095257,0.062866,0.05898,-0.024438,0.0011025,-0.072048,0.044386,0.0040548,0.01121,0.00042351,-0.013856,0.034579,-0.022851,-0.012132,-0.0058857,0.024041,0.00545,-0.012843,0.0081332,-0.0047765,0.0027364,3.0,839.9216471393825,0.05053497750619,0.1222017753927018,-0.3176657797971747,0.0207453231150993,0.2260945160138888,528.1428571428571,0.6904806106672726,0.8526961614261155,3.642857142857143,0.6739330899736848,0.5894840958444657,3.3700996316707066,-0.5257942958367267,18.423183687461464,0.8510839544892416,4,0.0084003268362461,0.0074109510633645,0.9999248541054264,1093.6217302563482,0.0573277160714493,-0.4652558192249126,-0.840576775762166,0.1488258667402418,0.3234260163888889,494.1428571428572,135.4532,21.0,24.137776807672317,113.5866,21.866600000000002,5.19452498328412,2.515114906202603,0.6923844686118301,0.2965599926764373
400,17,0.598877103109185,0.9999052993677096,7Networks_LH_Cont_Par_5-lh,lh,Cont,-41.75459424227369,-54.409667524385625,40.20693772838962,0.8631263139000378,0.2441199988693231,0.3619048441400454,0.5910847904447467,0.6841376593575579,2.704347895092665,84.79375480365738,64.02170279588242,20.77205200777496,3,40.44706289434946,-0.0963924645655413,0.1260287618910853,-0.058794691769439,0.0064329120017767,-0.0478326895230491,-0.0027736250995013,-0.0185701059211994,-0.0001946924243061,-0.0270433571712641,0.0003756538957612,110.717636,0.2642173398677243,0.0023864069845881,0.8270064791415697,1.9057035063047352,0.2885554098360655,0.3004160494505494,0.9605192873941704,77.34716467270053,0.04716,0.044388,-0.053777,-0.048731,-0.069288,0.067312,-0.024384,-0.012247,0.011563,-0.025855,-0.018487,0.026538,-0.019794,0.0055474,-0.0095672,0.0036155,-0.0098741,-0.0046351,0.0025334,0.0016478,4.0,1022.0397556955512,0.0561521225095442,-0.0781266215789233,-1.2099326511442876,-0.064283400395674,0.19406172,441.07142857142856,0.4965244328379696,0.8609760355523458,1.91871921182266,1.018836944539729,0.5975366244534367,3.00636720044953,-0.3235748909762159,15.124025079870462,0.879814667359431,4,0.0077240458888064,0.0083887114942423,0.999905031789622,1202.3426392764345,0.0609223219860709,-0.5762260765414171,-1.0417602258403995,0.1564404233853537,0.3643454054444444,524.0714285714286,104.7101,16.0,19.682285420924977,94.939,9.7711,9.716306249964523,3.2905379750151584,0.6886120758095463,0.27546626352185705
400,18,0.5984395715386096,0.9999083913460568,7Networks_LH_Cont_Par_6-lh,lh,Cont,-44.24843875250716,-44.61400144608295,42.80799689728426,0.7802470057327464,0.1173081654862592,0.3216902875508923,0.5121582400406774,0.6893426155172767,3.0075187775457355,80.96867696945499,62.239676677939705,18.729000291515284,3,39.06899857219544,-0.0840715149229376,0.1128654858957584,-0.0344719783720967,-0.0084583094390826,8.2119027629684e-05,-0.0131095666929823,-0.0003101072085943,-0.0179991630239564,0.039061481812908,-0.0051521552253952,86.71324200000001,0.2219688454195095,0.0025598033276077,0.8201212666369591,2.1822816014535986,0.2158355087719298,0.2410149106145251,0.8955276174907718,76.61117015973754,0.070875,0.057713,-0.039576,-0.047277,-0.10004,0.090039,-0.0098718,-0.017056,0.003483,-0.010696,0.017651,0.0029154,-0.011243,0.0051288,-0.00038266,0.0147,-0.010579,0.0074697,-0.010594,-0.0019829,4.0,967.0903347441518,0.0566161313432528,0.1780982653446745,-0.9711857264101592,0.0244715163351743,0.3010351127777778,454.7142857142857,0.5204145402993461,0.8483531631135439,1.9605911330049264,0.9544712433981324,0.5634775397340982,3.988273493839199,-0.9799899852143312,17.76901597652465,0.8843701000184274,4,0.0078864172667053,0.0080752013644719,0.9999081819344366,719.3784045194079,0.0431938038099076,-0.4593945023449353,-0.724405436645986,0.0235870420529889,0.1956614936111111,358.85714285714283,121.6745,18.0,22.400507004409306,107.1142,14.560300000000002,7.356592927293004,2.7318498642778977,0.6620669957466051,0.28395267701942484
400,19,0.6072885084325826,0.9998687296970024,7Networks_LH_Cont_Temp_1-lh,lh,Cont,-60.02472139294152,-49.59256503171226,-10.852849359675368,0.5323357368408524,0.2821985742651704,0.4785466894591282,0.3679621013479978,0.4859475222725858,0.8641629096433826,66.09935117657831,43.61901695411352,22.48033422246479,3,8.366059893708456,-0.0020335663913775,0.0592021451157975,-0.0416205372700722,0.001640659767009,-0.0332087685261649,0.0498201327374602,0.0047804963522438,0.0225850526876571,-0.0307438312364226,-0.0004642988032242,79.867732,0.2112638974652432,0.0026451721136262,0.8251984869580832,1.4849558279202586,0.1878087878787878,0.2009163055555555,0.934761304046478,89.50215729499514,0.016293,0.026813,-0.050487,-0.053578,0.0054971,0.013702,-0.020329,-0.010863,-0.021611,-0.0048868,-0.064406,0.023295,-0.0026591,-0.012069,0.032908,-0.029211,0.019679,-0.020128,0.023661,0.020257,4.0,1448.4329923518496,0.0724107879993925,-0.0905232930480636,-1.079718017359664,-0.0851763324041477,0.2890132166666667,556.4285714285714,0.1187489905210644,0.7135479440007063,1.206896551724138,2.2891295186004954,0.5630758218990869,4.077615460201614,-0.9853325612994922,22.990752132320377,0.8597021155130932,4,0.0047128013737444,0.0074653603066009,0.9998687713665309,660.8020581081752,0.0458501865161581,-0.5269380895764421,-0.8058002774984194,0.0170054775760036,0.2323586688888888,330.92857142857144,143.0808,22.0,43.13707199831023,93.5658,49.515,1.8896455619471075,2.3215701277995393,0.7377933496324924,0.274826531582155
400,20,0.5965605522463121,0.9999129010365412,7Networks_LH_Cont_pCun_1-lh,lh,Cont,-10.760401704632644,-75.83670678375461,43.22303682016143,0.8915032856410705,0.2435673172333675,0.3285509970185469,0.6699854697448152,0.6735280019742961,2.846997864249743,101.2348188984367,80.40227216616161,20.83254673227509,3,48.68483412722324,-0.1016810330389743,0.1277074645841458,-0.0606562588690042,0.0087845341393581,-0.050525702275636,-0.001221172737394,-0.0177128559705606,0.0022606987724902,-0.035664511904304,0.0018076800608322,114.081933,0.2673724325344254,0.0023436877821327,0.8222818274590428,1.9147018404013,0.2982790178571428,0.3214607401129943,0.9278863031905802,80.49997414922947,0.04944,0.04187,-0.052412,-0.038098,-0.071448,0.058406,-0.024586,-0.012052,0.0061559,-0.021655,-0.024284,0.015356,-0.01863,0.0018391,-0.007095,0.0054134,-0.007901,-0.0086638,0.0046221,-0.0037243,4.0,635.5019853103004,0.0414153503714857,-0.4169677334417235,-0.9735482679763744,0.1012110175165336,0.3066294916666666,439.6428571428572,0.5390491073857028,0.8226540119701028,5.896551724137931,1.0635907553248574,0.5556635910874685,4.213445699675663,-1.1407311825337565,29.58037364302834,0.7875830345402275,4,0.0090185807270678,0.0077447043227562,0.9999127759622148,1202.3426392764345,0.0609223219860709,-0.5762260765414171,-1.0417602258403995,0.1564404233853537,0.3643454054444444,524.0714285714286,154.24766,28.0,34.591766159696334,122.83065999999998,31.416999999999998,3.9096877486586568,1.8280465125555518,0.773905388775552,0.1491082587573776
400,21,0.5964523797819338,0.99991873085074,7Networks_LH_Cont_pCun_2-lh,lh,Cont,-7.017724206677307,-60.92232099007134,51.415970837159016,0.7352505832072266,0.389271881478717,0.4825084268389094,0.5776704107698795,0.6600483362141482,1.261933385857438,96.21825896341274,78.33567265238037,17.88258631103237,3,49.12627879931681,-0.1017810831520102,0.1174213603237678,-0.06001968780358,0.0108504546461691,-0.0507710294617331,-0.0001423451915432,-0.0139825046508547,0.0033275384431316,-0.0383975336031419,0.0016187896839349,113.065641,0.2666707614715786,0.0023585481770836,0.819368278363455,1.7860988045338868,0.2911418309859155,0.3282921032258065,0.8868377522226845,73.96693235430797,0.047917,0.038525,-0.058682,-0.042063,-0.061452,0.036643,-0.025245,-0.005993,2.5969e-05,-0.011985,-0.033083,0.0028663,-0.018356,0.01121,0.0053755,-0.011384,0.0081024,-0.010819,0.016901,0.004954,4.0,1041.8691323236756,0.0549605661503609,0.1254844996590757,-0.9948076009561456,-0.0118174402111332,0.2402388076944444,510.57142857142856,0.604124942680432,0.8700244567882472,5.615763546798029,0.9198701518890336,0.6006732477303802,2.884031752237604,-0.2192087738456334,20.976588356814705,0.8409302813478905,4,0.009081589594982,0.0073004087279871,0.999918577595578,1202.3426392764345,0.0609223219860709,-0.5762260765414171,-1.0417602258403995,0.1564404233853537,0.3643454054444444,524.0714285714286,156.21769999999998,29.0,25.180867594616682,151.06410000000002,5.1536,29.3123447681366,1.9304542889966825,0.7608445203364111,0.10524223567495875
400,22,0.6032859039623596,0.9999027292155438,7Networks_LH_Default_PFC_1-lh,lh,Default,-35.41555273520814,22.084490812704704,-15.082578042399652,0.7466971354149522,0.4308937052717788,0.5643925659061189,0.6268554789119326,0.507394180403028,1.0849432987821157,22.70544458989165,42.84386860124519,-20.13842401135354,3,-15.674894069251202,-0.095996436976892,0.1248351854939436,-0.0119686173029587,-0.0121563730431287,0.034233300235456,-0.006803834961899,0.0135303696825106,-0.0123815438097847,0.0403157008543266,-0.0027126929390379,110.703413,0.2560739987073469,0.0023131536035579,0.8137021380976381,1.2802345428485573,0.310332129032258,0.2659560796812749,1.1668548028211216,84.53626244006085,0.069225,0.054598,-0.011327,-0.011664,-0.078601,0.062417,0.0085972,-0.0094009,-0.0030492,0.0068422,0.037734,-0.023057,-0.003158,-0.0019725,0.020649,0.012632,-0.0075557,0.018666,-0.012473,-0.0040417,3.0,874.8494727666011,0.0480000808058049,-0.3143851242635987,-1.112881793866321,0.0190424643583792,0.2827829152777777,394.07142857142856,0.4297477921214176,0.7429622127146417,1.0,0.7215899499897525,0.5954117833034146,3.126737223687129,-0.3650306659748931,36.41158460372691,0.9097116771869822,5,0.0070767725509197,0.014664148373983,0.9999027272863098,1632.725192907721,0.0801521097465785,-0.2109146666007185,-1.0767335902259672,0.0176831495560552,0.2718341630555556,616.2857142857143,140.5138,24.0,26.710888398442076,134.10750000000002,6.4063,20.933690273310123,2.839318206982608,0.7254021552997856,0.27923307176946316
400,23,0.6071197979249136,0.9998805993497104,7Networks_LH_Default_PFC_10-lh,lh,Default,-53.244488806094765,19.86821067858042,10.648061996735867,0.8465154712452585,0.2875157317392965,0.5377083103485741,0.632328627320112,0.5907293976396006,2.3794347201132764,45.26289481532105,52.34207819718959,-7.079183381868539,3,0.4283739944673943,-0.1069038023602084,0.1364104017799767,-0.0561651461875542,0.0030419560502459,-0.0334425626956012,-0.0056128759042925,-0.013369666259274,-0.0038699424335859,-0.0122054027052258,0.0013963850503548,109.27488,0.2561595589654357,0.0023441760719865,0.8075338188755986,1.416410287464818,0.3136315142857142,0.2642446363636364,1.1868983169649847,84.45374303717229,0.071843,0.05684,-0.03874,-0.03908,-0.10279,0.089853,-0.012124,-0.017424,0.0033177,-0.010444,0.013623,0.0064562,-0.01446,0.0065785,-0.0041721,0.017096,-0.011442,0.011984,-0.0094571,-0.0032633,3.0,864.8373411611382,0.0476856971780824,-0.2672446732858741,-0.7235843513870592,0.0189390569917957,0.2255011944444444,426.07142857142856,0.2436612266233698,0.7594009010189564,1.088669950738916,1.542746957983841,0.5843937524465066,3.396809450051503,-0.597881944570446,21.734762081939504,0.8903565543464527,5,0.0103803854137702,0.0077195141562849,0.999880808078176,1008.9261926534678,0.0519201496130216,-0.1791126489513874,-1.2297208010059155,0.0873467976561769,0.2053936636111111,418.2142857142857,149.77341,25.0,37.475196829674374,106.9078,42.865610000000004,2.494022597596315,2.089304123160727,0.6914619182777809,0.4429117958922081
400,24,0.6066186675600239,0.9998875163227624,7Networks_LH_Default_PFC_11-lh,lh,Default,-16.652498448100907,64.12688667021891,10.012552964724776,0.8164213997975723,0.1657239394232659,0.3449656342997421,0.7103437648873886,0.6576903662689918,2.914056571239021,66.54728692518142,87.69635876317227,-21.14907183799085,3,-13.230534222230808,-0.1087216748637571,0.1374360875234298,-0.0584298663449418,0.0055819641884961,-0.0396017870948338,-0.001788705938606,-0.016680454686897,0.0013611062114547,-0.0295849824011837,0.0042210176271796,111.4768877,0.2572166233166464,0.002307353825742,0.8062646969691425,1.4891933152656185,0.405645,0.2459319447457627,1.6494197215998194,96.36458511003516,0.067548,0.055771,-0.04533,-0.042837,-0.097621,0.086548,-0.015518,-0.014887,0.0034934,-0.015044,0.00744,0.011678,-0.014866,0.0080873,-0.008098,0.01573,-0.0092475,0.0043604,-0.005983,-0.00071525,3.0,940.6159683951788,0.0514926352655158,-0.0883970261125335,-0.7235620490969232,0.0731567054028737,0.2507897304166666,543.2142857142857,0.2833052991478004,0.6285090910703778,1.0,1.295313082123278,0.5626551282270552,4.046119115286307,-0.9985878915715292,37.641795211059545,0.8749645118375624,5,0.0081701691456625,0.0092804959200958,0.9998876135561776,1008.9261926534678,0.0519201496130216,-0.1791126489513874,-1.2297208010059155,0.0873467976561769,0.2053936636111111,418.2142857142857,193.2342,32.0,36.87267825066978,161.0821,32.152100000000004,5.01000245705565,2.5173919712282258,0.5307118522228996,0.635172759273462
400,25,0.5976946682433601,0.9999174227881232,7Networks_LH_Default_PFC_12-lh,lh,Default,-5.448136830848746,30.143438312911176,21.237053693985988,0.8257101643785624,0.4350657610631079,0.6343010189423453,0.8035101006528812,0.5545139082287903,1.4501301170733418,49.96989017174279,64.24681063288477,-14.276920461141984,3,3.69920072251824,-0.1075690145014991,0.1296711361311315,-0.0590099665370663,0.0095041890575385,-0.0429535912130973,-0.0003870394964377,-0.0147078456188535,0.0049243998056411,-0.0339566251494056,0.0044467787385521,118.125102,0.2728394856092817,0.0023097502646732,0.8156637200765402,1.435731220188686,0.3827959772727272,0.286306912568306,1.3370126962886373,72.7438209395383,0.065825,0.055535,-0.022146,-0.0094943,-0.082557,0.070343,-0.0074573,-0.012613,-0.003967,0.0023545,0.012785,-0.0010965,-0.019423,0.0075003,0.0022294,0.015415,-0.009445,0.0087008,-0.0034261,-0.0036701,3.0,1606.02636757101,0.0787545784576424,0.2937051889074479,-1.337132820295868,-0.1489444498724277,0.3749866258333333,670.0,0.6140227458042301,0.766539935654499,1.0689655172413792,0.6247005753298689,0.5975863068756451,3.0433978966216584,-0.3331558677830248,25.328076855804905,0.9216133588238464,5,0.0082211691782924,0.0081347902960743,0.999917388885112,1008.9261926534678,0.0519201496130216,-0.1791126489513874,-1.2297208010059155,0.0873467976561769,0.2053936636111111,418.2142857142857,245.24343000000002,44.0,42.691427713765364,184.88843,60.355000000000004,3.0633490183032666,1.9739554960338537,0.6076994644163222,0.5865192800475837
400,26,0.6014132253034319,0.9999001935424036,7Networks_LH_Default_PFC_13-lh,lh,Default,-5.358658399160932,49.0758804926848,27.355037936937627,0.8471864968252085,0.4218913789932154,0.414960252330413,0.6855842974231068,0.65789935542651,1.6295862083799206,66.07456937981262,82.66151841300375,-16.586949033191132,3,1.690258614357136,-0.1048167142554416,0.1353250636047229,-0.0344877633185242,-0.0064339690032184,0.004776763462412,-0.006805567484517,0.0024365922682729,-0.0106446842301369,0.0205253878219428,-0.0012295572493981,108.710232,0.252431129571824,0.0023220549246145,0.807864178564178,1.356145752570148,0.3848386857142857,0.245830992063492,1.5654604097206155,83.44368023518275,0.071644,0.063038,-0.016932,0.010309,-0.087799,0.064498,0.003775,-0.0024883,-0.0026397,0.0031119,0.033597,-0.016789,-0.0089327,0.0011346,0.015643,0.01702,-0.0096931,0.018499,-0.012146,-0.0022686,3.0,588.1016314285218,0.0366869524791761,0.0381904919303653,-0.5222623322089817,0.0198812863195833,0.2961321489166666,369.4285714285714,0.4493379850736309,0.770827141167982,1.0517241379310345,1.0822141669157814,0.5991770102234614,2.873420945235095,-0.2232666188639634,25.987260033712182,0.9133299861930516,5,0.0071198209031722,0.007677547279197,0.9999003191986316,633.2907915536643,0.0410130554331052,-0.1997889269692833,-0.6609177526832108,0.0196223592168381,0.2781742305555555,422.4285714285714,266.37940000000003,41.0,45.120551785139256,183.41620000000003,82.9632,2.210813951243189,1.940846501767084,0.5456171630936473,0.6406497649593023
400,27,0.6042086314065948,0.9998896834151756,7Networks_LH_Default_PFC_14-lh,lh,Default,-16.577720333903617,54.36081275852045,30.122063154449112,0.7844310942696898,0.2230239655587435,0.4873151256552003,0.6510496151246526,0.6535712451033997,2.4355794907006003,69.86662680219295,86.2221963955086,-16.35556959331565,3,1.7649940651133311,-0.064982640247058,0.0989810838910931,0.0310214427121331,-0.0221527631570943,0.0496774719131988,0.0077675977344494,0.0174220361556754,-0.0012995872637464,0.0132386974852142,-0.005263389950726,108.4215742,0.2543348874770876,0.0023457959299474,0.8280157417360213,1.0881548574460085,0.3331953571428571,0.2530384559701493,1.3167775456647826,90.6278914511263,0.065905,0.055848,-0.0069367,0.0054159,-0.072654,0.053423,0.0078703,-0.013952,-0.0089393,0.025666,0.037702,-0.02027,-0.011073,0.0044092,0.023029,0.0074883,-0.0099907,0.020609,-0.0089432,-0.0059089,3.0,588.1016314285218,0.0366869524791761,0.0381904919303653,-0.5222623322089817,0.0198812863195833,0.2961321489166666,369.4285714285714,0.3294735816855719,0.6386572663184223,1.0541871921182266,1.3303612426882303,0.5962711838600435,2.963579474122177,-0.2944914116620347,26.36267186518136,0.9007245599680505,5,0.0075120150308242,0.0076807199965441,0.9998898007720968,1448.4329923518496,0.0724107879993925,-0.0905232930480636,-1.079718017359664,-0.0851763324041477,0.2890132166666667,556.4285714285714,215.4552,33.0,37.062052483838244,178.8414,36.6138,4.884535339121084,2.500594817249919,0.5855358153243604,0.5624264348226453
400,28,0.6032596938360228,0.9998973207918576,7Networks_LH_Default_PFC_15-lh,lh,Default,-24.65000903312796,44.89307394795034,28.692124938338456,0.8086863895859127,0.3334811828773936,0.4637389827882638,0.6642548574176347,0.6887455282059255,1.935771714187413,62.12423501376578,76.66930623065284,-14.545071216887052,3,3.7473527786179694,-0.111911679884901,0.1413059223194126,-0.0534736595157183,0.0023098961900114,-0.0262524458143298,-0.003953741101288,-0.0109513315955118,-0.0027974494857022,-0.0137983404055896,0.0033896285927384,114.8530484,0.2611977597840378,0.0022741909198102,0.8042058614912102,1.4839887080096406,0.449181625,0.2600914186234818,1.7270143982626005,83.75691738121027,0.077457,0.063419,0.011324,0.018808,-0.076553,0.065975,0.0082492,-0.01209,-0.012749,0.02328,0.024783,-0.0025974,-0.0071028,0.0088715,0.0019862,0.021888,-0.0055997,0.019739,-0.010574,-0.0060225,3.0,795.2558498160619,0.0448334564108728,0.0871957276742219,-0.9262492363088346,0.0155803135438202,0.2019630775,391.6428571428572,0.3935958960056914,0.796413471708773,1.0369458128078817,1.1228432784932358,0.5966959688966403,3.022872307910201,-0.3075853202702861,23.3182888588952,0.9105089082917992,5,0.0059282725728904,0.0090741859165802,0.9998975074110712,1153.2084633751176,0.0690081181109146,-0.2038103097624493,-1.3197640973935765,0.0856233058227701,0.2323395649,459.8571428571428,176.755,28.0,34.406461559765674,140.37030000000001,36.384699999999995,3.8579485333014767,2.814865165524078,0.5950459057978023,0.477988175723459
400,29,0.6021748456780031,0.9999000103522456,7Networks_LH_Default_PFC_16-lh,lh,Default,-26.229546386109305,26.803473117083488,38.6378469975037,0.9164843282634184,0.5127300963984155,0.7036339795369001,0.644710565852553,0.4238224620559848,1.4612464076408744,61.20239506217415,68.97746842529878,-7.775073363124633,3,15.141666263377171,-0.1018079005423385,0.1281403864309549,-0.0484563857135443,0.0086959240113744,-0.0360064590655456,0.0022368600331789,-0.0136179477674439,0.0086564495705415,-0.0291414297227235,0.0045943763227142,119.163399,0.2739100702591514,0.002298609074242,0.8206003674738515,1.3535430958615715,0.3848180476190476,0.283466777184466,1.3575419712514425,76.40524002050608,0.072571,0.063627,0.028168,0.02714,-0.055408,0.055034,0.0074356,1.6764e-06,-0.020735,0.011752,0.019869,0.0018683,-0.021442,0.0068376,0.002108,0.022538,-0.0097746,0.016195,-0.00085226,-0.00040975,3.0,795.2558498160619,0.0448334564108728,0.0871957276742219,-0.9262492363088346,0.0155803135438202,0.2019630775,391.6428571428572,0.42472287957577,0.7838682674050549,1.0714285714285714,1.0795873104480944,0.5966290472069473,3.027168433130117,-0.3235129426709936,19.38643722649284,0.90205489722421,5,0.0064974365617483,0.0090251753723653,0.9999000410383606,667.8907562036042,0.0402264668521217,-0.2932717505012204,-0.2661457967840288,0.0214808958492654,0.1816927984722222,420.57142857142856,171.17618,29.0,36.9796895524008,121.73648,49.4397,2.462322384637321,2.6560993227576613,0.6331421747703408,0.4510101814399644
400,30,0.6025193146804209,0.999892007305528,7Networks_LH_Default_PFC_17-lh,lh,Default,-41.33548079856023,18.13569087818757,45.765911541195216,0.7663283789047955,0.3394382497640181,0.7081780023596203,0.7241679060227328,0.6471164378751424,1.6940752852968155,68.11585754429507,70.4916059050341,-2.3757483607390384,3,22.018839661260856,-0.0821087385455692,0.1101352662232159,0.0200894338137077,-0.0190901625150198,0.0518629448397781,-0.0004751538281975,0.0142375253802516,-0.0078794992056124,0.0204370457662597,-0.0037171144706029,113.088899,0.261494275259011,0.0023122895135691,0.8178728070574743,1.2889085798236817,0.325604861111111,0.2695311165919282,1.2080418213206705,80.13746449905314,0.07547,0.064975,0.064244,0.064105,-0.028204,0.024588,0.027048,0.010043,-0.020253,0.022801,0.016923,-0.011431,-0.0083844,-0.00064043,0.020007,0.012466,-0.0057388,0.010186,0.0018248,0.00076905,3.0,753.3238760468317,0.0442352803913989,0.0404528098808539,-1.163254977217297,0.0009530427961883,0.2745814213888889,358.07142857142856,0.343306464191136,0.6524562677989867,1.3940886699507389,1.3590946693567516,0.5614851549147052,4.183966021529012,-1.0906804639588263,15.659801729132788,0.8953018510626815,5,0.0066042523285863,0.0097631258304866,0.9998921207972944,687.5165808101568,0.0478134922927777,-0.5130865865804698,-0.73805362602159,0.034159925096916,0.2383287463888889,348.92857142857144,279.3569,42.0,49.16701786127536,155.4416,123.9153,1.2544181388405995,1.889224446866171,0.7559992548130918,0.28707363233197397
400,31,0.6029793057689644,0.999888993912419,7Networks_LH_Default_PFC_18-lh,lh,Default,-9.74775480605409,42.90992183266523,48.448833176237855,0.636893268909728,0.4786227045506653,0.550487420662965,0.5150582168313854,0.51705265142489,0.2774382919741512,77.97144964536814,89.13396744216318,-11.162517796795044,3,16.196323355943143,-0.0566171794751984,-0.0981301216439371,-0.0236440235502617,0.0334949906770489,-0.0183037813861691,-0.0085096398183695,0.0569088329278951,-0.0108492864364719,-0.0081885972846625,0.0049323383062803,104.368841,0.2553043719621541,0.0024461742558002,0.8173893043658269,1.5858741265479523,0.3699292222222222,0.2450481810699588,1.5096183144719986,84.98554043515037,0.011061,0.0090937,-0.055189,-0.04213,0.048868,-0.033794,0.012528,0.016097,0.010116,-0.0063744,0.026385,-0.0073317,-0.027863,0.035206,-0.0088373,0.025342,0.014393,-0.012729,0.01012,-0.010631,3.0,632.9810739666708,0.0413378094855588,-0.3250941450024372,-0.8702777686242915,0.0674982011148249,0.3172445611111111,422.0,0.3517642755947599,0.5627544624228932,1.0566502463054188,1.3404518611020344,0.5564335518669082,4.333349029570912,-1.175451557030589,20.7066347450316,0.9072866512281405,5,0.0077615588262851,0.0049538282114586,0.9998890168596352,626.6195726985305,0.0377602988529566,0.3218872633972881,-0.6909705061365621,0.0088636204519026,0.2766393755555555,345.7857142857143,192.2809,30.0,37.33657569343423,143.6584,48.6225,2.9545663016032604,2.3460371646592066,0.5974740564994128,0.5326327263914408
400,32,0.6009538345686372,0.9999016248469532,7Networks_LH_Default_PFC_19-lh,lh,Default,-20.882703936010376,34.39732618116795,42.4120461313348,0.7719546780784464,0.5842205650341749,0.6637568849170944,0.7172502783026031,0.5345390271090966,0.3497886497901954,67.63771955967653,77.26833609649796,-9.630616536821435,3,15.128029824450495,-0.0611766032396608,-0.0934774907417261,-0.0327265902018637,0.0254963516087514,-0.0169716751836327,-0.0118340396590952,0.0596810814274811,-0.0004273157053141,-0.0123690896849495,0.0061441850195202,121.39935400000002,0.2824890132787038,0.0023269400039679,0.8150847159897743,1.6094162004181782,0.3830582222222222,0.2890019004524887,1.3254522599675809,80.09610941684694,0.010143,0.0061964,-0.048421,-0.041652,0.048034,-0.024109,0.013422,0.0027307,0.012785,-0.0033556,0.028266,-0.0055175,-0.016486,0.015543,-0.005221,0.0065164,0.0046766,-0.022693,0.02079,-0.022295,3.0,897.5206738565971,0.0558604283171054,-0.4045057202888509,-0.8950308887601457,0.0229732912787857,0.2517848694444444,410.0,0.4659697885832329,0.7755301845180883,1.1083743842364533,1.0172313521776013,0.5764666269408245,3.4917169530875385,-0.7436001513283262,20.37386902230599,0.903522075087546,5,0.0071540888284427,0.0070545107982579,0.9999016524745206,1180.6174580372012,0.0589056003251685,-0.1319021730459124,-1.28172120426762,0.1419717860153724,0.2852632074999999,473.57142857142856,172.0099,27.0,33.04829152393925,145.1917,26.8182,5.413924126132947,2.857803626596802,0.601614614320755,0.5591445608653921
400,33,0.6069963480784957,0.9998940655085604,7Networks_LH_Default_PFC_2-lh,lh,Default,-34.73836611879283,36.41457536713831,-13.202855249931073,0.4576308781889738,0.4191006833661621,0.273554226239079,0.4323763423924537,0.5608613737639212,-0.2705295108132073,35.15655366160644,56.82830942899596,-21.67175576738952,3,-18.84608576010013,-0.0559088921647575,-0.0936535773457102,-0.0191402416329585,0.018812204516064,-0.0165401619709367,0.0016867553033196,0.0273451671865089,-0.0144525925960065,-0.0039584720460378,0.0037725075352045,78.33544599999999,0.2106978632557067,0.0026896874150105,0.815708930240051,1.6291595493490392,0.2299376333333333,0.183944996309963,1.250034726798794,88.93181604239724,0.01287,0.012221,-0.060123,-0.044941,0.034931,-0.013138,0.011174,0.013511,0.003957,-0.011337,0.026157,-0.0082,-0.036816,0.051621,-0.0024879,-0.0070278,0.030798,-0.005947,0.0023536,-0.0049852,3.0,797.9594141725923,0.0436549124763437,-0.0023290988946361,-1.1152460954827714,0.0874232451297153,0.2731661945833333,377.6428571428572,0.3403530389291319,0.7442038418961181,1.0024630541871922,0.9186156938613936,0.5759520090597895,3.63656909007109,-0.7628087480834835,32.00099999901328,0.8896387200573502,5,0.0111125065915953,0.0118502081963548,0.9998940196684668,1043.52284540823,0.0570364044116786,-0.1326939039331444,-1.2124762445051338,0.0381901580830649,0.2186695249999999,453.0,99.32694,20.0,26.759523027080753,89.3819,9.94504,8.98758577130924,2.9290382477190855,0.668275338338336,0.40654670324083275
400,34,0.6011194745357054,0.999895549389366,7Networks_LH_Default_PFC_20-lh,lh,Default,-42.85162354774601,4.787632482870184,45.78667462540932,0.5243648449681808,0.6158133545006738,0.3944742992863134,0.4385862212727811,0.5264723259802548,-1.04488010874963,67.11296766849776,64.6088013383063,2.5041663301914667,3,26.035715030384534,-0.0651725900494649,-0.1229386494897876,-0.0208624940426215,0.0096727696609048,-0.0095321173725802,0.0018186048273416,0.0305427719819601,-0.0301375443140692,-0.006491328244801,0.0124423602141864,91.356756,0.2296248842441671,0.0025134964757714,0.8024510080836592,1.8460539247075007,0.2327534146341463,0.2124653417085427,1.0954888578669253,76.40398979795697,-0.0015055,-0.003308,-0.052899,-0.040497,0.046564,-0.030862,0.014753,0.016701,-0.00049485,0.003317,0.025966,-0.020181,-0.038851,0.062526,-0.0014349,-0.0065708,0.037444,0.0021397,-0.0074584,0.0032035,1.0,1272.517620048278,0.0662086816745376,-0.0677383215129906,-1.1645019986744676,0.0073671591691567,0.1358931255555555,524.1428571428571,0.3855492219175624,0.8188707953042623,1.980295566502463,1.2715016509649024,0.5717430180167135,3.737003561246975,-0.8894901679158849,19.946079828898768,0.8932769174958406,5,0.0074520867990537,0.0090510653999482,0.9998957079729756,967.0903347441518,0.0566161313432528,0.1780982653446745,-0.9711857264101592,0.0244715163351743,0.3010351127777778,454.7142857142857,176.61309999999997,28.0,40.74214428264957,110.84960000000001,65.7635,1.685579386739323,2.1676450416357396,0.770297481713387,0.14661936175742346
400,35,0.6011236774814549,0.9998985284661251,7Networks_LH_Default_PFC_21-lh,lh,Default,-32.034395758731605,13.224192363553328,52.6139647658696,0.7738061288755268,0.6618822464124728,0.7524154982150227,0.7788708778524962,0.3764275108187113,-0.0763843912097781,71.91736120686132,72.76735360114112,-0.8499923942798091,3,27.601121150455764,-0.064519600250335,-0.1094699697388212,-0.0329642597423176,-0.0049195356744279,-0.0144987138003818,-0.0024160533159843,0.0231278230077975,-0.0030465498083722,-0.0022166191033668,-0.0051676676818334,101.182471,0.249119694429374,0.0024620835206636,0.8087511082434535,1.7342865783739512,0.2609868378378378,0.2436951024390244,1.0709564333408972,77.37621401683882,0.017836,0.020395,-0.048971,-0.027465,0.025062,-0.017677,0.0093134,0.026389,0.017534,-0.019047,0.025735,-0.021925,-0.032415,0.046162,-0.0011557,-0.010754,0.033919,-0.0096226,0.010531,-0.0075018,2.0,797.9594141725923,0.0436549124763437,-0.0023290988946361,-1.1152460954827714,0.0874232451297153,0.2731661945833333,377.6428571428572,0.4142023437831168,0.8314120786270545,1.3448275862068966,1.1674986214688006,0.5702335324704534,3.959274773922666,-0.9340196681999192,15.424819636593044,0.90560194086365,5,0.0070864071818226,0.0090770871446462,0.99989860465873,670.7863246469276,0.0438244844995444,-0.6815258610308351,-0.819671215584191,0.0184759811827223,0.2855639925,291.35714285714283,159.36633,27.0,40.72191178768017,89.39603,69.9703,1.27762822225819,2.6097307038043347,0.6578869049170393,0.5107640992924917
400,36,0.6009512487572188,0.9999055288317992,7Networks_LH_Default_PFC_22-lh,lh,Default,-25.162960916195274,17.890900521908165,47.82930414931579,0.7146814116381666,0.4433290203281444,0.665664339160446,0.6292689262486272,0.601371073293153,0.8577989003533069,67.35323840655364,70.87534668779766,-3.522108281244016,3,23.330312333017023,-0.052468158792868,-0.0938053358615478,-0.0265065124303078,0.0286408559779864,-0.0064699563972765,-0.0195021786986015,0.0605115017663636,0.0047595846618441,-0.0041571052453164,0.0057523994031471,102.785099,0.2511971257320296,0.0024439060542402,0.8117691267314425,1.6768218372929653,0.3014832249999999,0.2444581865284974,1.2332711338408289,74.38318453400969,0.018639,0.017598,-0.031605,-0.045139,0.028346,-0.015166,0.011319,0.0049892,0.023368,-0.0048301,0.027741,-0.010635,-0.015885,0.003464,0.012283,-0.0014132,-0.004791,-0.021265,0.024192,-0.018193,3.0,998.2399756015028,0.0519723562218985,-0.2309759232564991,-1.080326349548665,-0.0132163317355506,0.2507264785111111,398.07142857142856,0.4970778970934192,0.7886065555531753,1.0911330049261083,0.9545183605576838,0.560014054406778,4.083695818256974,-1.1367465409534714,18.267596601845884,0.8929161912671898,5,0.0085379451236517,0.0099257275444413,0.9999055027878077,807.3135257685758,0.0447958350560188,-0.5523228994216657,-0.69982696888757,0.019032549977478,0.2638249169444444,425.2142857142857,174.697,28.0,34.34662235087623,144.78590000000003,29.9111,4.840540802562125,2.7319922620710333,0.6885894991710615,0.47690973514141627
400,37,0.6016088893380891,0.99989469037469,7Networks_LH_Default_PFC_23-lh,lh,Default,-13.077377486804217,25.03736183790356,58.38545190233328,0.4686666411698664,0.1922876154265994,0.7697669600358261,0.6419574457644381,0.7864008550758682,1.0549838125032671,79.73030194308522,84.88321661839436,-5.152914675309134,3,27.5200625900289,-0.0636076755996201,-0.0925108453074831,-0.0330738491031113,0.0239032971496425,-0.0209295309273642,-0.008729236539185,0.0554867684905258,-0.0043923254441389,-0.0119770145682282,0.0037830933657993,104.122732,0.2546043087113421,0.0024452326962674,0.8118355808665767,1.6728755998635578,0.3072717058823528,0.2566548139534884,1.1972177767852643,79.565087177824,0.027956,0.022397,-0.04194,-0.037383,0.0036112,-0.0024985,0.0032472,0.016274,0.016908,-0.016198,0.018008,-0.018428,-0.031802,0.032759,0.0087501,-0.016327,0.012722,-0.02111,0.019357,-0.0069575,3.0,1508.6749977675406,0.0747159783893169,-0.2570337767774702,-1.2305666261770247,0.1396095424695746,0.3320417588888888,579.6428571428571,0.4082931389582188,0.6600970584828243,1.2266009852216748,1.2090236861299757,0.5624063929903802,4.1094394529946365,-1.0945159948308436,19.524407954327348,0.8997819145836777,5,0.0073338372019679,0.0083820472544029,0.9998946199056008,670.7863246469276,0.0438244844995444,-0.6815258610308351,-0.819671215584191,0.0184759811827223,0.2855639925,291.35714285714283,281.62895000000003,43.0,40.30060778052226,194.31675,87.31219999999999,2.225539500777411,2.1722509078444325,0.6865863910156229,0.4485813692093799
400,38,0.6008274641130351,0.999896365621658,7Networks_LH_Default_PFC_24-lh,lh,Default,-7.39856478587175,10.489577521097202,63.66846887148344,0.7646107687991345,0.5688810558209992,0.3895018124652769,0.3677402754537745,0.3981078105704572,0.3996476300673031,83.21691735775349,84.14125416020121,-0.9243368024477264,3,35.0542080665609,-0.0694941827853666,-0.1311573340021461,-0.0276931370745927,0.0083062796378505,-0.0127294158963533,-0.0010174562596679,0.037981472530747,-0.0260621846091908,-0.0053557751250249,0.008470446786939,111.486627,0.2635397450410327,0.002363868673153,0.8022299409734011,1.8537748134689207,0.292907023255814,0.285780335078534,1.024937643357538,76.02687667280064,-0.0095532,0.0083907,-0.041828,-0.033043,0.04368,-0.031302,0.012574,0.022931,0.01046,-0.010474,0.019164,-0.010538,-0.037799,0.037959,-0.00094395,0.011588,0.022801,-0.0092309,-0.0019075,-0.0079392,2.0,719.3784045194079,0.0431938038099076,-0.4593945023449353,-0.724405436645986,0.0235870420529889,0.1956614936111111,358.85714285714283,0.4234600318059065,0.7454022591186283,1.5073891625615763,1.213148873166982,0.5612030338046378,4.199272059752569,-1.0790405015818074,18.102086463366355,0.9107215868244296,5,0.0087760157174774,0.0091486500465502,0.9998961807669688,588.1016314285218,0.0366869524791761,0.0381904919303653,-0.5222623322089817,0.0198812863195833,0.2961321489166666,369.4285714285714,192.9235,28.0,32.16706960987081,161.95420000000004,30.969299999999997,5.229507932031952,3.1574314322327797,0.7241738977900385,0.14393114369167057
400,39,0.6058637180505185,0.9998981649830592,7Networks_LH_Default_PFC_3-lh,lh,Default,-4.724587174592722,52.44956600132273,-9.9265980175121,0.7626674117865405,0.6015370032794818,0.5143144361792905,0.6545085429587246,0.5706339214872869,0.2070605681276481,52.06707360295577,76.12478868117886,-24.057715078223083,3,-21.69082861090408,-0.0631804973785768,-0.1196508778824138,-0.0162360209250939,0.0318298124756539,-0.0180576567882122,0.000129689730142,0.0441463136489037,-0.0315552744365038,-0.0028447589911243,0.0008977658758609,108.020062,0.254353868478777,0.0023546910061812,0.8003224583581764,1.892388209911672,0.4030989285714286,0.2366952261484098,1.7030293975949446,89.48864005160331,-0.00026936,0.014875,-0.036951,-0.01857,0.049951,-0.037503,0.0041902,0.022026,0.023362,-0.023147,0.020274,0.0073115,-0.0314,0.024085,-0.0059129,0.022633,0.0043795,-0.0045535,0.002361,-0.016237,4.0,1287.8708976014982,0.0654454717628768,-0.1473593960871905,-1.1936557961798986,0.0149266218294561,0.2224237066666666,469.5,0.3746649467443071,0.7716377906852071,1.0073891625615763,0.9105882238487196,0.5606597236088381,4.118480035736401,-1.092380342295415,44.01657275684347,0.876562628851245,5,0.0104114431018913,0.0104190674734334,0.9998982488983336,977.6078059335566,0.053102960723545,-0.0103722621740449,-1.1638197296036152,-0.0723428977904493,0.2343179194444444,459.2857142857143,169.8082,30.0,31.540416084891138,157.25169999999997,12.5565,12.52352964590034,3.0623319675183525,0.5783043576917852,0.5163178221075307
400,40,0.6021803124127245,0.9999169491268366,7Networks_LH_Default_PFC_4-lh,lh,Default,-5.289522376148108,34.716976993096935,-8.594936791273296,0.9017589120886328,0.5790943823948801,0.6984926059432683,0.6934720319628912,0.458811100249207,1.016871263218155,36.21088167901806,59.34060852925256,-23.129726850234498,3,-15.57205517269306,-0.0653132533616089,-0.1213724730764297,-0.019302917277469,-0.0023118224222845,0.0007759438712116,0.0068600007698418,0.0025747491793761,-0.0172322805095355,-0.0057732347545342,0.0261583352927009,103.899812,0.2498128449224994,0.0024043628194655,0.7982187211687564,1.9219157997296352,0.3401008823529411,0.2368065458515283,1.4361971329228205,79.92228154590023,0.015028,0.015908,-0.028835,-0.024902,0.02271,-0.011334,0.0089983,0.0071607,0.021632,-0.014211,0.017601,-0.017744,-0.028081,0.020947,0.0088068,-0.0073497,0.013849,-0.02176,0.012686,-0.014169,2.0,719.3784045194079,0.0431938038099076,-0.4593945023449353,-0.724405436645986,0.0235870420529889,0.1956614936111111,358.85714285714283,0.5165081541031097,0.7087667177511727,1.0123152709359606,0.5136463428809456,0.5658548473334705,4.069785244999285,-1.010245298386398,43.84717715109621,0.9132526355208398,5,0.0077023009388988,0.0230231822334927,0.9999167805394996,1381.377187206063,0.0784828809275644,-0.3529171899312243,-1.1651606318134884,0.1384546525364269,0.2796913997222222,557.2142857142857,182.70436999999998,32.0,32.09946835090031,164.23287000000002,18.4715,8.891149608808755,2.912415912147247,0.6108826162255162,0.49597045763054276
400,41,0.6061153226077757,0.9998943647905116,7Networks_LH_Default_PFC_5-lh,lh,Default,-46.50230795114152,33.41523071644838,-10.048385246944758,0.8867235068883709,0.3836306711566597,0.7000219222169535,0.7882484380287359,0.6376173137999275,2.038464929400564,39.10047404080246,56.56262964320725,-17.462155602404792,3,-16.053600363101367,-0.0597109187010465,-0.1062484347236445,0.00541561809945,0.0308233227933994,-0.0011368518422798,0.0106460336264861,0.009955784770787,-0.032149910081192,-0.0077441894034865,0.0216892857518373,99.5793772,0.2387333795270274,0.0023974178814886,0.8026911226543696,1.8210417706442328,0.2716022142857142,0.2315152587813619,1.1731503815258002,89.78831912783134,0.0081091,0.021214,-0.012251,-0.046367,0.030538,-0.024298,0.0092141,0.013451,0.025303,-0.013123,0.0058936,0.01141,-0.021789,0.0019464,0.004507,0.013508,0.0031758,-0.014913,0.011419,-0.016728,2.0,700.5480394345241,0.0417299231241898,0.0621925009507544,-1.1311966727542844,0.0057269035320979,0.2829177065,337.0,0.3508797861887787,0.7378143445479737,1.0172413793103448,0.899406670332621,0.5591568716384735,4.37975182806626,-1.1333550559481589,33.855914211544004,0.9111875548870266,5,0.0090632917057526,0.0118899937544903,0.9998945052513928,588.1016314285218,0.0366869524791761,0.0381904919303653,-0.5222623322089817,0.0198812863195833,0.2961321489166666,369.4285714285714,117.9443,21.0,27.04991022343605,111.3319,6.6124,16.836836851720452,2.6471315580481876,0.7059256421203358,0.41125938260687467
400,42,0.6057645201330605,0.999897523299356,7Networks_LH_Default_PFC_6-lh,lh,Default,-28.767925863574675,53.433223522907625,0.9124134181494138,0.762479129633993,0.567368208690654,0.3251022917092837,0.5707604766879478,0.4703887665009656,0.397643856825932,53.35848376462349,74.56378777515575,-21.20530401053225,3,-15.482519005982638,-0.0677133595194129,-0.1317858520996724,-0.0406914593579222,-0.024511989235524,-0.0085320139080225,-0.0061729891553395,0.0279987606324834,-0.0148991325936746,-0.0026143075255417,-0.004256104644733,97.325967,0.2381624645999484,0.0024470598334738,0.7864903261473165,2.115080524262135,0.3316506206896552,0.2243904561403508,1.4780068022786803,93.1309555823192,-0.0042494,0.011719,0.00072422,-0.0033026,0.030639,-0.024186,-0.041114,0.016766,0.031182,-0.046882,0.0059176,0.013494,-0.023124,0.005433,0.0049843,0.0070649,-0.010598,0.0077576,-0.014083,-0.014164,4.0,1057.0803186134913,0.0531329639916306,0.4275507666740032,-1.2308516773323956,-0.146524441285425,0.3657915166666667,465.07142857142856,0.3601679692628493,0.7612133776151686,1.0024630541871922,0.924029134310034,0.5700029740059704,4.071323259865386,-0.931934738887202,36.76590475617144,0.876093697578648,5,0.0065519353173582,0.0111941923136977,0.9998975650963496,1182.8763136242662,0.0589416458359958,-0.1486468586367004,-1.0293079615946257,0.1443733793963554,0.3080765138888889,512.8571428571429,125.90702999999999,25.0,38.754463370834245,83.69473,42.2123,1.9827095420008323,2.0505694786802993,0.5797178522955426,0.5516096281518197
400,43,0.605646729857956,0.9998887433922272,7Networks_LH_Default_PFC_7-lh,lh,Default,-46.10304853360947,27.4919744831242,1.4340034216095388,0.7697446538350472,0.5809386223973008,0.3233568272771775,0.5918352681308375,0.5427314953753494,0.3573148189097232,38.86528402984369,52.57071860311362,-13.705434573269926,3,-7.387190291971537,-0.0678220554478235,-0.1317338632045136,-0.0399986173732936,-0.0259652597353662,-0.0055698186940682,-0.0055340402560016,0.024533689939341,-0.0154362020940574,-0.0041100354487236,0.0025279685381667,100.001192,0.2418971950124126,0.0024189431163197,0.7861783525283939,2.100297900320904,0.2660776875,0.236403071146245,1.1255255107191264,85.03650678285281,0.020975,0.032141,0.0046885,0.018725,0.036367,-0.026754,-0.000414,0.044451,0.057347,-0.055459,-0.01456,0.014431,-0.035482,0.0082524,-0.0188,0.00972,-0.01949,0.0095364,0.0015537,-0.0074836,4.0,700.5480394345241,0.0417299231241898,0.0621925009507544,-1.1311966727542844,0.0057269035320979,0.2829177065,337.0,0.3090301549232546,0.7687922737105444,1.0492610837438423,1.150122304271188,0.5589337935292598,4.344265332607903,-1.1446319711516375,25.38307349813365,0.9054343968051048,5,0.0070903850831388,0.010828244196331,0.9998887743710374,1354.2561976557054,0.0667816510614846,-0.0600928080460242,-1.1701122122557424,0.0278832387597545,0.2496888083611111,603.6428571428571,124.30199999999999,20.0,30.373356762663775,97.58940000000001,26.712600000000002,3.6533096740727102,2.4489385430685027,0.7230880463824115,0.32438737912503424
400,44,0.6051047094449497,0.9998943451453256,7Networks_LH_Default_PFC_8-lh,lh,Default,-7.544467431338713,54.49682205118597,7.529713835653562,0.8775776450478029,0.5161878457254164,0.5224999615013061,0.5794757500156166,0.5796543473638521,1.2505310927247824,58.40083687451003,79.68447170494481,-21.283634830434785,3,-11.831218313963657,-0.0657119604811018,-0.1286511096174736,-0.0422170405254624,-0.032301004452882,-0.0079220021873439,-0.00678802920686,0.022136495824081,-0.0088328945265543,-0.0001913721370288,-0.0116625847424028,89.70317299999999,0.2257546812391842,0.0025166855718574,0.7841632362276665,2.140616987354684,0.3221175,0.2046494609665427,1.573996326798349,89.3109228007286,0.010407,0.018604,-0.0076745,0.0042117,0.038264,-0.02479,-0.016793,0.03023,0.041141,-0.047525,-0.0039226,0.015296,-0.029495,0.0035652,-0.0088182,0.0036239,-0.012559,0.011975,-0.0040758,-0.013489,4.0,1057.0803186134913,0.0531329639916306,0.4275507666740032,-1.2308516773323956,-0.146524441285425,0.3657915166666667,465.07142857142856,0.3662374469742828,0.8128846502765795,1.0024630541871922,1.1200773058159557,0.5636014632309972,4.180001085702107,-1.0719067191147758,41.38458950056818,0.8903213513473335,5,0.0104196548417958,0.0075082768164007,0.9998944817614996,594.8791996886614,0.0362229104993887,-0.1674791465075023,-0.3325059700400676,0.0199230026238243,0.2211432269444444,452.6428571428572,168.62679999999997,27.0,39.806350332649934,135.631,32.9958,4.1105534643678565,2.9871028022725516,0.458138064313931,0.7118743877011248
400,45,0.6005341385391456,0.9999113629485072,7Networks_LH_Default_PFC_9-lh,lh,Default,-6.932250439334702,41.64669330303486,7.384135745438122,0.7108193431340762,0.361040887932227,0.5151921165544812,0.7040157054319082,0.4977231743651722,1.3000144512491365,47.83999311265135,67.96991676725025,-20.129923654598905,3,-8.063526543647585,-0.055011253409779,-0.097460027729673,-0.0050527040291187,-0.027304598924437,0.026957049573298,0.0106884406779189,-0.0243005191867738,-0.0201065044399357,-0.0156751537679227,0.0459189310290607,101.125982,0.24222303394469,0.0023952601413991,0.7931639070444656,1.9409152887490773,0.3147061136363636,0.2371039102564102,1.3272919588854657,80.99654267477287,0.028978,0.041742,0.01288,0.01383,0.027719,-0.010777,0.0052852,0.043828,0.063367,-0.059077,-0.023724,0.014182,-0.02562,0.00087441,-0.0063174,0.0017927,-0.02493,0.0067192,0.00071003,-0.0018864,4.0,1019.9752066703496,0.0588650998424656,-0.211935291599012,-1.1750108796722991,0.1481515495255825,0.2943039755555555,480.57142857142856,0.526393485325521,0.7701669373271961,1.0049261083743843,0.6637310708000589,0.5594871372771008,4.308281886144925,-1.151054417922916,31.830771395998987,0.9192888744619656,5,0.0057431861639955,0.0101511794361175,0.9999113574089344,997.5784458154434,0.0530815065173169,-0.5262783499844508,-1.1986085946210303,0.1540413271342116,0.3374962702777777,403.8571428571428,193.23887000000002,35.0,42.656417770879926,141.42936999999998,51.8095,2.7297960798642524,2.38998252269979,0.5000981806349135,0.6773663083415878
400,46,0.6034692699305457,0.9998842096966792,7Networks_LH_Default_Par_1-lh,lh,Default,-57.383010887272576,-49.72522937550264,12.918316185204691,0.7411944717258586,0.2486441381757894,0.5467274152972253,0.3549744311636611,0.5403881838919521,2.079354469848956,71.37436519246607,48.66079604500586,22.713569147460213,3,22.668558523773605,-0.0632152213906541,-0.1249034877220361,-0.0368675105492109,-0.0094517056843285,-0.0095389182461316,-0.0089590353817496,0.0362805970562452,-0.0138923546729177,-0.0032326109401687,-0.0034852945562225,105.225176,0.2516977089506552,0.0023919913324774,0.7961447045708356,1.950256623576318,0.2783641818181818,0.2715835280373831,1.0249671021188316,83.32066029240434,-0.02837,-0.030142,0.01931,0.019594,0.027705,-0.027501,-0.068693,-0.062365,0.021291,-0.032209,0.014237,0.00040901,-0.0062919,-0.0040558,0.015241,-0.0021441,-0.0089543,0.0054869,-0.01457,-0.0088516,4.0,1180.6174580372012,0.0589056003251685,-0.1319021730459124,-1.28172120426762,0.1419717860153724,0.2852632074999999,473.57142857142856,0.2924609214531455,0.7994925745632949,1.5714285714285714,1.5394932475501135,0.5617005746557268,4.180121371612068,-1.0850918672174457,17.256328837300668,0.8792109196740179,5,0.0059799267805813,0.0082798946327936,0.99988415119787,1182.8763136242662,0.0589416458359958,-0.1486468586367004,-1.0293079615946257,0.1443733793963554,0.3080765138888889,512.8571428571429,108.7912,16.0,20.404237184221593,108.7912,0.0,1087912000000.0,3.420322030746926,0.6444798218933172,0.548662024134305
400,47,0.5970570180844899,0.9999088609846926,7Networks_LH_Default_Par_2-lh,lh,Default,-42.824573299427726,-57.85325620582066,17.128322882973468,,,,,,,74.11806274408801,50.01096052735202,24.10710221673599,3,27.63297059153028,-0.0677558708808071,-0.1319570694881607,-0.0441008562195737,-0.0335069071962842,-0.0086406095245781,-0.007176723575259,0.0213998396781838,-0.0057132145286185,0.0007637574767994,-0.0139441187817166,108.327781,0.2578072859290755,0.0023798815368408,0.7928722512612234,1.995638993097678,0.2686263870967741,0.295717828125,0.9083875284393976,78.11727768714907,0.029496,0.041731,0.0086556,0.024681,0.028121,-0.022105,-0.0022126,0.051254,0.064652,-0.062802,-0.027948,0.013686,-0.034671,0.0005275,-0.019217,-0.00065144,-0.028194,0.013734,0.00025733,-0.0034561,4.0,576.2362324217,0.0389315485896499,-0.5223105207821892,-1.3920232092199674,0.0942585787173203,0.28816068875,155.71428571428572,0.5574822713622951,0.7978562171579775,2.997536945812808,0.8954470456536083,0.5552976800207072,4.310566219116119,-1.152744897747209,14.601413058782496,0.8861906444407305,5,0.0083167402629774,0.0076495199755849,0.999908736142856,594.8791996886614,0.0362229104993887,-0.1674791465075023,-0.3325059700400676,0.0199230026238243,0.2211432269444444,452.6428571428572,110.4545,16.0,22.574895245299928,106.4597,3.9948,26.649569439605248,3.6929447123540764,0.5861199732123226,0.6002897120533794
400,48,0.6016584923439369,0.9998872445269728,7Networks_LH_Default_Par_3-lh,lh,Default,-42.61979447022183,-75.7570265501533,24.6785933005728,0.598505311831763,0.5403709028294944,0.5352102587395283,0.4185620833663548,0.5521781851690025,-0.2574322760962897,92.77834625725846,68.32205797965143,24.45628827760703,3,37.53426394538967,-0.061924124939335,-0.1103603031367215,-0.0310814577639669,-0.0231316832743654,-0.0057860289749465,0.00108382140336,-0.0068610046710916,0.0047573667861707,0.0044746287715786,-0.0092856446733014,91.450229,0.230624966330233,0.0025218631910695,0.8020781529572127,1.8511671521319115,0.2315078048780487,0.245177114678899,0.9442472030345194,86.91173609344732,-0.02352,-0.036658,0.03405,0.030797,0.010105,-0.017283,-0.041553,-0.05593,-0.022548,-0.0017011,0.0089995,0.00045094,-0.0063541,0.0065689,-0.0029503,-0.0042886,0.0043182,-0.00051321,0.0058303,-0.0064725,4.0,645.0199445667465,0.0368956701590991,0.0659139072836542,-0.8314460573161053,0.008852058751525,0.2824020355555555,359.7142857142857,0.3021036757095334,0.72559591063269,4.167487684729064,1.667717313001908,0.5632481617906016,4.182879407393458,-1.0599313496648413,20.21961571468806,0.8301327368956273,5,0.0073822362978676,0.0084431518383695,0.9998871594290112,1056.8689900939578,0.056129057429779,-0.4855264375809849,-0.8190031253275785,0.0972757557157499,0.2164889769444444,468.6428571428572,202.4321,30.0,37.60924153068316,156.92659999999998,45.5055,3.448519409734101,2.0329590805253344,0.768692597770446,0.22976741336971754
400,49,0.6008935068715313,0.9998971021594972,7Networks_LH_Default_Par_4-lh,lh,Default,-42.58179975369058,-63.030436059429306,27.82130876127773,0.6907577239415745,0.1715520886884611,0.8132070306473302,0.8252817181930694,0.801983079809777,2.2634020170176323,83.76325074884932,60.41509697900335,23.348153769845965,3,35.60191607459543,-0.0768214558816698,-0.0740405716223113,-0.033877977154186,0.0102237080376216,-0.0253651459907643,0.0020190142780809,0.01703511016053,-0.0100149371280072,-0.0054639233177287,-0.0102464222018362,100.521448,0.2412814572475415,0.0024002982651752,0.7963181520363304,1.905415760981624,0.259867081632653,0.286759484375,0.906219656896156,81.28297455595116,-0.013161,0.0053897,0.015495,0.015957,0.031939,-0.024686,-0.061025,-0.028386,0.025309,-0.033924,0.012094,0.006818,-0.012593,-0.0091889,0.013952,-0.0089661,-0.011759,0.012212,-0.020286,-0.015018,4.0,1088.009342280152,0.0636049516895009,0.3958009180388797,-1.118767280832885,-0.1064583962120179,0.3433190397222222,469.9285714285714,0.4126065132340697,0.8479141075768599,2.8448275862068964,1.2609910948039873,0.5660059329589526,4.148459379442677,-1.0451362827230777,16.864295920147423,0.8567784738624655,5,0.0088059401093982,0.0085188872007577,0.9998968341036828,1182.8763136242662,0.0589416458359958,-0.1486468586367004,-1.0293079615946257,0.1443733793963554,0.3080765138888889,512.8571428571429,102.9798,14.0,22.776238455198214,102.9798,0.0,1029797999999.9999,4.255974383885647,0.6817517533635697,0.4858263465262119
400,50,0.6026084813830377,0.999887430057972,7Networks_LH_Default_Par_5-lh,lh,Default,-54.131188492661074,-55.54472807411835,25.30252821497457,0.8847222778424986,0.2946311614346994,0.4680602673828021,0.6761290106430851,0.5851414877899962,2.52744763878472,80.33116994778729,57.77322318454263,22.55794676324465,3,31.844935351220244,-0.0704133491293573,-0.1304641004132668,-0.0455762723647115,-0.054317848041023,0.0025157994040929,-0.0039321956848822,-0.0106912002254203,0.0072437872202009,0.0043467513144367,-0.0079404234200231,110.171528,0.2581965273293921,0.0023435866962756,0.7858689864408517,2.080010663042012,0.2898658260869565,0.2875405533980583,1.0080867639733258,82.72491658374462,0.036268,0.041182,0.018853,0.023684,0.019432,-0.015524,-0.00030133,0.045321,0.061605,-0.062447,-0.030551,0.028894,-0.030906,0.001953,-0.013738,0.0013453,-0.034808,0.015962,-0.00033395,-0.0064478,4.0,619.9281535432598,0.041705374800526,-0.4970123496827823,-0.8642964804901343,0.0139064077647709,0.2086423733333333,301.2857142857143,0.3222801989656494,0.7795541649901496,1.561576354679803,1.4670057428780787,0.5759753439589085,3.7611433429809527,-0.8301997212731883,15.35771613330694,0.8821646941241229,5,0.0068274043757162,0.008423102960617,0.9998872941354844,594.8791996886614,0.0362229104993887,-0.1674791465075023,-0.3325059700400676,0.0199230026238243,0.2211432269444444,452.6428571428572,147.5235,22.0,28.885338597395947,124.2741,23.2494,5.345260522829212,2.8203709911117416,0.6475257735785606,0.5331360766250801
400,51,0.6009825440622292,0.9998930681169216,7Networks_LH_Default_Par_6-lh,lh,Default,-39.05635863200874,-73.46306570016654,40.98188612567392,0.85391308542846,0.3928242453619792,0.3528625759060572,0.5764854296942159,0.4749714138835327,1.8255816715250643,98.84487244361227,76.07642681996701,22.768445623645263,3,46.62805138545431,-0.0616633412534873,-0.1102841117537943,-0.0290523574931972,-0.0542392687389831,0.0202195792165008,0.0049134601300534,-0.0348731516890611,0.0016522497070966,-0.0042277847825777,0.0276900147843716,106.665949,0.2531369198656462,0.0023731745907535,0.7905324307522201,1.9947742624916425,0.3178675897435897,0.2791791042654028,1.1385794451419602,85.02763536622065,0.037154,0.047188,0.056742,0.050007,0.032567,-0.022517,-0.0040068,0.045985,0.03853,-0.048919,-0.017946,0.014522,-0.016326,-0.010885,0.0088328,-0.0032319,-0.027189,0.0056856,-0.0028351,0.0041419,4.0,619.9281535432598,0.041705374800526,-0.4970123496827823,-0.8642964804901343,0.0139064077647709,0.2086423733333333,301.2857142857143,0.3606676269884559,0.6080156243790569,3.086206896551724,1.43574836932144,0.5633950009677571,4.184161634318768,-1.0276083121198485,24.25699133538741,0.8137368100620698,5,0.0073761129250818,0.0080483021420946,0.9998928368275376,1354.2561976557054,0.0667816510614846,-0.0600928080460242,-1.1701122122557424,0.0278832387597545,0.2496888083611111,603.6428571428571,168.37434,26.0,37.51167441058443,129.4767,38.897639999999996,3.3286518153715017,1.886106475033841,0.7266381742101459,0.33508276855012475
400,52,0.6022553511306019,0.9998908444040308,7Networks_LH_Default_Par_7-lh,lh,Default,-47.452882282069474,-63.57486788952937,41.60346452525405,0.922092923393952,0.4524346554619806,0.4288941594048489,0.5517105064977651,0.5820321098816839,1.82677218429524,93.63111112320227,71.76708960087598,21.864021522326297,3,44.03453908201124,-0.0613915688963956,-0.1208812693710559,-0.0412434487736979,-0.0615394086138918,0.0069380574165963,-0.0027157751254627,-0.0239875747605811,0.0144382369725328,0.0045456607511206,-0.0096315375018775,83.776414,0.2143679996767621,0.0025588108805481,0.7823263357516599,2.1496097102618763,0.2350138717948716,0.2183624951923077,1.076255661395854,83.98561566214649,0.020599,0.026832,0.0077916,-0.033999,0.01929,-0.0097027,-0.040611,0.0074373,0.040263,-0.027195,-0.018453,0.02736,-0.02191,-0.0084231,-0.0050842,-0.016227,-0.026971,-0.0021211,-0.016054,-0.0018799,4.0,737.2033520150477,0.04221967371429,-0.3133515480824583,-1.0477535557934077,0.1330494426095445,0.3218505201111111,327.85714285714283,0.3432219284724461,0.7268971159394836,2.413793103448276,1.456513106160557,0.557062239779313,4.219490498530149,-1.1264551582305031,14.672303111101987,0.8615293202238676,5,0.0099270791073696,0.0090177148729509,0.9998905686142432,594.8791996886614,0.0362229104993887,-0.1674791465075023,-0.3325059700400676,0.0199230026238243,0.2211432269444444,452.6428571428572,161.53379999999999,25.0,28.414062937008726,132.0999,29.4339,4.488018916947846,2.260457786774242,0.7514536119501282,0.3337871083327453
400,53,0.6087834254126924,0.9998815429674645,7Networks_LH_Default_Temp_1-lh,lh,Default,-55.9116706111005,-7.6435819522878115,-27.64751808117361,0.7019681637937228,0.4977278383383665,0.562698932930892,0.4926927428102821,0.5751640880739046,0.4903832413301551,37.13016306780771,34.30141754174387,2.828745526063841,3,-14.295436263017825,-0.0531482698539368,-0.0851346937903382,-0.0212939466095037,-0.0126922700402239,-0.0088459433552932,0.0063061393941181,-0.0151352298551828,0.0154714441783642,0.0063063754093106,-0.0145170301116771,92.305747,0.232710592259042,0.0025210845458927,0.8081951060998868,1.7417475099269235,0.2695146296296296,0.230663850174216,1.1684302906988993,91.24612051682206,0.048681,0.052416,0.085693,0.083902,0.016597,-0.01143,-0.0087206,0.0023704,-0.048514,0.029451,-0.00081332,0.038255,-0.019962,0.01339,-0.024506,0.0034747,-0.00043019,-0.0094507,0.012179,0.0016219,4.0,1368.8106175313906,0.0735073956593699,-0.0940429374177237,-1.1652968785135454,0.0361315818542632,0.2522435517833333,542.9285714285714,0.2674618442488872,0.7084089342316144,1.0098522167487685,1.2683183279876924,0.5541315052758778,4.402703988883325,-1.186890149769856,29.921313782554066,0.9000895690366694,5,0.0138527827175413,0.0087546385586725,0.9998814735945192,913.5044365275712,0.0482816248759309,0.1303287164861588,-1.1320868242833662,-0.1254017410306852,0.3161443230555555,414.8571428571428,136.33729999999997,22.0,46.63448711253457,87.6674,48.6699,1.8012652584003639,2.2483692876423356,0.7017507847593932,0.3839668234591709
400,54,0.6037135635502077,0.9998863482740548,7Networks_LH_Default_Temp_10-lh,lh,Default,-52.29275311985409,-44.45777504342105,3.683274732517424,0.607480695396988,0.3509827909160057,0.5266786680781806,0.55995049616252,0.6254595290532425,0.8481891583433135,61.12259203326589,37.871964836173866,23.250627197092022,3,15.54729735253677,-0.0511547485153908,-0.105225641070554,-0.039693285559944,-0.0620022678867541,0.002779431351274,-0.0040140024836794,-0.0299929016316621,0.0255777925025676,0.0116849940552792,-0.0300409281832768,79.168957,0.2085722180599732,0.0026345202205923,0.7893448462653103,2.0655444992153296,0.1977991346153846,0.1988157163461538,0.9948868135329504,79.22090955702812,-0.0049799,-0.0036772,0.04907,0.0224,0.020621,-0.019194,-0.061844,-0.054215,-0.023865,-0.0031717,0.011977,-0.0029931,-0.0027325,0.0024565,-0.0044411,-0.018443,0.0017479,0.0016111,-0.0031785,-0.026602,4.0,933.801154184099,0.0510573316690717,-0.5391750756036011,-0.8088760590991413,0.0111912809476316,0.2915728916666666,402.9285714285714,0.3237259834965723,0.7707040391986606,1.4630541871921183,1.3998329810805872,0.5549482411472597,4.498716093712184,-1.1973432903063297,21.05748088089973,0.8759068485737557,5,0.0088509004747401,0.0079762151814181,0.9998863271509651,1182.8763136242662,0.0589416458359958,-0.1486468586367004,-1.0293079615946257,0.1443733793963554,0.3080765138888889,512.8571428571429,80.9592,13.0,19.75850386533026,80.9592,0.0,809591999999.9999,3.6606137147330604,0.568768012772937,0.629282403976324
400,55,0.6083420279432238,0.9998726721686254,7Networks_LH_Default_Temp_2-lh,lh,Default,-61.790484664840825,-23.34326415926764,-21.159731723702887,0.7080469996857306,0.4142232406248475,0.4172228198580983,0.3931737682245086,0.5112953430735365,0.988304225200123,48.38306180175245,35.16923306490626,13.213828736846196,3,-5.69285978644144,-0.0551737580293038,-0.1056838267257619,-0.0123681096810576,0.0112184336697905,-0.0089385432417037,0.0071526220505909,0.0006734033981287,-0.0218138377338336,0.0037773079338921,-0.0001036992635787,82.874088,0.2121763105902268,0.0025602249835916,0.7951766117814751,1.974125617303908,0.2389122666666666,0.2071121992753623,1.1535402906599002,90.4028715093357,-0.035983,-0.041269,0.0405,0.018522,0.014414,-0.018516,-0.06498,-0.051778,-0.012162,-0.006826,0.014225,0.0040315,0.000482,0.0021404,0.0046054,-0.0014942,0.00022887,0.0045086,0.0024424,-0.014639,4.0,1418.9629452526235,0.0724640961541765,0.2115243006301424,-1.0473107167970237,-0.0727787692964365,0.2343289763888889,606.7857142857143,0.1658552103040177,0.7294274081920737,1.0098522167487685,1.8297386527200223,0.5600224653126866,4.481758529226983,-1.1155435154147078,23.867517584385823,0.8973162011489503,5,0.0088869167215563,0.0053515672024427,0.9998727154182524,897.5206738565971,0.0558604283171054,-0.4045057202888509,-0.8950308887601457,0.0229732912787857,0.2517848694444444,410.0,150.87810000000002,25.0,35.30983395337352,107.59890000000001,43.2792,2.486157322680442,2.08796693430842,0.7004121467012364,0.48264923802725507
400,56,0.6095100462773009,0.999869585434882,7Networks_LH_Default_Temp_3-lh,lh,Default,-58.37601721091349,-38.36302311433469,-20.80113221778244,0.8302393941210189,0.3269446639556791,0.2675094022649421,0.468667301017127,0.4758655264282019,2.0784009753925625,55.90784110673411,36.56997358230097,19.337867524433143,3,-0.9717723963690564,-0.0566256908480931,-0.111616001203923,-0.0355129342537038,-0.0611798703003227,0.012093932486014,-0.0001701641508886,-0.0315659646992094,0.0116312230741886,0.0020378924876869,0.0003024204875487,98.82573,0.2404243730881723,0.0024328115065573,0.786585273656324,2.0806442454737923,0.2928332413793103,0.2473759657794677,1.1837578494670389,89.86374406334444,-0.016336,-0.015746,0.033239,0.024366,0.029861,-0.028862,-0.079899,-0.060477,0.020591,-0.031372,0.011391,0.0085,0.0012376,-0.0072305,0.013633,-0.0041128,-0.013397,0.0078987,-0.019755,-0.017034,4.0,816.419619776225,0.045093765591122,0.0866230367549504,-1.157705838124789,0.0029008634208853,0.2971695611666666,390.9285714285714,0.1073487653773326,0.7407538889141155,1.1527093596059113,2.1985065569252527,0.5734253316346233,3.973933558767664,-0.8391186903387686,25.436205314132312,0.8707473978892835,5,0.0093960011626302,0.0085827240080669,0.9998696571747858,1182.8763136242662,0.0589416458359958,-0.1486468586367004,-1.0293079615946257,0.1443733793963554,0.3080765138888889,512.8571428571429,116.7029,18.0,34.7240523236249,91.3545,25.348399999999998,3.603955279214452,2.7024334939382495,0.758068261836386,0.3285899493500162
400,57,0.6073456230016082,0.999876254602052,7Networks_LH_Default_Temp_4-lh,lh,Default,-56.184116394907726,-16.283339937164754,-14.49555316398523,0.7314940678480824,0.3487990527028999,0.3754247887548754,0.3967783540157855,0.3291998446755337,1.47030165773386,39.90299287439021,28.537444955332944,11.365547919057263,3,-3.812329917241711,-0.0534325794425919,-0.0755199976438676,0.0064839583634235,-0.0191889814644578,0.0336550459390264,0.0171039123531823,-0.0375026991643873,-0.0082434232440052,-0.0088933343347961,0.0449801293968602,103.41479,0.2464947822454502,0.0023835544436652,0.7992493617740722,1.823594778187864,0.2512612,0.2556074066390041,0.9829965539948458,84.7141312878509,0.065396,0.0579,0.095925,0.083413,0.018741,-0.013406,0.01859,0.022583,-0.014054,0.012727,-0.010663,0.018884,-0.018165,0.0019565,0.00029176,-0.0005929,-0.016168,-0.009255,0.010968,0.0084651,3.0,897.1687664846318,0.0527800148143319,-0.3297385929769863,-0.9815988043386984,0.0176203729931423,0.2517442827777778,382.2142857142857,0.2200270648047823,0.7580578262721414,1.0024630541871922,1.559700183556583,0.5618475350277413,4.388240935690306,-1.0519864681417226,25.424183747459683,0.9067487207447154,5,0.0090631627242987,0.0090853412468609,0.9998762930498684,997.5784458154434,0.0530815065173169,-0.5262783499844508,-1.1986085946210303,0.1540413271342116,0.3374962702777777,403.8571428571428,130.73093999999998,20.0,34.00188941818868,105.0435,25.68744,4.089294223153069,2.5136846273591154,0.5058167559438814,0.683794823168869
400,58,0.6069412095763932,0.9998837083181252,7Networks_LH_Default_Temp_5-lh,lh,Default,-56.14723524146419,-0.4664827350988786,-11.205865896063736,0.843882233750224,0.485919679017995,0.4338489226573798,0.610054346180509,0.481597252615989,1.2544707536198174,35.10190024601374,34.270334072657484,0.8315661733562578,3,-6.583574717108578,-0.0605482466116528,-0.1210108490843684,-0.0441585151164835,-0.0672854410968177,0.0055923098134215,-0.0037969827033389,-0.028399651421959,0.0215647759439049,0.008002252735922,-0.0192195616787551,93.140429,0.2307668536211267,0.0024776228335911,0.7831810920797997,2.141142458441243,0.2456593947368421,0.2303757211155378,1.0663423794862696,85.23021671073566,0.037594,0.04151,0.027655,0.031075,0.019882,-0.02118,-0.0013578,0.045019,0.045217,-0.059482,-0.027761,0.025881,-0.0334,-0.0052026,-0.02125,-0.0036985,-0.031167,0.013208,0.0014776,-0.0021306,4.0,737.2033520150477,0.04221967371429,-0.3133515480824583,-1.0477535557934077,0.1330494426095445,0.3218505201111111,327.85714285714283,0.2880909322905232,0.6823469720827685,1.0541871921182266,1.2593394883418767,0.566879732716528,4.183834720133983,-1.0017487493416946,28.52314244582659,0.9029025555795742,5,0.0101927756553584,0.0102163080810195,0.9998835222907808,594.8791996886614,0.0362229104993887,-0.1674791465075023,-0.3325059700400676,0.0199230026238243,0.2211432269444444,452.6428571428572,129.6679,19.0,41.80617639264913,93.94059999999999,35.7273,2.62937865441097,2.514953767115794,0.7481187607128796,0.3740069824528661
400,59,0.6068529380409333,0.9998740611494242,7Networks_LH_Default_Temp_6-lh,lh,Default,-58.67622828198444,-38.53217578000066,-5.0871125535864685,0.9419329856769382,0.5263171585644328,0.4082235817619109,0.6689977463526744,0.7877610490896366,1.5102450889725,57.62702803179125,36.50014429555104,21.12688373624021,3,8.507385201848317,-0.0692812416645057,-0.0982998763545718,-0.0362153837165516,-0.0515702850054418,0.0117438782590465,0.0026180899623818,-0.031526419757887,0.00717623035627,0.0027543411947445,0.0109147266231076,107.15541,0.2535582862414952,0.0023662667731032,0.7908310081481783,1.9841967301645,0.261955243902439,0.2726093869565217,0.9609179153032112,84.84910810636906,0.052976,0.04851,0.08183,0.054721,0.024405,-0.02003,0.0077128,0.04365,0.010613,-0.039966,-0.017375,0.028665,-0.018265,-0.0037463,0.00011239,0.0009363,-0.024678,0.0079799,0.004152,0.0036522,3.0,897.1687664846318,0.0527800148143319,-0.3297385929769863,-0.9815988043386984,0.0176203729931423,0.2517442827777778,382.2142857142857,0.1779501075132695,0.7741666522001392,1.1182266009852218,1.8988741133093583,0.5583353624648271,4.474337883691587,-1.0952656230284514,17.84388113592014,0.8939226740844249,5,0.0049608505874475,0.0076999756582859,0.9998741541509952,997.5784458154434,0.0530815065173169,-0.5262783499844508,-1.1986085946210303,0.1540413271342116,0.3374962702777777,403.8571428571428,140.8165,19.0,26.989986635374386,128.9456,11.870899999999999,10.862327203406126,3.593332676180027,0.5134404706644327,0.6798912059311232
400,60,0.6051465629189678,0.9998834642985012,7Networks_LH_Default_Temp_7-lh,lh,Default,-51.35545365942661,-28.308782433717383,-6.800510683236047,0.7624626913860503,0.4358697297878177,0.2291520819652962,0.437827585661542,0.3137806723310417,1.1345855487349394,45.06693513937172,25.32879330571468,19.738141833657043,3,4.412328320173587,-0.0384998523893109,-0.0577530945860422,0.0134510869908139,-0.0313100015783163,0.0408515274511638,0.0143287281925338,-0.038043100190943,-0.0099818436641153,-0.0166500088069744,0.0451068215836371,80.7751356,0.2085926380995502,0.0025823867276713,0.798410266128976,1.8273433807336887,0.2033378181818181,0.1981791577464789,1.026030286894929,78.6907516035559,-0.08092,-0.054643,0.034316,0.036385,-0.0030328,-0.013911,-0.048723,-0.055106,0.012175,-0.024125,0.017016,-2.9337e-05,0.0076647,-0.0013732,0.015289,0.012905,-0.0044983,-0.0052025,0.015211,0.008899,4.0,1008.5361581134424,0.0549836713044833,-0.1991479399716327,-0.6435302057445096,0.0817372210984837,0.2308428759166666,566.0714285714286,0.2842126658565024,0.7792656758197202,1.192118226600985,1.391424150612657,0.5661793628520326,4.310500234720808,-0.9769789361581336,22.87256269421668,0.9071991595205524,5,0.0088643821827563,0.0076336903343331,0.999883565530275,1058.6014967346723,0.055014958375989,0.0183361289294165,-1.169161915802359,0.0298662252743815,0.1387818177777778,461.7857142857143,76.6217,12.0,23.010978450584975,69.1328,7.4889,9.231369092800927,3.2934816906529387,0.2682476347677645,0.8480952523893361
400,61,0.6095968532186468,0.9998736151653684,7Networks_LH_Default_Temp_8-lh,lh,Default,-61.78149339379368,-16.813580985261474,-3.943987178188997,0.826149279241543,0.2873588108850745,0.4512632944138334,0.6064544687605234,0.5011931896392304,2.2801573507469843,47.04618865027648,34.87465992146155,12.171528728814934,3,2.677681988665044,-0.0596238238200466,-0.1171689575088157,-0.0384625199702494,-0.0395316654308694,-0.0071093106605688,-0.0035807845386598,-0.0090145665782447,0.0134896869908717,0.0109850888777061,-0.0336961506052644,88.341948,0.2245136019714403,0.0025414155681872,0.7939150298698072,1.984387552645688,0.2136251,0.2181587594936709,0.9792185305686784,84.29850247801483,-0.0038309,-0.0017434,0.031384,0.014361,0.034194,-0.027783,-0.079392,-0.04662,0.012555,-0.016796,0.0087553,-0.0013492,7.3431e-05,-0.010096,0.010674,-0.013608,-0.012407,0.0077998,-0.02661,-0.024393,4.0,1058.6014967346723,0.055014958375989,0.0183361289294165,-1.169161915802359,0.0298662252743815,0.1387818177777778,461.7857142857143,0.1870279385758632,0.7616000364741352,1.0566502463054188,1.836575787296848,0.5695645390576228,3.923977462251472,-0.8747354519543197,23.35464455941486,0.8838088999287029,5,0.0147485666413171,0.0076783904569397,0.9998736961897184,1182.8763136242662,0.0589416458359958,-0.1486468586367004,-1.0293079615946257,0.1443733793963554,0.3080765138888889,512.8571428571429,67.1797,10.0,20.142541035330428,67.1797,0.0,671797000000.0,3.512525894507853,0.5963416151921115,0.5036640532779991
400,62,0.6060786730558223,0.9998770021844676,7Networks_LH_Default_Temp_9-lh,lh,Default,-61.810173705013,-35.032639649363446,2.062868429731705,0.851489307583665,0.3577653715902676,0.3532771186941419,0.496337930963951,0.4089596643124331,2.010159952133626,59.252979486681454,39.58373869738318,19.66924078929827,3,11.747512952648057,-0.061104513749063,-0.0990461501638954,-0.041679716324172,-0.0573349999334107,0.004050016699216,-0.00368095348914,-0.0266026410229866,0.0254313511231449,0.0113692433834603,-0.0203082190401727,102.252951,0.248400728174411,0.0024292768643339,0.7975535011310124,1.887604577530224,0.2363570487804878,0.2563531504424778,0.9219978310402052,84.18881314531755,0.059744,0.052091,0.083964,0.064982,0.010275,-0.0080194,0.00051874,0.026734,-0.02466,-0.014306,-0.010221,0.033762,-0.028178,0.0017162,-0.026121,0.008442,-0.017627,0.0087278,0.010141,0.0016431,4.0,1202.3426392764345,0.0609223219860709,-0.5762260765414171,-1.0417602258403995,0.1564404233853537,0.3643454054444444,524.0714285714286,0.208209970254891,0.7750125238868223,1.2364532019704433,1.7855263565924535,0.5584317532946577,4.20898769104429,-1.07242894155608,23.680945052773083,0.8634516001367277,5,0.0072367100989901,0.0078738231541327,0.9998770649486008,933.801154184099,0.0510573316690717,-0.5391750756036011,-0.8088760590991413,0.0111912809476316,0.2915728916666666,402.9285714285714,148.216,22.0,27.476399974701664,136.0154,12.200600000000001,11.148255003760893,2.447753826350722,0.6277224016668488,0.5410367301775787
400,63,0.6017256204039586,0.999893844807798,7Networks_LH_Default_pCunPCC_1-lh,lh,Default,-7.1763669689368585,-54.03647287252248,7.499414140005204,0.7991310193115058,0.317222902089447,0.3706582534573735,0.4980895994292522,0.4588006292050832,1.979904699319183,65.10140091584944,44.41094831252512,20.690452603324324,3,20.710590345759865,-0.0530471787318114,-0.1088569974879878,-0.0422311738780101,-0.0689916534476688,0.0038030974060212,-0.0043978414681673,-0.0346298370275851,0.0305694848112125,0.0131611897266974,-0.0347009780503705,88.75629,0.2236964114435298,0.0025203443208732,0.7848450480245498,2.1148158284841503,0.2413315208333333,0.2705642474226804,0.8919564319491377,66.41512114882491,0.00011317,0.0032202,0.0404,0.014103,0.030915,-0.024286,-0.080012,-0.052002,0.0011492,-0.015795,0.010339,0.021246,-0.0020435,-0.0042007,0.0013337,-0.016074,-0.0096501,0.0061943,-0.021498,-0.027201,4.0,704.085550357499,0.0415955764988439,0.2452813299871797,-0.6885319201404907,0.0126649604060294,0.2932958983333333,426.2857142857143,0.3747357829216758,0.8301440980718108,3.4261083743842367,1.2381750346727776,0.560525682283301,4.443847137756868,-1.0979221850601946,20.397345068109924,0.8313950066440584,5,0.007164498417766,0.0072068322534733,0.9998938067838916,1182.8763136242662,0.0589416458359958,-0.1486468586367004,-1.0293079615946257,0.1443733793963554,0.3080765138888889,512.8571428571429,192.00421,39.0,37.62965138066919,162.8837,29.12051,5.593435691869431,1.6742644108251927,0.6455620570240377,0.43228166715719407
400,64,0.5954854907075178,0.9999234227183648,7Networks_LH_Default_pCunPCC_10-lh,lh,Default,-4.11859862944659,-65.55800170732219,41.53012864522165,,,,,,,93.28395538894834,74.23831573897553,19.045639649972813,3,44.58547769932965,-0.042176053983019,-0.0826134115457876,-0.01416083439762,-0.0286154702413312,0.0096457575998728,0.0085541133905508,-0.0399891702204293,0.0094892927301777,0.0043229603308494,0.0052499834701893,82.0299029,0.210905319087737,0.002571078492493,0.7923383179903776,2.002857189482352,0.233907625,0.2442597534246575,0.9576183617019308,72.2615507983985,0.007289,-0.0061431,0.057776,0.042863,0.029922,-0.028089,-0.065201,-0.058769,-0.0028612,-0.0099114,0.0053739,0.015566,-0.0065092,0.002839,-0.0023541,-0.0012024,-0.01335,-0.0016161,-0.0099773,-0.014865,4.0,1008.5361581134424,0.0549836713044833,-0.1991479399716327,-0.6435302057445096,0.0817372210984837,0.2308428759166666,566.0714285714286,0.640652710114543,0.8614486111069823,6.302955665024631,0.8700665987650034,0.5620683940545897,4.418744716453595,-1.0918629037121654,25.96169444297339,0.7961423858357055,5,0.0106678837421575,0.0071979534218361,0.9999232635754592,951.1966404949552,0.0523367848323453,-0.3173477655637377,-0.8064286597209644,0.0210910992154545,0.2548003505555555,414.2142857142857,138.84805,26.0,39.60242101414815,105.60164999999999,33.2464,3.176333377438831,2.3858026174921227,0.6261049495484601,0.5217278888684429
400,65,0.5936950346348191,0.999928025776042,7Networks_LH_Default_pCunPCC_11-lh,lh,Default,-7.123247340262015,-49.818272388727465,42.59006779616111,0.9425459824488256,0.3010829744605023,0.574858507589794,0.7228971235648434,0.6563641349944467,2.775651995897439,82.394663226144,65.61283160978262,16.781831616361387,3,40.49952239431491,-0.0584028414979372,-0.1162447022516993,-0.042668588272109,-0.0487573037823665,-0.0066476763540322,-0.005955638872072,-0.0090518733947194,0.0184704549148551,0.0116212194608113,-0.0389618535343754,91.833402,0.2307319533716446,0.0025125057805371,0.7931021407596035,2.005082666491609,0.2377866904761904,0.2859799166666666,0.831480382135374,66.36458991361779,0.045442,0.050789,0.052278,0.06101,0.020483,-0.018955,0.00098142,0.039617,0.025732,-0.036155,-0.024014,0.032881,-0.027762,-0.0040275,-0.021679,0.0015652,-0.027015,0.010598,0.0018821,0.0035383,4.0,807.3135257685758,0.0447958350560188,-0.5523228994216657,-0.69982696888757,0.019032549977478,0.2638249169444444,425.2142857142857,0.7087845822331085,0.8486526139190829,5.184729064039409,0.682947585234654,0.5723652255688564,3.918455600590813,-0.8625189504036325,15.695952391568174,0.8579338496854768,5,0.0080744423625003,0.0045785723095372,0.9999278392280964,594.8791996886614,0.0362229104993887,-0.1674791465075023,-0.3325059700400676,0.0199230026238243,0.2211432269444444,452.6428571428572,149.9797,24.0,28.978557016819643,123.9362,26.043499999999998,4.758815059401545,3.261469784348571,0.6554525390950067,0.47962957653602456
400,66,0.59841643115043,0.9999070450131696,7Networks_LH_Default_pCunPCC_2-lh,lh,Default,-14.11254913537572,-62.67526649996493,17.11080800938307,0.5890163511782597,0.4446836226378547,0.2842368939627329,0.4943211555497911,0.4030389567157932,0.2322108680498645,75.7665617740106,53.49279208752843,22.27376968648217,3,29.069064755619323,-0.0567595077569108,-0.1097477585036046,-0.0297390253105775,-0.0444925786896324,0.005651618013839,0.0035806498160835,-0.0333815943309378,0.0187071916137555,0.0074143805711738,-0.0097514638990611,94.403537,0.2332356365769368,0.0024706239192784,0.7904797809523157,2.027039427663126,0.2423273333333333,0.2771334558823529,0.874406637316153,70.47980506167075,0.059286,0.052767,0.087132,0.073592,0.022777,-0.016396,0.0062413,0.03044,-0.0034913,-0.018266,-0.019576,0.025072,-0.025005,-0.003562,-0.018677,0.0039357,-0.023557,0.0030153,0.0067262,0.0090789,4.0,807.3135257685758,0.0447958350560188,-0.5523228994216657,-0.69982696888757,0.019032549977478,0.2638249169444444,425.2142857142857,0.5051018909419212,0.8364020928267885,4.5,0.9569004888065256,0.5665144952501733,4.167562487116562,-0.9483359122523312,21.68304399113813,0.8017778291245476,5,0.0080913056076132,0.0049758291872233,0.9999069565419,997.5784458154434,0.0530815065173169,-0.5262783499844508,-1.1986085946210303,0.1540413271342116,0.3374962702777777,403.8571428571428,157.978,29.0,29.71452359656336,148.42659999999998,9.551400000000001,15.53977427376573,2.4786344558939386,0.5800166996726503,0.41497360391953303
400,67,0.5962039629977074,0.9999147252717866,7Networks_LH_Default_pCunPCC_3-lh,lh,Default,-3.2310558035969734,-54.12389100514925,20.204847374023537,0.8677930233518742,0.4347197859451614,0.448694798119985,0.6851001652187978,0.5317352292717508,1.6590243635631663,72.04353083170336,53.05744743502069,18.98608339668268,3,28.360075725958893,-0.0525474159822737,-0.1073039897305794,-0.0421346177075267,-0.0653922254951025,0.0013012978080257,-0.0053101779132593,-0.028948893914912,0.0274368548246325,0.0131775545800496,-0.0379849730760055,75.4307989,0.1990438924607135,0.0026387615584494,0.7786790255200541,2.209586177803695,0.2032136376811594,0.2291455360824742,0.8868321899988283,64.2602230898951,0.0038873,0.00035236,0.038059,0.029663,0.032177,-0.026896,-0.074185,-0.052976,0.0090622,-0.015543,0.0078164,0.0083217,-0.003071,-0.0048854,0.0052557,-0.012131,-0.013088,0.004431,-0.023788,-0.026873,4.0,807.3135257685758,0.0447958350560188,-0.5523228994216657,-0.69982696888757,0.019032549977478,0.2638249169444444,425.2142857142857,0.5659761397987114,0.8258716345762452,5.834975369458128,0.9453575254283632,0.5752185925222233,3.719893477572833,-0.7819455359346069,21.484505222339987,0.8199680313358079,5,0.0085327374331345,0.0055366363757001,0.999914725963798,1182.8763136242662,0.0589416458359958,-0.1486468586367004,-1.0293079615946257,0.1443733793963554,0.3080765138888889,512.8571428571429,152.27814000000004,29.0,41.84964713226645,104.70284000000001,47.5753,2.200781497957552,2.387288889062865,0.4997368415734763,0.677612952193926
400,68,0.6024456068410179,0.9998879517455032,7Networks_LH_Default_pCunPCC_4-lh,lh,Default,-4.187172914616038,-39.83902543355404,24.192996006833308,0.5284716013121077,0.5076053612160993,0.5606651391968772,0.579040674105175,0.4391658052989377,-0.4181998549285522,63.39878446603088,47.65050497006566,15.74827949596522,3,26.4675052341662,-0.0310997944302769,0.027416221979498,0.0306165523947516,0.0132176182699616,0.044924662752115,-0.005745019191046,0.0206066612593249,0.0142754239881228,0.0061022270929954,0.0057335268467198,65.5432295,0.1855274717685386,0.0028306123024996,0.8270958090940688,1.344207093580526,0.1622906206896551,0.2022811578947368,0.8023022129123751,60.217947357986176,0.032074,0.029665,-0.047819,-0.056345,-0.01761,0.019822,0.0027933,-0.0064163,-0.0046384,0.0033644,0.030222,0.0052902,-0.0099152,-0.0059639,0.015966,0.0013945,-0.015236,0.0021794,0.0040629,0.0017789,3.0,997.5784458154434,0.0530815065173169,-0.5262783499844508,-1.1986085946210303,0.1540413271342116,0.3374962702777777,403.8571428571428,0.3306571443556411,0.8069438659350976,2.9827586206896552,1.4034735008563184,0.5882947105747015,3.411862270990323,-0.499558906739825,15.656516184624474,0.8836320798237891,5,0.0068276053616677,0.0053397455711685,0.9998878383265576,1287.8708976014982,0.0654454717628768,-0.1473593960871905,-1.1936557961798986,0.0149266218294561,0.2224237066666666,469.5,193.143164,43.0,28.6541606221041,183.442264,9.7009,18.90981908875558,1.5099711547664132,0.6501098850216429,0.5435449944270354
400,69,0.5928178950779011,0.999930601468732,7Networks_LH_Default_pCunPCC_5-lh,lh,Default,-12.182870918188613,-68.88448113755297,30.34756563875241,0.5801579352477279,0.4316634471398433,0.6343798949571597,0.5819590415541588,0.5419430286105537,0.2616224069267603,88.01142378857834,66.58220771352433,21.42921607505401,3,38.87388372451733,-0.0376124339227931,0.0692885355187417,0.0666412523187047,-0.0300684265819712,0.0647656988688238,-0.0088648141305671,0.0233137032221765,-0.0115821934957863,-0.0017629928029084,-0.0161722849282029,105.92811799999998,0.2544115365372389,0.002401737530511,0.8302582619362392,1.1388758290979062,0.2604137536231883,0.2811421543624161,0.9262707476975006,72.26036628094973,0.03903,0.034151,-0.046231,-0.04501,-0.035433,0.01563,-0.0011125,-0.0079605,-0.0022215,0.0070005,0.02606,0.003707,-0.010877,-0.013054,0.014074,-0.0045996,-0.01494,-0.0031793,0.00067976,0.0040191,3.0,1413.872029412689,0.0756423779793002,0.1909820389330814,-1.2502366371070817,-0.1479416333289894,0.3793906999999999,596.8571428571429,0.7091968023070637,0.8688311147177304,6.374384236453202,0.7225665130080896,0.5982729582093907,3.045093264963332,-0.2827273078066771,26.48813473049044,0.7997816826957198,5,0.0084642823082844,0.0063548012633028,0.9999305550041752,576.2362324217,0.0389315485896499,-0.5223105207821892,-1.3920232092199674,0.0942585787173203,0.28816068875,155.71428571428572,149.15640000000002,27.0,31.94552068007181,125.77749999999999,23.378899999999998,5.379957996289903,2.272277538338303,0.6933750012595437,0.348674947907029
400,70,0.5939268424945139,0.9999276302598368,7Networks_LH_Default_pCunPCC_6-lh,lh,Default,-6.210162707089527,-59.21063153043514,29.97880504757839,0.5338056741211507,0.3290869716104939,0.5313557657088891,0.4746725632280995,0.4798826277067764,0.608591730066422,80.91272232477759,61.43688393375481,19.475838391022783,3,35.75047248767757,-0.027967212598803,0.0363108937076267,0.0943113215916863,-0.0100988875894247,0.0701583645504136,0.0093656696207705,0.0024517749256148,-0.0012518773968789,-0.0173773900688679,-0.0061038641912768,105.5332308,0.2551701980535321,0.0024179132593493,0.8243541069543323,1.202207040413536,0.271921,0.3020320423728813,0.9003051390629029,67.16052589129018,0.040015,0.03493,-0.034756,-0.017943,-0.034068,0.0035331,0.0016917,0.009923,0.00078026,0.00041791,0.032317,-0.020058,-0.0056745,-0.017983,0.015728,0.0011817,-0.015988,-0.0057244,0.0031381,0.0049742,3.0,1110.8091625277293,0.0615499944143561,-0.1960763316849886,-1.078607235867778,0.011538344905851,0.2678042138888888,431.4285714285714,0.6903825024012921,0.8371562035548034,6.334975369458128,0.7458754158344686,0.5950055990623885,3.099814570777137,-0.3482105074822154,23.49011788285644,0.8137071283098217,5,0.0085839095530136,0.0057469563220597,0.9999275260023384,704.085550357499,0.0415955764988439,0.2452813299871797,-0.6885319201404907,0.0126649604060294,0.2932958983333333,426.2857142857143,166.53593999999998,29.0,41.52206140254832,121.45844,45.0775,2.6944360268366823,2.437412644028179,0.5835106709578259,0.6060706175495812
400,71,0.5983697352730064,0.9999023369285416,7Networks_LH_Default_pCunPCC_7-lh,lh,Default,-7.397917231708242,-43.84895533288432,33.774448196790374,0.7104993662712963,0.4699066115448193,0.4162242861311216,0.5348734604413257,0.4780308720754623,0.6882703790804757,71.99539453119576,55.57444190077037,16.42095263042539,3,33.41935551793952,-0.0737810872028183,0.0807500826943906,-0.0008668448986767,0.0150912984287965,0.0288498732190878,-0.0019334532320309,0.0204852192117974,0.0134311379127292,0.0145149997122375,0.0071686964312016,118.71011,0.2747628068160517,0.0023145695578567,0.8228264409772224,1.3948476156149692,0.3079553246753247,0.3699305955056179,0.8324678421668995,62.54541191269891,0.059521,0.049653,-0.021046,-0.022479,-0.063433,0.049271,0.0079032,-0.0035301,0.0018307,-1.5204e-05,0.038268,-0.030844,-0.0082382,0.0023167,0.02408,0.003196,-0.0089418,0.0019289,-0.0061557,-0.0074666,3.0,1231.4863467461676,0.0632547861561911,-0.3316976141090536,-0.9750202247723035,0.1182608289491572,0.2607807530555555,561.0,0.4701443879327129,0.8265943816981824,3.655172413793104,1.0777556865045883,0.5884250396777151,3.305956135809016,-0.4533495044393851,14.14763119407159,0.8792026341662696,5,0.0059387077159133,0.0056735170974519,0.9999022055108232,1375.806178209707,0.0785035535970481,-0.3389858518261783,-1.2621371549989913,0.1551009393378442,0.3406252380555555,584.3571428571429,119.00911,23.0,28.516292753906033,102.54621,16.4629,6.228927467176325,2.9585004069590286,0.4997482181342596,0.6710310664452495
400,72,0.5984727874146866,0.9999023117232352,7Networks_LH_Default_pCunPCC_8-lh,lh,Default,-2.999572497981412,-31.003679178811453,39.53711645419781,0.7694506135490351,0.4641872444114776,0.5475463746606256,0.5855733747408155,0.5186582276396318,1.010236784015016,69.97709318896108,58.32818103770632,11.648912151254764,3,33.02337362616212,-0.0540347477484324,0.0825031330206487,0.0564602591164506,-0.0287075196174357,0.0739115468376834,-0.0023590032353846,0.0197791104738773,-0.0135533098369352,0.0140725099470666,-0.0112709739233345,95.658647,0.2326617349977096,0.0024322080888042,0.8227973168109455,1.1656391994993374,0.2343938552631578,0.2620839855072464,0.8943463474888372,59.50048737895872,0.069164,0.060061,0.013369,0.034241,-0.061785,0.040035,0.016685,0.0021442,-0.0107,0.014442,0.03662,-0.030275,-0.007838,-0.0036505,0.027738,0.0074074,-0.0071972,0.015123,-0.0075504,-0.00095157,3.0,816.655227130764,0.0456211581119706,-0.0713698822289238,-1.1467378848045426,0.0059646000715936,0.22440438075,373.8571428571428,0.4764712772609012,0.825703832824857,2.0492610837438425,1.0146212055631298,0.5672350402975317,4.055657906817571,-0.9807053749937324,17.215131359066135,0.9040807817681727,5,0.0072221873511679,0.0036527288758301,0.9999021372680578,687.5165808101568,0.0478134922927777,-0.5130865865804698,-0.73805362602159,0.034159925096916,0.2383287463888889,348.92857142857144,137.5951,26.0,29.777042831226503,117.5811,20.014,5.8749425401924915,2.7533071557860436,0.675840001267471,0.4875943983470341
400,73,0.5968672862362602,0.9999096090900652,7Networks_LH_Default_pCunPCC_9-lh,lh,Default,-1.8576950583632528,-14.542882574504793,39.12657913627014,0.6945360431870097,0.4401136162127701,0.4872969129727691,0.3658180758394275,0.5107089539558113,0.7767496809375181,63.34822007244002,57.68125633543761,5.666963737002412,3,27.83881225411352,-0.0136954865421966,0.0018945050366,0.0966586120272656,-0.0088974149731344,0.0538686575321829,0.0092566215040577,-0.0132097697929441,-0.0092985936080372,-0.0348897698008921,0.0045439272270124,92.3838033,0.2426128464878439,0.00262614049023,0.8165397285561926,1.313667290366855,0.2152428440677966,0.2119703102941176,1.0154386417022003,59.2388526191174,0.029685,0.048073,0.038029,0.051809,0.022001,-0.0096144,0.018078,0.031722,0.043854,-0.022901,-0.0096802,-0.018997,-0.012711,-0.01356,0.024326,-0.0038088,-0.018322,-0.0013546,0.0073138,0.0076316,3.0,979.2877547823554,0.0516594618645936,-0.1561292836062077,-1.085232568971513,0.1458675315927448,0.3250767172222222,441.7857142857143,0.535527456994209,0.8105904049491159,1.7339901477832511,0.879577097175777,0.5872010646814195,3.384239049321039,-0.5431096630901824,23.008852095742245,0.9175956980161912,5,0.0067331408122154,0.0053552144929404,0.9999094259638628,701.6874771260748,0.0467444703570732,-0.2977579295772903,-0.8355399455964867,0.0138312658093184,0.1887656486111111,348.42857142857144,130.29903000000002,27.0,32.17632746905652,107.81143000000002,22.4876,4.794261281751748,2.588871298666201,0.721861693804043,0.4178097104790419
400,74,0.5999760757945812,0.9999025129116844,7Networks_LH_DorsAttn_FEF_1-lh,lh,DorsAttn,-42.38063602239867,-4.416281575106394,49.41332086471154,0.5785864184339519,0.1905791550944118,0.3043896961873176,0.2746693403847366,0.370258657093813,1.6051229785779608,70.9278503145099,64.97115476876714,5.956695545742761,3,30.97287699135884,-0.0157172259902762,0.0481627317983185,0.0948980258320135,-0.0373387679903971,0.0573187561670911,6.247620854096106e-05,0.0149033101456073,-0.0037460415472349,-0.0182542653413249,-0.0127739936778969,99.96751822,0.2395986911260604,0.0023967654233301,0.8280638426274706,1.9513353375760008,0.2847349555555555,0.2320272721052631,1.227161586865808,73.48491813119206,0.07006,0.061245,0.07786,0.070835,-0.006149,0.0090544,0.033762,0.010536,-0.01338,0.021573,0.0089261,-0.025572,0.00063456,-0.0076324,0.028527,-0.0004603,-0.0018829,0.0022776,0.0035798,0.0023703,2.0,758.3376087791563,0.0429781280596942,0.4765319323854035,-0.810071052948766,-0.0074915488047466,0.2941468894444444,414.5,0.4311041468706081,0.839800655938975,4.032019704433497,1.2061756454554196,0.5589355591056893,4.251655507586196,-1.1509126328022492,14.967945064216345,0.9016298307476606,2,0.0107112296755809,0.008707635189504,0.999902455938018,1078.509827905564,0.05847441071988,-0.0716399087428191,-1.1852826975619537,0.0722253358738517,0.1636762742111111,435.6428571428572,164.573,27.0,40.749411348447225,99.58089999999999,64.9921,1.5322000673904486,2.2794951361780633,0.7241786303876003,0.29251092220473585
400,75,0.599176967402303,0.9999162683032302,7Networks_LH_DorsAttn_FEF_2-lh,lh,DorsAttn,-26.209761056873607,-0.553784114816239,51.04001641735806,0.811392015130641,0.4395018951431263,0.4443061722464376,0.5478188817356222,0.7094661278316636,1.3548526690453455,69.31798399282391,65.99548422147862,3.322499771345292,3,30.79014508485971,-0.0505338825534022,-0.0573020709425952,0.0204492727906918,-0.0274924943969167,0.0513566379418061,0.0152523622998075,-0.0314156528117518,-0.0166041104303733,-0.0152489112879594,0.0515330648322104,90.520441,0.2268094929372633,0.0025056163053493,0.8024380567893943,1.6995149866980777,0.2279957678571428,0.208938835443038,1.0912081866665684,70.14626488514047,0.041553,0.024349,0.037132,0.035712,0.017984,-0.0075506,0.01946,0.03946,0.037564,-0.029303,-0.0062231,0.0023674,-0.018702,-0.0064231,0.028697,-0.0031462,-0.024948,0.0030468,0.0052371,0.0056117,3.0,1062.2120734057248,0.0579926153381713,-0.5704991215256908,-1.0934946573994484,0.155007806150143,0.3492007141666666,442.07142857142856,0.604276085301318,0.8164346183269283,1.477832512315271,0.7804615896743999,0.5571691221056692,4.401841794447696,-1.1830412060531648,15.322139681795958,0.914598945405262,2,0.0111005346449797,0.0096250695904068,0.99991619842444,997.5784458154434,0.0530815065173169,-0.5262783499844508,-1.1986085946210303,0.1540413271342116,0.3374962702777777,403.8571428571428,193.0718,30.0,37.08996971514626,132.88160000000002,60.19019999999999,2.2076949403686856,2.7064723863319338,0.78071450034136,0.25715511017144915
400,76,0.5982893245058097,0.9999142262427758,7Networks_LH_DorsAttn_FEF_3-lh,lh,DorsAttn,-30.667170245005902,-7.23287867207125,49.05226208024236,0.6995554455461457,0.3493419238182181,0.4971914357727217,0.7369089906552484,0.4544978219575641,1.3101911859175104,68.53687513590693,62.42989579706583,6.1069793388411,3,31.60122084976679,0.0029773469628608,0.0223150481330274,0.1115534124483223,-0.0251710175687341,0.0371886567245919,-0.000825218296731,0.003393506288854,-0.000772274811149,-0.0301913897288496,-0.0164326582947396,89.75802390000001,0.2440323035439372,0.0027187798142207,0.8288408347026692,2.126411533094297,0.2514762666666666,0.1942734666666666,1.2944447373696368,67.55420282376802,0.054961,0.056518,0.060275,0.05653,0.0097972,-0.0032987,0.031022,0.025862,0.013901,-0.0020035,-0.00093728,-0.023684,0.0012274,-0.014485,0.034936,-0.0058945,-0.0079798,-0.0022064,0.0032224,0.010097,2.0,765.5115820300971,0.0511038338108061,-0.454525601999615,-0.8716092045723047,0.0188074278420377,0.2595336808333333,359.7857142857143,0.5300276396792404,0.8305986424357442,4.770935960591133,0.9662533714958712,0.5792672717522364,3.6517946399908334,-0.7165658235648102,15.011776111348809,0.9164087830872094,2,0.0115455507952457,0.0089662172769592,0.9999141146990724,1324.700945706447,0.0680634586632117,-0.5176094148838387,-1.1413753877861883,0.1569489404710091,0.3673649194444444,538.5714285714286,128.29899999999998,24.0,33.68459507150776,89.17410000000001,39.1249,2.2792160491086775,2.8362458589518305,0.7398141369857727,0.3519739047069736
400,77,0.5984151439593692,0.9999107356539872,7Networks_LH_DorsAttn_FEF_4-lh,lh,DorsAttn,-21.806398165744284,5.312929678721981,59.09587647811226,0.7790332434313225,0.4552966429581492,0.6986691130028394,0.8478543650643248,0.780978583900724,1.1071922841211357,77.1072982015311,75.72138908387917,1.38590911765192,3,33.86364698325076,-0.031968693469769,0.0647563899750935,0.0750480407191057,-0.031256362605472,0.0590449577897881,-0.0070074456438127,0.0195485542573984,-0.0112099899731015,-0.0040184897705828,-0.0168102960903014,102.1173733,0.2451941245706619,0.0024011009747586,0.8309408191153532,1.7154241694087196,0.261527,0.2299162529411765,1.1374880920365478,72.62562290091375,0.061867,0.052859,0.07644,0.045329,0.010336,0.0058565,0.030275,0.018087,0.0057583,-0.0013766,-0.00084863,-0.014096,-0.0017299,-0.0047564,0.034142,-0.0027611,-0.010077,0.006887,0.004298,0.00036115,2.0,701.6874771260748,0.0467444703570732,-0.2977579295772903,-0.8355399455964867,0.0138312658093184,0.1887656486111111,348.42857142857144,0.5497732110422819,0.7869585533300301,1.9729064039408868,0.9104466456066784,0.5554490620070962,4.424287740178082,-1.2156128059013038,16.471792618264654,0.9058260477742682,2,0.0114331032931618,0.0089907656192916,0.9999106350647567,1368.8106175313906,0.0735073956593699,-0.0940429374177237,-1.1652968785135454,0.0361315818542632,0.2522435517833333,542.9285714285714,194.5348,31.0,32.553800524230006,163.3576,31.177199999999996,5.239649487429149,2.147177258798787,0.7683228466391518,0.24413318336873402
400,78,0.6079367989723206,0.999877722399042,7Networks_LH_DorsAttn_Post_1-lh,lh,DorsAttn,-44.205691876883705,-41.47907080056187,-24.02837216130461,0.6479400146988352,0.3809155522768346,0.5539480878669294,0.4973986333137293,0.5063830512093298,0.8793929304512454,50.96842064973968,29.472982009204497,21.495438640535188,2,-1.9733020566142048,-0.0428403955024846,-0.0291220796870493,0.0408653929276606,-0.0299802579046441,0.0619950768057689,0.0136365620516566,-0.0283193273766829,-0.0143380337306759,-0.0204427597003209,0.0416905770492228,98.666871,0.2388161882864318,0.0024204293281601,0.8039857302249476,1.8519757350837576,0.2448875161290322,0.2606595142857142,0.9394919525809322,86.04034296247535,0.054666,0.058029,0.05636,0.069126,0.0090719,-0.00822,0.023678,0.037819,0.02519,-0.021354,-0.0050526,-0.015039,-0.0077499,-0.015487,0.029626,-0.0041084,-0.018328,0.0038031,0.0012348,0.011437,3.0,765.5115820300971,0.0511038338108061,-0.454525601999615,-0.8716092045723047,0.0188074278420377,0.2595336808333333,359.7857142857143,0.1627720799436612,0.78917657286744,1.064039408866995,1.8070035373471185,0.5799978012606577,3.671450538923605,-0.7061123017760619,24.906787580720835,0.8791890336333118,2,0.0063128194335011,0.0082603521710075,0.9998778241953072,1324.700945706447,0.0680634586632117,-0.5176094148838387,-1.1413753877861883,0.1569489404710091,0.3673649194444444,538.5714285714286,95.0026,14.0,24.09748836399692,95.0026,0.0,950026000000.0,4.434373780206435,0.7460668656914057,0.22122131394298683
400,79,0.5968380663260519,0.999920819625104,7Networks_LH_DorsAttn_Post_10-lh,lh,DorsAttn,-27.93978271047577,-56.96442309226698,45.037484685883264,0.7666423061736516,0.2963758909490153,0.6253983664251943,0.6463210372515931,0.5532127470956092,1.936974979114459,87.89576996160606,67.96798408043632,19.92778588116974,2,44.11181773921005,-0.0478216935170839,0.055606774488086,0.0710416473595518,-0.0186739203861334,0.0813384970035264,0.006231345835762,0.0070864373484557,-0.0109718246522183,-0.00048408995706,0.0024645951596116,104.0309705,0.24406183090414,0.0023460497362552,0.8150289222073483,2.0013207236642523,0.29775125,0.2796669024539877,1.0646638814992462,73.00044100598718,0.060101,0.055716,0.077126,0.068608,0.01327,-0.0098905,0.02986,0.027518,0.0074307,-0.010602,-0.0050612,0.0036288,-0.0042222,-0.0060947,0.029901,0.00066278,-0.012167,0.0025863,0.0066832,0.0052461,2.0,701.6874771260748,0.0467444703570732,-0.2977579295772903,-0.8355399455964867,0.0138312658093184,0.1887656486111111,348.42857142857144,0.6260898223491601,0.8407513984914164,3.229064039408867,0.7952989064578784,0.5870516214089804,3.3107743560700142,-0.5275768162607083,18.229309581946264,0.8523934873653709,2,0.0082943466574844,0.0070106833808943,0.99992064955391,1324.700945706447,0.0680634586632117,-0.5176094148838387,-1.1413753877861883,0.1569489404710091,0.3673649194444444,538.5714285714286,103.4767,16.0,18.844438370472325,98.3068,5.1699,19.015222731213075,3.6929753289110243,0.6745603757713179,0.44659619025345804
400,80,0.5972909011143673,0.9999203203374938,7Networks_LH_DorsAttn_Post_11-lh,lh,DorsAttn,-35.27278000163281,-38.49769673009557,44.12522832990632,0.6968078931352477,0.275146740040303,0.478322699835063,0.5186510934773365,0.4849810406694705,1.7125283555227304,76.43143928631669,59.54073704914021,16.890702237176477,2,38.02444601697246,-0.0284970546849041,0.048147213543908,0.0836589436811485,-0.0207258029598995,0.067399758962907,0.0188846438968069,0.0048542482323249,0.0081305167324261,-0.0128066081772202,-0.0013597941469374,109.00799597,0.2553040912938149,0.002342067561391,0.8229052266479036,2.055782475010701,0.3025901594202898,0.2674685844516129,1.1313110282747971,69.104129930544,0.069223,0.057129,0.097854,0.086998,0.0048097,-0.0014786,0.015611,-0.001158,-0.050401,0.044112,0.00072667,0.029891,-0.018539,0.015407,-0.017197,0.0094504,-0.00090399,-0.011863,0.014538,0.0028499,2.0,1760.7370350698786,0.0863428059017025,0.0099728625153853,-1.066363208265953,-0.0495216880898029,0.2628463272222222,692.2857142857143,0.6113288605092525,0.8294084130481307,3.2660098522167487,0.8026727709016803,0.5929757501861254,3.131525515223725,-0.3759300664073158,15.788172394299648,0.882252721730656,2,0.0100617060020112,0.0077668855814275,0.9999200961257672,675.1622883096742,0.0376740843199839,-0.3621176668542132,-0.922869997236556,0.0031681339905991,0.2549479288888889,311.85714285714283,128.9858,20.0,21.25600746515028,128.98579999999998,0.0,1289857999999.9998,2.5738141319116417,0.7019460407977085,0.38051785545385614
400,81,0.5982886028083343,0.9999131288707108,7Networks_LH_DorsAttn_Post_12-lh,lh,DorsAttn,-34.70367788801006,-51.61386739818099,51.68537143632477,0.7623221566454347,0.4276328922251056,0.5563792383159064,0.6989705212085007,0.4514813143402225,1.1800602450868205,90.05740764136686,71.41570166342005,18.641705977946813,2,46.49538308124916,-0.0824408983622409,0.1039579237163389,0.017970738343776,-0.0171332257076916,0.0539883715037669,7.983789964371939e-05,0.0104505368648018,-0.0109737259808004,0.0212075320801426,0.0009746650028652,106.564166,0.2505931329278471,0.0023515703480249,0.8091130573617422,1.7150887470242588,0.2958330892857143,0.28744524,1.0291806856248384,76.27855293835584,0.068846,0.061608,0.092281,0.089243,0.011249,-0.0083359,0.031513,0.016194,-0.014146,0.024772,-0.0039647,0.013675,-0.0030478,0.0028236,0.014773,0.0019743,-0.0042118,-0.011735,0.0081144,0.0066898,2.0,701.6874771260748,0.0467444703570732,-0.2977579295772903,-0.8355399455964867,0.0138312658093184,0.1887656486111111,348.42857142857144,0.5587773560756382,0.8322106827124947,2.830049261083744,0.894446106720347,0.5824334044820436,3.471479892105789,-0.6128437749282046,17.152722861928105,0.8613661673493074,2,0.0101796551280238,0.0082423394934537,0.9999129517693645,1214.2738113328844,0.0647912178784621,-0.1273978720988154,-1.4410969992261882,-0.0300176954400285,0.1276562792777777,497.2857142857143,121.21860000000001,17.0,18.267808126772156,121.21860000000001,0.0,1212186000000.0,3.881437706905319,0.6665882034420358,0.46344867866812517
400,82,0.5966643711287297,0.999914875994354,7Networks_LH_DorsAttn_Post_13-lh,lh,DorsAttn,-15.236237032457543,-69.27501632643431,54.09764610619516,0.7852971423304849,0.6461702471527749,0.7007443806534959,0.7626950557027277,0.6343075765653776,0.0681887225466088,103.01964415185324,83.42565372738648,19.593990424466767,2,53.24109256164738,-0.0182362741744504,-0.0022861495122943,0.0763506267516447,0.0292837976567169,0.0199473291399902,0.0365970578128165,-0.0242326896623284,0.0248944325608198,-0.006418911788181,0.0107282420104257,98.3709845,0.2438955175867121,0.0024793440751471,0.8269709629285308,1.889569800275838,0.2882549517857143,0.2588773060109289,1.1134809617579882,78.54793159641243,0.062578,0.052807,0.10091,0.091015,0.011091,-0.011452,0.0062257,-0.0047722,-0.04956,0.043988,-0.0036508,0.035978,-0.019229,0.016436,-0.025737,0.004112,-0.0024326,-0.017391,0.015644,0.0046296,2.0,420.292226380117,0.0269960321830246,-0.395834017824431,-1.3401627499271531,0.067807136246283,0.2904089397222222,218.07142857142856,0.5670280595039053,0.7614536726343742,5.374384236453202,0.9859929546501004,0.5862965626828192,3.421725994927305,-0.5646225280995293,26.42279980869701,0.7953051175213272,2,0.0089875741518937,0.0079830039841218,0.9999147803819348,864.8373411611382,0.0476856971780824,-0.2672446732858741,-0.7235843513870592,0.0189390569917957,0.2255011944444444,426.07142857142856,148.87239999999997,24.0,28.083195204636766,133.58759999999998,15.2848,8.73989846115919,2.3049730790239273,0.7525077379326586,0.39896918434847567
400,83,0.5987511015075173,0.9999078390088434,7Networks_LH_DorsAttn_Post_14-lh,lh,DorsAttn,-26.62689025998897,-60.30824582261152,58.1833988004712,0.713497236407319,0.4228265760465674,0.6901136069680586,0.6060646740454495,0.5982709254033399,0.966887439704563,99.80415245394876,80.94658472622655,18.857567727722227,2,53.00251302706617,-0.0399111284910641,-0.0288596933815548,0.0489618876883461,0.0063706313508958,0.0476175141757354,0.026104897886259,-0.0361636032914682,-0.0019554697325359,-0.0133269674007706,0.0379825941483337,96.47465461000002,0.2318964459350462,0.002403703302927,0.80462052788405,1.845179948571798,0.2981133829787234,0.2552672915675675,1.1678479488353484,79.08467191357705,0.063684,0.055317,0.10167,0.093755,0.01884,-0.013732,0.014025,0.001633,-0.03394,0.03589,-0.0072818,0.029264,-0.016793,0.010534,-0.010561,0.0023823,-0.0067668,-0.017633,0.014887,0.0060308,2.0,2093.263565567732,0.1541587853233783,-0.8003357134589806,-0.8237388491125905,0.0297673410390737,0.3031392280555555,478.4071428571429,0.4944040267979179,0.753639072903029,3.477832512315271,1.0767784052777527,0.5771402940010606,3.724562673582801,-0.7334670531716307,22.580988577005986,0.8219427372136826,2,0.0079539321027986,0.0084941781914878,0.9999076163581126,911.3115725273228,0.0524027386083993,-0.3928774250416242,-1.2203125683620808,0.1407730748875328,0.3066837308333333,373.5,154.1823,24.0,27.13670684942056,143.632,10.5503,13.614020454265622,2.583150896939702,0.7407583558473301,0.3982104301207078
400,84,0.5978211364290742,0.9999117102270276,7Networks_LH_DorsAttn_Post_15-lh,lh,DorsAttn,-9.955279937660416,-57.18201072912648,61.73898947549618,0.6485834240222712,0.4796361660317659,0.3595775503095295,0.4751594792259378,0.4371443986706044,0.3292479005505546,101.2255904443751,84.53136940128448,16.69422104309062,2,54.19799690403565,-0.0436290996144738,-0.0724015722834717,0.0084983468821432,-0.0070771432747149,0.0169053158259785,0.0200657193950282,-0.0377023885982176,0.0102856679668889,-0.0022137565958942,0.0200671037561137,87.680025,0.2219017969738112,0.0025308135686954,0.8032138368786075,1.498340983140581,0.2488141355932203,0.2376701329479768,1.046888527398577,76.11517258976302,0.060812,0.049449,0.098228,0.080528,0.012465,-0.0068335,0.004428,-0.0055376,-0.03959,0.038145,-0.0034518,0.036468,-0.019749,0.015974,-0.017129,0.0065903,-0.0080136,-0.010893,0.013761,-8.6627e-05,3.0,1202.3426392764345,0.0609223219860709,-0.5762260765414171,-1.0417602258403995,0.1564404233853537,0.3643454054444444,524.0714285714286,0.5381940746422221,0.814775389108723,4.3817733990147785,1.0430437887173656,0.5653702886722822,3.911588026027328,-0.9741994105107328,20.77600530141381,0.8428109222860825,2,0.0102745038439238,0.0082545219069395,0.999911448058024,933.801154184099,0.0510573316690717,-0.5391750756036011,-0.8088760590991413,0.0111912809476316,0.2915728916666666,402.9285714285714,136.88414999999998,26.0,25.287387313429193,131.28105,5.6031,23.430074422669055,1.9095436067312874,0.7491598949538009,0.3696154741071191
400,85,0.5985149394644341,0.9999096678362778,7Networks_LH_DorsAttn_Post_16-lh,lh,DorsAttn,-20.9414129970836,-53.92451153709775,63.16374481616377,0.7367034494053223,0.5309785844090636,0.4466554573807445,0.4607998677827353,0.5553327136980168,0.4748407177855591,99.71922139606518,82.76644651244733,16.95277488361785,2,54.07560035082759,-0.0507500598834795,0.0212559229948856,0.0399438552700227,0.0444247057045299,0.0203469500225911,0.0065162879450434,-0.001604272685829,-0.0048811778208803,0.0078845508886838,-0.0070557074799037,102.08623145,0.246098414028177,0.0024106915353072,0.8241119196627493,1.5413088826821548,0.2764182160714285,0.2670760576086957,1.0349793929223057,78.1378987400559,-0.046922,-0.055002,0.025336,0.024205,0.012232,-0.011882,-0.056195,-0.052527,0.012846,-0.025389,0.017916,-0.0092128,0.00070747,-0.0043437,0.018548,0.011332,-0.0049137,-0.0025128,6.5313e-05,0.0099448,4.0,592.4446753354557,0.0374391549231844,-0.5109045231767496,-1.0588525306762735,0.0202529965019173,0.3156525594444444,248.1428571428572,0.5078685413417974,0.761618712775298,4.172413793103448,1.0936976086132,0.5662188634128819,4.018912768975802,-0.9438370825793544,20.67079627967934,0.8285740860954627,2,0.0089460514000921,0.0082677077779968,0.9999093634700028,989.9481108736064,0.0498381322411019,-0.2320654728514972,-0.9965985697445284,0.0144324751175562,0.160794861375,432.2142857142857,131.4872,21.0,31.406897519932155,112.91920000000002,18.567999999999998,6.081387333013351,2.0803275682333333,0.6034254322283006,0.4606121356299321
400,86,0.5999842005478522,0.9999004660514073,7Networks_LH_DorsAttn_Post_17-lh,lh,DorsAttn,-15.386701867096406,-50.276124586138806,70.73036589658349,0.7052368425458782,0.4281333357976625,0.3707527790698474,0.4733209027763635,0.473682228059041,0.8965211452967758,104.22433134554672,88.9946765325179,15.22965481302883,2,57.52105691379174,0.0052391606143946,0.0283233123059779,0.094373712739282,-0.0280219649963033,0.0385643443927677,0.0115035432790179,0.0090337686139405,0.0131087507524736,-0.0297679089421056,-0.0153102111750176,87.080487,0.2209464086702001,0.0025372665712118,0.8317421737505855,1.8861462940039144,0.2330906808510638,0.1995171897435897,1.168273676237089,76.47999938504559,-0.073336,-0.062095,0.025405,0.026345,0.0019537,-0.0080177,-0.052053,-0.051359,0.014466,-0.02087,0.018344,-0.0079518,0.0027627,-0.00022985,0.015286,0.01405,-0.0039007,-0.0045046,0.010184,0.022211,3.0,1171.2325966927133,0.0617306770241311,0.0762033025652551,-1.158942707986507,0.0023318298474679,0.2877683802777777,567.2857142857143,0.4189784211546417,0.75038869734836,4.586206896551724,1.369412408484698,0.566847537197502,3.975473937934483,-0.9799425721876504,21.41848463020212,0.8478269676476131,2,0.0110720630815575,0.0075178024277749,0.9999000864999606,1058.6014967346723,0.055014958375989,0.0183361289294165,-1.169161915802359,0.0298662252743815,0.1387818177777778,461.7857142857143,125.43907,23.0,27.62506359557421,112.88806999999998,12.550999999999998,8.99434865740583,2.4613616263085185,0.674774591526503,0.30479419211255315
400,87,0.6066653061509476,0.9998780985409264,7Networks_LH_DorsAttn_Post_2-lh,lh,DorsAttn,-47.15596871878233,-54.06269714307735,-15.919451797095528,,,,,,,63.312149249047664,39.27569956863573,24.03644968041193,2,6.66713806466589,-0.0315935484009331,0.015100488243748,0.0744498402554644,0.0173043135235554,0.0507508929052561,0.016751190952335,-0.0081884432040155,-0.0024752683003144,-0.0119942582591169,0.0016517739467442,81.908834823,0.2191847430562284,0.0026759597243643,0.8180268106063904,1.9134108480539511,0.1727870571428571,0.2196661232365145,0.786589459122736,87.96339397977653,-0.03408,-0.037834,0.024428,0.028851,0.016708,-0.013646,-0.061504,-0.033913,0.0095644,-0.017886,0.014047,-0.018771,0.0035201,-0.0045227,0.010897,0.0054073,-0.0053263,-0.0013924,-0.011664,0.010378,4.0,1171.2325966927133,0.0617306770241311,0.0762033025652551,-1.158942707986507,0.0023318298474679,0.2877683802777777,567.2857142857143,0.1927381009619185,0.762385672368908,1.1330049261083743,1.7582836141798022,0.5622854884090587,4.281165953893316,-1.014394518949791,23.522924967341496,0.8740155199539131,2,0.0072031766656171,0.0052272460843435,0.9998781652078887,1058.6014967346723,0.055014958375989,0.0183361289294165,-1.169161915802359,0.0298662252743815,0.1387818177777778,461.7857142857143,154.7815,22.0,36.53229651952658,122.77649999999998,32.004999999999995,3.836166224015509,3.0370054844285055,0.7692978854133821,0.1657691649195802
400,88,0.6070103609917301,0.9998721442880288,7Networks_LH_DorsAttn_Post_3-lh,lh,DorsAttn,-53.2125022771322,-62.25397700136548,-3.8142905067428297,0.6273495025378845,0.4782221390657284,0.3815591919109676,0.3534129387153976,0.4123365486364813,0.2327490372572418,74.59922332520988,49.88060428076549,24.718619044444388,2,16.387618796363945,0.0023135617239196,0.0129409594235108,0.0907195233523645,0.0041268426011094,0.02283433350578,0.0278696554091637,-0.0121464502823056,0.0241357665994092,-0.0192276046764879,-0.0077514020290446,87.2741652,0.2286530729163584,0.0026199399603778,0.8324941091246671,1.8791775389754808,0.2115887714285714,0.223101376371308,0.9483974271032022,87.55253152546872,-0.073307,-0.064712,0.031642,0.030535,0.0033644,-0.01496,-0.065847,-0.071671,0.011062,-0.031027,0.018475,-0.0049517,0.010999,-0.00081849,0.014206,0.012205,-0.0027258,-0.0014984,0.0076547,0.007395,3.0,1236.468167357692,0.0602217115789238,0.0882410079971069,-1.1287861424789327,-0.1187835106236504,0.2609894555555555,507.1428571428572,0.145091336526032,0.7540455483265689,1.3571428571428572,2.1580558535319736,0.5605683442967901,4.292275828041983,-1.0766696190104,16.398848518500596,0.8899968520206519,2,0.0067015677485892,0.0072362222514726,0.9998721413981464,1058.6014967346723,0.055014958375989,0.0183361289294165,-1.169161915802359,0.0298662252743815,0.1387818177777778,461.7857142857143,160.7978,24.0,37.80180185112752,131.74910000000003,29.0487,4.535455975639064,2.270799685396572,0.776226784295929,0.15200767672194523
400,89,0.6029250898619363,0.999883122435254,7Networks_LH_DorsAttn_Post_4-lh,lh,DorsAttn,-46.47895984177876,-67.84704178719133,11.128987582749277,0.7249359333412663,0.5705565121587223,0.5278030485179555,0.4850571586898088,0.5371922181526695,0.1951440891070959,81.3001525589085,56.26509958422073,25.035052974687765,2,27.031505085806963,0.0029843866172074,0.0130084995537254,0.1017971705117757,-0.0118096518529523,0.036824428182912,-0.0093300092624407,-0.0003544312608916,-0.0060915437281106,-0.0361934842291567,-0.0216767837014906,89.099184,0.2347734594628119,0.0026349675600008,0.8259893494151092,1.8686357523563304,0.2094656382978723,0.2285652856481481,0.916436796656333,83.65328762864789,-0.07279,-0.076172,0.0066713,0.0096496,0.0040933,-0.0082596,-0.015467,-0.021716,0.013815,-0.016105,0.016142,-0.010711,-0.012206,0.0031424,0.0094337,0.014155,0.0030306,-0.0011712,0.0069046,0.015602,4.0,717.4782567359717,0.0402861907332012,0.1434005035230426,-1.0875537718985604,0.0049763396577316,0.3081354647222222,345.6428571428572,0.2702445859684711,0.776804159617398,2.8201970443349755,1.7188548327869364,0.5605494668628457,4.210680138003276,-1.1047278146044657,14.142990494105414,0.8752866836043965,2,0.006870918005284,0.0078426895547555,0.9998829605300916,1088.009342280152,0.0636049516895009,0.3958009180388797,-1.118767280832885,-0.1064583962120179,0.3433190397222222,469.9285714285714,147.2731,22.0,28.737763002545353,126.90360000000003,20.3695,6.230079285175239,2.6466592816639616,0.7354035370242387,0.1461808028757458
400,90,0.5937823050499538,0.9999324530820046,7Networks_LH_DorsAttn_Post_5-lh,lh,DorsAttn,-26.4475365004726,-69.29530358625301,27.30186345190976,0.8246510458892392,0.662390061031899,0.4048580056047847,0.5942626575641831,0.7111742129185739,0.1708145931921205,86.28001472496112,63.06404339535148,23.215971329609644,2,37.16970914702176,-0.0179749558641687,0.0329426171246599,0.0914254639108991,-0.0186731115996625,0.0628821110958561,-0.0021551529110571,0.0081491482259024,-0.0106670447784076,-0.0239210281193794,-0.0140194086264145,100.4267249,0.2470303258223113,0.00245980665075,0.8247933190020258,1.7994241520658636,0.25421695,0.2767857588235294,0.9184610905875228,76.56578716036393,-0.065813,-0.072095,0.021834,0.017008,0.0054681,-0.0093809,-0.026943,-0.032633,0.019094,-0.020325,0.012307,-0.011787,-0.011633,0.00039508,0.014667,0.014663,-0.0061949,-0.0020439,0.011251,0.017012,4.0,1716.5899840478314,0.0815544166800246,-0.3570320865223477,-0.960121666327177,-0.0330001880196781,0.3123407577777777,634.9285714285714,0.7694205563631606,0.8072636238086284,5.054187192118227,0.6074557501281872,0.5584483175192005,4.29336746839005,-1.1616103642584308,23.854188193415265,0.8122250104385493,2,0.0095549451200207,0.0070020803346526,0.9999323186686624,940.6159683951788,0.0514926352655158,-0.0883970261125335,-0.7235620490969232,0.0731567054028737,0.2507897304166666,543.2142857142857,65.023,10.0,16.338490523092247,65.023,0.0,650229999999.9999,4.503751162225836,0.6963413090086418,0.18123587038432554
400,91,0.6013740340894304,0.999893354484632,7Networks_LH_DorsAttn_Post_6-lh,lh,DorsAttn,-50.50214662977085,-33.157821261654995,40.64988930574648,0.6013720105718575,0.3751750098706388,0.5652258251773442,0.5321906996848804,0.4282174435358944,0.6825553395024322,75.05255198189047,58.749346440694346,16.303205541196128,2,34.33727996194438,-0.0463081032917504,-0.0809319966100522,0.02746370848357,0.0700515478566584,-0.0105036002766021,0.014836083913321,0.0077635526261839,-0.0195104498723685,0.001316107716402,0.009890897120044,109.3310013,0.2575771290364943,0.0023559386264969,0.8099525216309984,1.427318850247721,0.246766216981132,0.2919171037837837,0.8453297655329339,77.49761498320808,0.026394,0.029099,-0.022158,-0.010522,0.0059156,-0.0043573,0.0078396,0.022016,0.024618,-0.020843,0.015879,-0.034001,-0.026057,0.01029,0.02293,-0.012933,0.00011183,-0.015935,0.014788,-0.0058751,3.0,1508.6749977675406,0.0747159783893169,-0.2570337767774702,-1.2305666261770247,0.1396095424695746,0.3320417588888888,579.6428571428571,0.3724498201150071,0.8476161519923544,2.061576354679803,1.3373727919530976,0.5869328510673797,3.3712536784235385,-0.546965112891892,17.769347897008707,0.8951978469887227,2,0.007194669584211,0.0085868439301824,0.999893282979293,729.106411986618,0.0383018529290399,-0.5418415557924444,-0.9618805491322608,0.1563468124105473,0.3443807469444444,364.2142857142857,118.8374,18.0,20.4877327914383,118.83739999999999,0.0,1188373999999.9998,3.191610330234188,0.7329286551100603,0.28975810645470196
400,92,0.5956928164695763,0.999921699722872,7Networks_LH_DorsAttn_Post_7-lh,lh,DorsAttn,-23.56977437251323,-64.05671753754487,42.030502046121136,0.598207584031261,0.386566272045626,0.5190043250880807,0.3824982952021443,0.4201597067737773,0.6031475856438382,90.76255929332932,69.85639849469305,20.90616079863628,2,44.43531648893614,-0.0050183674013551,-0.0390757644197414,0.0364824364536844,0.0787791687844031,-0.0076290633320341,-0.0164363678682024,-0.0013708701528327,0.0106710205838493,0.0077978469924675,-0.0083966255981029,97.3929389,0.2448220411239269,0.0025137555544458,0.8342887985142917,1.2674463082912282,0.2511845714285714,0.2724484208588957,0.9219527518071672,75.23510204444302,0.030878,0.031923,-0.0043727,0.012224,0.0208,-0.015052,0.024296,0.016275,0.02651,-0.01078,0.021731,-0.037841,-0.0080485,-0.016278,0.032097,-0.013173,0.0036676,-0.01713,0.013259,-0.0093366,3.0,626.6195726985305,0.0377602988529566,0.3218872633972881,-0.6909705061365621,0.0088636204519026,0.2766393755555555,345.7857142857143,0.63956045822624,0.8381257628702867,4.426108374384237,0.7919692610978857,0.5691044162284092,4.021112848423252,-0.9620566361317388,20.241228627060224,0.8331731017906381,2,0.0080873810793255,0.0070087670301013,0.9999215240827574,797.3380267420392,0.0460243450463726,-0.063383321071025,-0.9484857798112049,0.0112073566688046,0.1851686694444444,378.6428571428572,98.07999999999998,14.0,19.91645589423529,92.38570000000001,5.6943,16.224241785360377,4.598828528260287,0.7626452404311226,0.3173287112561175
400,93,0.5957854712144879,0.9999245915420428,7Networks_LH_DorsAttn_Post_8-lh,lh,DorsAttn,-41.80453570444181,-31.00647144860758,38.730709529601945,0.70555836804651,0.4769974907021374,0.4165154706876939,0.7439309806277755,0.4796349456169824,0.6242285813079922,69.54168592637626,53.715105037047714,15.826580889328548,2,32.54036715234344,-0.0322546270819761,-0.0422880711061064,0.0672986635632616,0.0336407858562638,0.0302489413365205,0.0189529220868809,-0.0173207079041949,-0.0223560281304883,-0.0215946088767814,0.0206310909176638,97.40224043,0.2516842605571014,0.0025839678784157,0.8086733538458598,1.8620617578745275,0.2576115079365079,0.2519548583125,1.0224510436498384,70.90410140867188,0.018589,0.025922,-0.0073335,-0.011012,0.032382,-0.0284,0.0092685,0.033225,0.05373,-0.035994,-0.0021606,-0.003037,-0.028626,-0.00078438,0.0037104,0.0092661,-0.010055,-0.00065797,0.0069092,-0.0082541,2.0,1078.509827905564,0.05847441071988,-0.0716399087428191,-1.1852826975619537,0.0722253358738517,0.1636762742111111,435.6428571428572,0.672029461098578,0.8217808238672256,3.167487684729064,0.6970303196816282,0.5854358042620108,3.440691640528289,-0.557496054077031,17.612073639723192,0.8989806909719459,2,0.0097717552785686,0.0076025360625812,0.9999244359060152,760.6434878151232,0.0430800018018895,-0.6681187337515383,-0.7684311660845342,0.0192387093983919,0.2946796333333333,364.2142857142857,86.83380000000001,14.0,22.72255301940074,84.2985,2.5353,33.249911251794664,3.4547328770957364,0.5909408052731664,0.352190045811654
400,94,0.5957343367011549,0.9999226054219804,7Networks_LH_DorsAttn_Post_9-lh,lh,DorsAttn,-33.93362460633502,-47.70593910757332,38.35676895789658,0.5906234708134402,0.4724935794104051,0.5571518929307291,0.5324484294150985,0.4295322500548025,0.0842451470247664,77.40801601006669,57.78088907831413,19.62712693175256,2,37.325843107009945,-0.0078444809160313,-0.0189383951320917,0.0908191910903134,0.0597058683513632,-0.0017729469778139,0.013675735566311,-0.0276007830540086,0.0102344146429019,-0.002384361458346,-0.0135809273390762,88.55729088000001,0.2487357845639235,0.0028087555761015,0.8302377658901536,1.955104689706869,0.2435055833333333,0.2463243797468354,0.9885565670955718,71.04196417977016,0.022086,-0.0056102,-0.0033845,0.015339,0.022361,-0.017434,0.0098667,-0.010239,0.025921,-0.017497,0.0098626,-0.02064,-0.015525,-0.013225,0.027321,-0.0088867,-0.0016331,5.1939e-05,0.0039405,-0.008594,2.0,1078.509827905564,0.05847441071988,-0.0716399087428191,-1.1852826975619537,0.0722253358738517,0.1636762742111111,435.6428571428572,0.6662368442211665,0.7851151184566092,2.657635467980296,0.6882703175644929,0.5854428135059105,3.4150383084369302,-0.5754579305451554,15.108237869613909,0.885663663367521,2,0.0087940845534055,0.0077656336802843,0.9999224014439004,592.4446753354557,0.0374391549231844,-0.5109045231767496,-1.0588525306762735,0.0202529965019173,0.3156525594444444,248.1428571428572,106.03689999999999,17.0,20.270144100914806,106.0369,0.0,1060369000000.0,3.335282168125037,0.6675768750749658,0.47894176461213034
400,95,0.6012091402566301,0.999897678552472,7Networks_LH_DorsAttn_PrCv_1-lh,lh,DorsAttn,-47.97324231275872,6.2063375440996085,24.471581162030425,0.5524262517725602,0.4415717140886181,0.4237864756292951,0.4397690619487214,0.363201604318495,0.0697096626275278,49.83284507228864,49.15158968352939,0.6812553887592472,3,12.821047433988372,0.0164955189650976,-0.0062183831193563,0.0215399034312422,0.0476586407046966,0.0276744911918127,-0.0370671656758467,0.0195433544633115,0.0373678060946041,-0.0077171311522258,-0.000339397296375,108.128986,0.2605285103801359,0.0024094234119599,0.8363278812094678,1.2525295017839455,0.264059,0.2537055279187817,1.040809012172773,75.95180066387441,0.039088,0.043254,-0.035831,-0.030431,-0.021881,0.018696,0.0089461,-0.00024014,0.0044059,0.0038358,0.037409,-0.021954,-0.010715,-0.015173,0.024875,-0.0070378,-0.0098889,-0.01123,0.0094712,-0.00051114,2.0,946.1881889396468,0.0537810641686044,0.0265768889151569,-1.0709269614033323,0.012968781698743,0.15149988175,405.7142857142857,0.417765342530048,0.7621060554988017,1.4975369458128078,1.105876733665924,0.5790547288769003,3.726771277651236,-0.756543835665137,19.06345286856419,0.9059415525535331,2,0.0065097397703475,0.0080179145789287,0.9998977606699168,795.2558498160619,0.0448334564108728,0.0871957276742219,-0.9262492363088346,0.0155803135438202,0.2019630775,391.6428571428572,159.0889,27.0,29.915979798233597,137.34459999999999,21.7443,6.316349572042713,2.2255147001111917,0.7857260397276136,0.17723989542953658
400,96,0.6006828405060587,0.9998991785725052,7Networks_LH_DorsAttn_PrCv_2-lh,lh,DorsAttn,-49.70606513484832,0.9781463359288248,36.64115305562173,0.1398905777521765,0.7476755442303705,0.5346431510380815,0.4134853920718541,0.2701930068318299,-3.6747090987103226,61.3385136115263,57.2468135175255,4.0917000940008,3,21.69124793259439,-0.0331695016717198,-0.0650797030986267,-0.0104706374879016,0.0428618701124797,-0.0065994788220659,-0.0138358017054362,0.0447098792192478,0.0074828396574974,-0.0041429843582409,0.009095604059522,62.990319,0.181907783362575,0.0028878689019226,0.822838624648917,1.134926688740859,0.1451545227272727,0.1472144322916666,0.98600742039399,76.86850387522625,-0.0068637,-0.015123,-0.055332,-0.039311,0.05526,-0.03784,0.016778,0.00849,-0.0090979,0.0079626,0.018228,-0.012353,-0.016747,0.032306,-0.0069206,0.020073,0.0090326,0.002557,-0.0052993,0.001792,1.0,1063.762304276665,0.0578842656891978,0.255770577864548,-1.3042659152686331,-0.1242106584446908,0.327150015,471.8571428571428,0.4267184052363292,0.8033254044766094,1.9630541871921183,1.1510915061062184,0.5766274082338214,3.6858761160512015,-0.8080020770001712,16.68417095971636,0.8957047936270475,2,0.0082925186176248,0.0080938772780515,0.9998992398607622,1535.8937665809517,0.0837589672601734,-0.567869476277222,-1.212867064277276,0.1558548092875844,0.3514416056388888,567.2857142857143,133.0822,23.0,31.889418357945882,109.8372,23.244999999999997,4.725196816499355,2.536511319658571,0.7567568856712209,0.19235104318984808
400,97,0.6048307193944775,0.9999060914531616,7Networks_LH_Limbic_OFC_1-lh,lh,Limbic,-13.292980548075713,21.18468537236926,-21.08755740952804,0.0992113990057018,0.7553540076999716,0.5201075153734595,0.4398214448988156,0.4246056491507218,-3.917797447951939,19.510474362266063,44.66607694942319,-25.15560258715713,4,-19.0079400574276,-0.0379131433414706,-0.0575799887544306,0.0334151162918622,0.0754686750448727,-0.0231854190872357,0.0144493922133376,0.0013990673105237,-0.0157917858329861,0.0087611705571914,-0.0067777873784076,83.8819501,0.2189192379811154,0.0026098491716021,0.8242859830348381,1.665513462270516,0.2999354814814814,0.1862857013392857,1.610083217145018,78.60231744655691,0.0039101,0.014294,-0.054837,-0.050802,0.044961,-0.025756,0.0044487,-0.0026778,-0.025629,0.017929,-0.012608,0.014636,-0.0094426,-0.017438,0.016468,-0.00525,-0.00034451,0.0017125,-0.010819,0.0063447,1.0,1026.7668912118704,0.0544238118681024,-0.8318304896516567,-0.7092315780505078,0.1499754812222474,0.3532986533333334,465.7857142857143,0.4682827399601046,0.7210707479410378,1.022167487684729,0.6252774332258724,0.5809629667084331,3.554763458924685,-0.6901409739625105,44.77181560201171,0.907589782898044,3,0.0142684626191583,0.0143721883886205,0.9999058531080228,773.3302586145771,0.0429707496914934,-0.436943820474833,-1.2067876197347691,0.1588364982113875,0.3388505361111111,313.7857142857143,192.64985,36.0,34.75575862289027,165.21985,27.43,6.023326649631706,2.523627246901646,0.6702685058226501,0.35832989228904155
400,98,0.6032746595903655,0.9999070249960712,7Networks_LH_Limbic_OFC_2-lh,lh,Limbic,-23.89638536037197,21.985710938771565,-20.290748986126232,0.4885348981279513,0.6490623613729942,0.4414430106193009,0.427705117556628,0.4647443014712555,-1.4074386544532551,18.229909663120072,42.99274467739417,-24.7628350142741,4,-18.770162673307208,0.0249453751193918,-0.0077391644510323,0.0486317806815268,0.0292162340875312,-0.0214025586007203,-0.0288062660811425,-0.015277457195781,0.0039367806435369,0.0016655965267182,-0.0223720910497609,70.5935102,0.1955480046359097,0.0027700563986919,0.8411383739800805,1.5109341587935854,0.2100259666666667,0.1642971351464435,1.278330059447662,82.39030509622351,-0.020317,-0.0082258,-0.03913,-0.036548,0.031455,-0.032929,0.010317,0.011183,-0.0098266,0.0079536,0.009189,-0.012562,-0.031662,0.046492,0.0096818,-0.0039951,0.01804,0.013922,-0.023111,0.017964,1.0,1182.8763136242662,0.0589416458359958,-0.1486468586367004,-1.0293079615946257,0.1443733793963554,0.3080765138888889,512.8571428571429,0.4446255111210655,0.6832525901503798,1.0,0.6556641617684307,0.5733654099703415,3.7290630753362257,-0.8550971314875558,42.452526825449446,0.9067378237847454,3,0.0070036464173448,0.0183109847361615,0.9999068506965624,1574.778116293072,0.0757947837639813,-0.205887805753334,-1.0777703934378835,-0.0363769508318988,0.2851297011111111,584.7142857142857,189.85220999999999,35.0,36.29707046667074,153.48309999999998,36.36911,4.220150011907852,2.1965619944698584,0.7108127960486965,0.3667189336379071
400,99,0.6053453087715089,0.9999082090423086,7Networks_LH_Limbic_OFC_3-lh,lh,Limbic,-10.873434260217609,43.48105623411096,-23.46935508130253,0.243664404771429,0.6048992411573424,0.3761226421707198,0.4079093369186499,0.4063285922513995,-2.3641376008325645,41.38197810071554,66.74361288257062,-25.36163478185508,4,-27.125929919014805,-0.0331056395486818,-0.0658312264425294,0.0330274740548338,0.0712929736736155,-0.020189529230513,0.0125682782670779,0.0058678485430144,-0.0143496174245073,0.0068667736887388,-0.0028731479999682,78.69902809999999,0.2088610472980933,0.0026539215583759,0.8234413112327144,1.6398514457806774,0.2897836,0.176641684751773,1.6405165079984871,90.25176614829418,-0.0022834,0.0015708,-0.056136,-0.050861,0.050998,-0.037386,0.014873,0.012863,-0.011676,0.015999,0.014711,-0.011559,-0.02971,0.04283,0.0022659,0.0019317,0.024112,0.0098888,-0.013463,0.0052143,3.0,913.5044365275712,0.0482816248759309,0.1303287164861588,-1.1320868242833662,-0.1254017410306852,0.3161443230555555,414.8571428571428,0.4489782551745552,0.5949159659467361,1.0369458128078817,0.5659513662340888,0.5771133997005378,3.635970690751924,-0.7303745740767336,48.11469667163085,0.914339265374776,3,0.0113712866234999,0.0144460620949519,0.999908172082715,645.0199445667465,0.0368956701590991,0.0659139072836542,-0.8314460573161053,0.008852058751525,0.2824020355555555,359.7142857142857,192.3087,33.0,35.3145946710144,165.3336,26.9751,6.129119076458923,2.790488995161581,0.6568163133749916,0.36897862655199687
400,100,0.6050719755844943,0.9999029953738038,7Networks_LH_Limbic_OFC_4-lh,lh,Limbic,-3.754660211937337,20.102923882762088,-18.793292442756364,0.2858622022441126,0.7255103485134123,0.3229198280289813,0.3317599530681968,0.3230511616762285,-2.832618234345923,24.348016232449545,47.35218925876643,-23.004173026316884,4,-17.306852630482446,-0.0097629424784997,-0.0355838685784237,0.0680116730343323,0.0769823666681476,-0.0247229054001677,0.0075581054320459,-0.0263395761405892,-0.0115479661805367,0.014608705842819,-0.025963404910837,76.52054247999999,0.2217153839908948,0.0028974622605237,0.8333877331355468,2.0220956335635023,0.2876445833333333,0.1692539289400921,1.6994854120355298,75.70268932717518,-0.03204,-0.015761,-0.037793,-0.04022,0.030196,-0.024344,0.021025,0.020441,-0.00081496,0.013043,0.01752,-0.015246,-0.034389,0.051808,-0.0011379,-0.007479,0.027487,0.013788,-0.015085,0.011356,2.0,1182.8763136242662,0.0589416458359958,-0.1486468586367004,-1.0293079615946257,0.1443733793963554,0.3080765138888889,512.8571428571429,0.3996077300440345,0.7279213277278532,1.0123152709359606,0.7526816104522888,0.5824312951590727,3.550649674524044,-0.6246155171695384,47.06727870155613,0.9075922520203552,3,0.0079073413481082,0.0174264959744552,0.999902903278278,828.773911000796,0.0512730344718568,-0.1686290553859718,-0.4654818845647015,0.0160134535416034,0.2091320349999999,506.9285714285714,114.90471000000001,21.0,31.206173920346647,99.5255,15.379209999999999,6.471431237323169,3.34980378446654,0.6354400823434228,0.41500300553388975
400,101,0.6076203651618816,0.9998886777948756,7Networks_LH_Limbic_OFC_5-lh,lh,Limbic,-16.13442856102314,62.18571597164117,-7.906560958747399,0.3814039304313416,0.7833157302821112,0.6168263755367513,0.7046660457780256,0.6411328708585264,-2.6867505699193885,59.34526083115418,83.13867895588183,-23.79341812472765,4,-23.39965136674079,-0.025578492350155,-0.0566180049060394,0.0415430801131469,0.0781058555303202,-0.0248804813520217,0.0151418327055553,-0.0125292836606682,-0.0237577608714239,0.0153055309449531,-0.0136216466633868,63.059682675000005,0.1966060221344692,0.0031177769026754,0.8154671333366802,2.07656080483973,0.22920075,0.140944129620462,1.626181597307951,95.365156358408,-0.0056022,-0.010453,-0.04845,-0.034028,0.04004,-0.030256,0.015584,0.010898,-0.00072471,0.0059748,0.025771,-0.022969,-0.038257,0.048379,0.0024432,0.0050568,0.029932,0.0022825,-0.0048354,0.0011569,2.0,1620.5950128133666,0.0798705625429614,-0.0758807835785908,-1.142023016988642,0.0874445778284735,0.2524346452777778,647.9285714285714,0.2792584149712133,0.6822750062517124,1.0,1.1813297426299492,0.5796198830444235,3.68710961694003,-0.7091577661743397,45.184006910102696,0.8841401894433324,3,0.0090938340644164,0.0114503490101427,0.9998886690271488,1026.7668912118704,0.0544238118681024,-0.8318304896516567,-0.7092315780505078,0.1499754812222474,0.3532986533333334,465.7857142857143,233.142,37.0,37.418715686042695,195.89929999999998,37.242700000000006,5.260072443713102,2.62307559456579,0.5709472465633947,0.21878854946770637
400,102,0.6089410936686688,0.9998860745251548,7Networks_LH_Limbic_TempPole_1-lh,lh,Limbic,-39.70239196528656,-7.127084286019371,-41.0033975718879,0.3683221759512667,0.7745790303906733,0.4845308452485732,0.4889429341225722,0.3828562443043024,-2.702116588977021,31.08605774058781,33.820925584635404,-2.734867844047592,4,-22.46391325732693,-0.0005976960552983,-0.0295769769149331,0.0615170412232012,0.0696266662204198,-0.0231692534367673,-0.0030463919034044,-0.0261376115603266,-0.0055894811428583,0.0127025200619304,-0.025017558083178,73.03915859,0.2060990516885305,0.0028217610343127,0.8411459280917316,1.8551226055181749,0.2653903157894736,0.1773000511705685,1.4968428598166337,90.24758861464416,-0.02932,-0.038674,-0.036978,-0.0057888,0.036289,-0.029485,0.011946,-0.010686,-0.0042959,-0.0066287,0.018467,-0.016764,-0.034206,0.0076648,0.005838,0.017332,0.021012,0.007304,-0.018583,0.01557,2.0,940.085433469864,0.0533735106057833,0.0333606189220074,-1.44367352133063,-0.0137609323741826,0.1944043547222222,418.4285714285714,0.2812181517041456,0.725918119837989,1.0566502463054188,1.123309356328523,0.5639265092818737,4.08574588692434,-1.0467383292991703,36.12300184247181,0.8684909148633522,3,0.01353139267935,0.0113511506521441,0.9998861382576446,828.773911000796,0.0512730344718568,-0.1686290553859718,-0.4654818845647015,0.0160134535416034,0.2091320349999999,506.9285714285714,203.58530000000002,32.0,53.18856914001035,98.70649999999998,104.87880000000001,0.9411482587511094,2.3244302908790684,0.6773909500645341,0.2600114055386121
400,103,0.6065403492374964,0.9998952750073636,7Networks_LH_Limbic_TempPole_2-lh,lh,Limbic,-26.86821711989882,4.227945093631065,-38.74394536141904,0.5101245928975207,0.6258218274542363,0.5406554580108349,0.5420420950546709,0.4167170722262185,-1.1710063128372572,21.308748580095568,36.10419462392505,-14.795446043829486,4,-24.51475074494074,-0.0463946860640993,-0.0894084321151675,0.0193996071316148,0.0670002554978571,-0.020390603996107,0.0122397832429907,0.010404010310865,-0.0368254081062859,0.0054741883619931,-0.0022615183895226,92.19200465,0.2320935842006356,0.0025175023049071,0.800683269751057,1.7080038527317425,0.373561875,0.2160423521505376,1.7291140885505256,86.04121870185328,-0.005506,-0.0030806,-0.047011,-0.045651,0.051371,-0.045434,0.0095843,0.0098415,0.0078562,0.002687,0.027996,-0.006449,-0.035588,0.027026,-0.0042129,0.029972,0.023948,0.0039892,-0.0045727,0.0028675,3.0,940.085433469864,0.0533735106057833,0.0333606189220074,-1.44367352133063,-0.0137609323741826,0.1944043547222222,418.4285714285714,0.3608218107344943,0.7144025842611159,1.0763546798029555,0.8441778222970958,0.5611064248504141,4.308347636996131,-1.097133032203292,44.66041595378007,0.9037521465444778,3,0.0103205323367793,0.0111384200110652,0.9998952560550342,1026.4416766458558,0.0589182125871064,0.8180983888849023,-0.690237988594975,-0.0843180217803812,0.297272575,498.4285714285714,108.4041,19.0,48.24370793095174,70.49199999999999,37.9121,1.8593536100562629,3.241244520102337,0.5480343657000654,0.48331474547549397
400,104,0.6079697180860921,0.9998931354294012,7Networks_LH_Limbic_TempPole_3-lh,lh,Limbic,-26.731302960713705,-10.89095298608144,-33.499243920644126,0.5631300932158824,0.4116191538331368,0.2384016761637261,0.1817361781853726,0.3437981774095687,0.2902271019106346,22.008004694914305,23.3837939359426,-1.375789241028297,4,-16.832260456562043,0.0026043381724216,-0.022433558544331,0.0678738229827248,0.0502650439785727,-0.0017555522109739,-0.0136414748867794,-0.0160261970477783,-0.0057356418618416,-0.0115044213347819,-0.0245356907446201,77.6076303,0.216327543691797,0.0027874519922239,0.8343488687887469,1.7207799901842704,0.2502091363636363,0.183196437804878,1.3657969512133945,81.16534142593466,-0.045833,-0.054069,-0.015127,0.014871,0.02438,-0.011894,-0.0069413,-0.0054052,0.012065,-0.019377,0.02236,-0.013306,-0.026514,0.0022145,0.0084346,0.019841,0.011333,-0.0019976,-0.0017924,0.027267,3.0,686.5404544202443,0.0409778671528025,-1.358854287894964,2.0421102817330405,0.0117105248256998,0.2229038911111111,370.57142857142856,0.3297204264501414,0.6961228105377463,1.0517241379310345,0.9900045060596504,0.5709079053072827,3.6084288396364617,-0.856236179672198,33.08489884248024,0.8854068800739598,3,0.0144881987626538,0.0129795535453892,0.9998930399661184,1088.009342280152,0.0636049516895009,0.3958009180388797,-1.118767280832885,-0.1064583962120179,0.3433190397222222,469.9285714285714,110.1433,19.0,41.17242067971944,76.58440000000002,33.5589,2.28208910303293,3.0027930001284804,0.5597407842397211,0.4362199062494042
400,105,0.6089637318518958,0.999874818649282,7Networks_LH_Limbic_TempPole_4-lh,lh,Limbic,-51.7472156144016,-24.36365758002192,-32.80556341572594,0.6107601608308141,0.6649818070941279,0.5576663729389096,0.4774877319866506,0.331000571428169,-0.8955844286341587,43.68751098636217,31.87229558658045,11.815215399781724,4,-12.37424077542899,-0.0018899303900916,-0.0225598299269097,0.0723150378363432,0.0691154694796382,-0.0348425996011855,0.0140484703573911,-0.035178227737085,0.0089200474397042,0.0204269176184434,-0.0155772160863203,89.5625795,0.2460528055368859,0.0027472724313016,0.8375080234661343,1.8096214694860373,0.2962769615384615,0.2223248512544803,1.332630876545916,91.1420077006791,-0.15873,-0.14557,0.02465,0.017596,-0.038955,0.036157,0.025782,0.032377,0.003531,0.0064729,-0.0042938,0.0055771,-0.00013014,-0.005352,-0.0039367,0.0045739,-0.0057147,-0.0096202,0.012708,-0.0024039,2.0,1336.4339714329326,0.0647221132188278,0.3434199748108158,-1.113995812001444,-0.0186777298204937,0.2179572090277778,581.0714285714286,0.1777827767892481,0.7702683743402574,1.0073891625615763,1.6367630255682664,0.5721023300817895,4.386564334372664,-0.7142345812408726,27.520888049743192,0.8777648024935886,3,0.0088720710010936,0.0085341229729905,0.9998748701485152,1411.5592166899064,0.0715196360423867,0.4491170918291568,-1.3128941355762165,-0.1437962731658658,0.3703603038888889,608.6428571428571,116.4002,19.0,30.23203537186673,103.483,12.917200000000001,8.01125630935488,2.3817042637997923,0.7244002078563481,0.2858483061025668
400,106,0.6081261749069459,0.9998789513878852,7Networks_LH_Limbic_TempPole_5-lh,lh,Limbic,-40.06220527048464,-23.02177058546632,-26.49928586129789,0.2596631936477522,0.7754623995723396,0.5865654154516677,0.6719609053078222,0.7160724610424545,-3.241430946360733,33.5954938192424,19.101235141899327,14.494258677343073,4,-8.993040341138837,-0.0272946707022475,-0.0338894924042982,0.0422908889414752,0.0826552967603466,-0.0333954961755579,0.0174347616736075,-0.0219750631511814,-0.0092558638651027,0.0144609399705231,-0.0169130889706741,86.9454412,0.2273477716479596,0.0026148325721268,0.833010121516818,1.704880820124236,0.2531304374999999,0.2157365302521008,1.1733313643585026,81.94560551465527,-0.053856,-0.013239,0.0052237,-0.0070248,0.0041974,-0.025365,-0.010252,-0.029002,-0.021509,0.0040204,-0.0014793,-0.0061232,-0.0093667,0.0090181,0.0038407,-0.018393,0.0090133,0.017714,-0.00782,-0.0090896,1.0,938.9764261624936,0.0505743261701774,0.3375490583194547,-1.063316989695247,-0.0263377199401967,0.2933913333333333,480.2857142857143,0.2082009219171665,0.7681578345702802,1.088669950738916,1.5071114817566913,0.5591026154246522,4.18574597229665,-1.0471318677986077,28.73045748708288,0.8975864090472154,3,0.0093018727880229,0.0082731181046159,0.9998789570103838,633.5334210249334,0.0365449449898244,-0.521313750956174,-1.1633922007111812,0.0428111626132596,0.2885618752777777,280.07142857142856,135.9206,22.0,34.855956038564926,107.2107,28.709899999999998,3.734276329754774,2.9167385859349166,0.6541255894175138,0.302803989976501
400,107,0.6083638324068136,0.999894310857543,7Networks_LH_Limbic_TempPole_6-lh,lh,Limbic,-47.4509777497353,8.622316963813343,-30.74130548409761,0.3842847625525102,0.7250093242677971,0.460312089306317,0.5228729622102178,0.5865409760894728,-2.3457875296674984,28.83502987636,39.35497548018499,-10.51994560382499,4,-21.031478379602568,-0.048854218073593,-0.0908319254948012,0.0082228449314604,0.0384629039365099,-0.0118615329233651,0.0144218232867064,-0.0077173214116085,-0.0215178696312103,0.0057898835312629,0.0008639563478652,95.041316,0.2358307981486556,0.0024813503018877,0.8106318574471602,1.4010655425245606,0.29880772,0.2302544075342466,1.29772855629608,90.93420321804231,-0.051245,-0.029038,0.016198,0.0092378,0.0016874,-0.011721,-0.018675,-0.023036,-0.023264,0.0042498,0.002695,-0.0041942,-0.00731,0.012375,0.0010257,-0.015831,0.0085863,0.013278,-0.002852,-0.0019288,1.0,675.1622883096742,0.0376740843199839,-0.3621176668542132,-0.922869997236556,0.0031681339905991,0.2549479288888889,311.85714285714283,0.3433928978423485,0.6368038508362153,1.0073891625615763,0.864416649441379,0.5560249640557385,4.156053362646702,-1.1554959952048018,33.68012333929681,0.8993646149956889,3,0.0153143715230311,0.0147086204033955,0.9998943385732508,1606.02636757101,0.0787545784576424,0.2937051889074479,-1.337132820295868,-0.1489444498724277,0.3749866258333333,670.0,215.32920000000001,34.0,56.76434719904827,125.1617,90.16749999999999,1.3881021432318872,1.9498177906836132,0.7533143903172531,0.20223221003003772
400,108,0.60643080575425,0.9998972078270144,7Networks_LH_Limbic_TempPole_7-lh,lh,Limbic,-33.55322896501292,7.815340258841119,-26.289559712617294,0.4760877402800324,0.5502699255667878,0.5650153076028598,0.4795287386135531,0.5200188026115233,-0.9149395625777238,14.722456352042448,31.76040022470468,-17.037943872662233,4,-18.11833790522271,-0.0339214387933954,-0.0291805422201684,0.0517739869472366,0.0624601790841704,-0.0044017126320099,0.0261470775273036,-0.0201487714220722,0.0049730399365065,0.0022418515683547,0.0041822987655361,93.686993,0.2359173553617385,0.0025181441714271,0.826712726496824,1.470731865450053,0.2759142222222222,0.2232723684210526,1.2357741535590236,83.07361371785888,0.029776,0.040436,0.029401,0.056794,0.0052699,-0.0051539,-0.0067201,0.00048786,-0.038359,0.02564,0.016608,0.0083211,-0.020701,0.0084662,-0.0025042,-0.0097722,0.0030482,-0.0049253,0.011229,0.001811,4.0,976.343919369035,0.0524846482385329,0.0736955736564945,-1.0891481090985222,0.0134153905026435,0.2666736388888889,440.3571428571428,0.3671526277106415,0.7744505457114208,1.0147783251231528,0.8438843037355832,0.5580716101781552,4.264215236732129,-1.0775981095774545,36.20192041522469,0.9140978425575792,3,0.0104008577970165,0.0144661613710204,0.9998970644998112,1495.523284116076,0.073489365417346,0.3478564466873871,-1.428428004595877,-0.1453019162206401,0.374202248611111,594.0714285714286,89.84429999999999,16.0,27.59551449213006,82.0976,7.746700000000001,10.59775130041698,2.6054353713422347,0.7365943054375441,0.39206605204782063
400,109,0.603877563780504,0.9998974448570286,7Networks_LH_Limbic_TempPole_8-lh,lh,Limbic,-20.833664374048976,-22.47760446266105,-25.04633926841068,0.6480092701862231,0.7091416484672746,0.6359968862023433,0.6728928814589478,0.6261528515185173,-0.9599077528025486,27.423981730577296,15.08979318889584,12.334188541681456,4,-8.284522222248093,-0.034075500274748,-0.055163442023102,0.0395866076177335,0.0800406887761113,-0.0234248636831251,0.0141225484454882,-0.0111517983758336,-0.025421630044709,0.0135591352128823,-0.01612858838276,89.519914,0.2356614350903144,0.0026325029209707,0.8150279425168807,1.657979154418639,0.26230015,0.2208513183246073,1.1876775374086896,75.73780005035519,-0.064396,-0.059921,0.037447,0.032579,0.0011653,-0.0085676,-0.046427,-0.048786,-0.011828,-0.010023,0.013037,0.00039819,0.0024667,0.0066059,0.004706,0.0057414,0.0021178,-0.0016397,0.011595,0.0067339,3.0,1118.5886226252555,0.0632235297596314,-0.4307993492493894,-1.0760682794030307,0.1475395917852658,0.3273694008333333,477.3571428571428,0.3816278459307444,0.797016618197696,1.1724137931034482,0.9208748691900772,0.5578113455816947,4.188038747646214,-1.090980729381869,25.65036146925973,0.8815792735559731,3,0.006877058140451,0.0088141614147334,0.9998974544738668,897.5206738565971,0.0558604283171054,-0.4045057202888509,-0.8950308887601457,0.0229732912787857,0.2517848694444444,410.0,97.13889999999999,17.0,44.61576735624835,61.3845,35.7544,1.7168376479490166,3.13027190501899,0.5430133530926664,0.27428661432237755
400,110,0.6027777731687576,0.9999036316116984,7Networks_LH_SalVentAttn_FrOperIns_1-lh,lh,SalVentAttn,-44.27507714153524,-1.9691270553615543,-15.561208579821743,0.6292823076943921,0.4893685869117126,0.6418453173528628,0.578520309188694,0.6714025720476589,0.1797805895709766,23.18959342152273,24.54939350895687,-1.3598000874341416,3,-8.745987031284578,-0.0327566802786788,0.0181174184537519,0.0472594002923101,0.0453796495140152,-0.0163830557353601,0.0305304706871118,-0.0211903902808186,0.0266934332178985,-0.0071611973898392,-0.0006663748047169,103.3522,0.2533468070401222,0.0024512957347775,0.8334254962601919,0.7602897830042352,0.2669793421052631,0.2511839047619048,1.062883954495581,80.674276589242,0.051977,0.052491,0.079394,0.075033,0.0037707,-0.0066218,-0.0039637,0.0045956,-0.051374,0.032221,0.0049963,0.020408,-0.024463,0.013062,-0.020272,0.00077469,-0.0027592,-0.011661,0.01496,0.0048229,4.0,705.8549866808495,0.0402335652598343,-0.6298391209386807,-1.039444049837937,0.0209255945172766,0.3203244761111111,301.7142857142857,0.4905251620602352,0.7565096361040079,1.0,0.667852302570717,0.5638459124329321,3.996799594886536,-0.9832515280259938,29.81841889313642,0.9207926606203314,3,0.0120175316341916,0.0115164591277227,0.9999035108986656,1495.523284116076,0.073489365417346,0.3478564466873871,-1.428428004595877,-0.1453019162206401,0.374202248611111,594.0714285714286,73.7847,13.0,19.87266750766763,73.7847,0.0,737847000000.0,3.0985602827311487,0.765746866389742,0.23094896367404083
400,111,0.6022356057756322,0.9999041913513868,7Networks_LH_SalVentAttn_FrOperIns_2-lh,lh,SalVentAttn,-39.97043976865537,0.595864837537787,-6.664366941782386,0.5924472370534671,0.4738829495486701,0.5749778717677397,0.569548164199732,0.4839516307168003,0.0854269262014899,21.517932486968583,24.4120883333048,-2.894155846336212,3,-4.177379616330767,-0.0365441232916848,0.0077516492598409,0.0391496913127085,0.0395889208919008,-0.0040923433339444,0.0292747368832025,-0.0242892228237122,0.02690349587872,-0.0086450507455047,0.0112496890071695,100.7988817,0.2461230687079054,0.002441724199284,0.8252190940953327,0.7279557028773178,0.2540987608695652,0.2385266210784313,1.065284703293076,75.84086452385495,0.063874,0.057055,0.093413,0.087493,0.0069729,-0.004839,0.0055748,0.004636,-0.047351,0.038294,-0.0037638,0.036175,-0.025139,0.014085,-0.02686,0.0089694,-0.006345,-0.013039,0.015478,0.0047349,3.0,1368.8106175313906,0.0735073956593699,-0.0940429374177237,-1.1652968785135454,0.0361315818542632,0.2522435517833333,542.9285714285714,0.4766697132641154,0.7434252047597589,1.0,0.6874992565812849,0.5581089711314774,4.455596859111861,-1.1292475027994298,26.583487929857547,0.9214375759654392,3,0.0084447814378709,0.0102447287772356,0.999904257501093,913.5044365275712,0.0482816248759309,0.1303287164861588,-1.1320868242833662,-0.1254017410306852,0.3161443230555555,414.8571428571428,306.0764,54.0,43.82439785488786,202.8148,103.2616,1.9640873277172113,1.0657957473592852,0.7920240327629577,0.21225223506287974
400,112,0.6019982999202174,0.999911422292145,7Networks_LH_SalVentAttn_FrOperIns_3-lh,lh,SalVentAttn,-32.39046696366935,26.02637937874629,-0.3362175469819842,0.6839302266165288,0.5086005311282338,0.6436245044815688,0.5717000851549329,0.8190628839142696,0.3407369992643861,30.08541844161572,47.68382975377171,-17.598411312155992,3,-8.009644341813077,-0.0304783530974759,-0.0581445073223767,0.0442213354107152,0.0740098715740976,-0.012517791585445,0.0188407222069161,-0.0196848536061392,-0.0220239896712474,0.0111053269703587,-0.0066034540124584,78.30462185,0.216508740555661,0.0027649548065007,0.8034021638046634,0.8168689484392517,0.2351265749999999,0.1710851447598253,1.3743249023323767,77.39484451899716,-0.040757,-0.04825,0.046142,0.02293,0.011699,-0.020898,-0.065966,-0.067231,-0.0065222,-0.023913,0.014335,0.0020815,0.0061524,0.0028479,0.0046417,0.0015789,-0.0024602,0.0059759,0.0068178,-0.0080087,3.0,1437.6917827622938,0.0787830999829555,0.16705692442317,-1.0762761385979298,-0.1419146083218843,0.3241640079722223,626.2142857142857,0.5101373698498943,0.7524935046996152,1.0517241379310345,0.5831595734556475,0.5928174892607011,3.3520617214505903,-0.4284794421169863,30.969516467226228,0.9050080108112398,3,0.0102129407174191,0.0171583083427192,0.9999112501596846,1437.6917827622938,0.0787830999829555,0.16705692442317,-1.0762761385979298,-0.1419146083218843,0.3241640079722223,626.2142857142857,120.82115,22.0,27.633222376798706,105.16814999999998,15.653000000000002,6.718721650758838,2.28113409677176,0.7336290957683105,0.26612310841272413
400,113,0.6059271832583375,0.9998859153239916,7Networks_LH_SalVentAttn_FrOperIns_4-lh,lh,SalVentAttn,-40.23415162386142,-16.420856948315397,-3.941731276541112,0.1647107798659232,0.7562180781192575,0.6511789663769124,0.6533636858364306,0.5745499260188426,-3.600527468857401,30.775487054578225,15.080465037906787,15.695022016671436,3,2.561218318569952,0.0314845059611152,0.0031954719836019,0.0073962426781781,-0.0109996571835447,-0.0124377730558083,-0.0101924242644584,-0.000950694804249,-0.005660381849733,-0.0022122171561263,-0.0039358294638739,14.9563271,0.0689162945339505,0.0046078354714166,0.8350296960889643,0.9916637020118574,0.0468737391304347,0.0346842534482758,1.3514414852605312,70.41868243538403,-0.0081881,0.0020641,-0.047807,-0.045825,0.027967,-0.023498,0.0088791,-0.0041165,-0.028237,0.014515,-0.01829,0.008498,-0.01797,0.0020013,0.019329,-0.030533,0.0072851,0.012461,-0.031507,0.016904,1.0,629.7765176808534,0.0384743586969173,0.0137989430943796,-1.180946749370509,0.0476200405026631,0.282217025,319.6428571428572,0.2955709091633838,0.7947831108951058,1.1083743842364533,1.2436766026627355,0.5824938832054628,3.7198145018916726,-0.6678225393359438,28.18583973664103,0.9171080889758788,3,0.0095368943305298,0.0083422347609949,0.9998857913236576,1004.29775575883,0.0540646513985258,0.1163624872838942,-1.316877866365903,-0.084936198007054,0.2423967047222222,436.6428571428572,255.94010000000003,41.0,47.85169357236003,131.6914,124.2487,1.0599016327727695,1.41758744027425,0.7508969713804632,0.15975026969200995
400,114,0.6007341713364748,0.9999078472828048,7Networks_LH_SalVentAttn_FrOperIns_5-lh,lh,SalVentAttn,-32.974421531985506,19.40142974371862,7.906767452124393,0.4389933893559108,0.7581981454389047,0.6795461858513021,0.5871035509319756,0.4797145986469498,-2.262758059513966,32.07495231377374,44.42405796210016,-12.349105648326416,3,-1.07636845184095,0.0174373256777123,0.0088050764303203,0.0490070742317546,-0.0101289784082951,-0.0048781858934935,-0.0165105007530413,0.0016275960062497,-0.0056540920523059,-0.023550377795301,-0.02150496847891,40.537258,0.1356171577078132,0.0033454941058785,0.8414586899295888,0.8771658954953593,0.1117355,0.0923145939086294,1.2103774186512175,74.44732736581264,-0.026956,-0.01213,-0.039683,-0.039282,0.02659,-0.020351,0.018208,0.0044435,-0.029508,0.016091,-0.020248,0.0084192,-0.0077782,0.004717,0.012508,-0.031683,-0.0067034,0.02576,-0.045721,0.014563,1.0,1637.803032520496,0.0793293986379904,0.0748261260787959,-1.0925940682397024,-0.0802263352650234,0.227219265,652.7857142857143,0.5171984795297242,0.8004023458759593,1.0467980295566504,0.7083443866212069,0.5928230141499986,3.202429875918601,-0.4572394499693828,24.90800064893948,0.9078087386859576,3,0.0088662923258572,0.0090223886450589,0.9999079931355054,1272.517620048278,0.0662086816745376,-0.0677383215129906,-1.1645019986744676,0.0073671591691567,0.1358931255555555,524.1428571428571,140.2867,22.0,33.89764010454582,108.93950000000001,31.3472,3.4752545681800124,2.7916257704620224,0.6481866328538604,0.2754188387067341
400,115,0.6027026887528514,0.9998928779247376,7Networks_LH_SalVentAttn_FrOperIns_6-lh,lh,SalVentAttn,-35.928958713498886,4.822265129268403,10.04293815226976,0.4206040875790395,0.714458188035796,0.6701823417709707,0.5985830531052542,0.4724457490919084,-2.108039320183185,31.32249017873889,34.13069519967113,-2.8082050209322382,3,4.579083352581336,0.0735220114539807,0.0077557723297645,-0.0210523684650716,-0.0037343121281267,0.0052835425586834,-0.0148468280320385,-0.0058972058038158,-0.0209480806677395,-0.0122472401783138,-0.0130924035575989,25.86287731,0.0964394978319281,0.0037288773664122,0.818023126119606,0.7821570061618537,0.0783030652173912,0.0613468952409638,1.2763981743849568,70.68671199397268,-0.030423,-0.014569,-0.040562,-0.032798,0.021853,-0.021649,0.021436,0.0055264,-0.028182,0.018007,-0.018203,0.00043796,-0.014571,-0.0024206,0.010958,-0.020425,-0.002811,0.022554,-0.045004,0.0095868,1.0,1381.377187206063,0.0784828809275644,-0.3529171899312243,-1.1651606318134884,0.1384546525364269,0.2796913997222222,557.2142857142857,0.3825787823500126,0.8007785101083221,1.0591133004926108,1.059118432723983,0.5926926036093322,3.2855401712757075,-0.4020656619936044,21.288030325153745,0.9222010134887212,3,0.0056645233779575,0.0086743399277396,0.999893198631098,1004.29775575883,0.0540646513985258,0.1163624872838942,-1.316877866365903,-0.084936198007054,0.2423967047222222,436.6428571428572,137.5126,25.0,35.22487387785881,103.1651,34.3475,3.003569400966581,2.1945233476422357,0.691918959865389,0.39509615846111557
400,116,0.6069251044141623,0.9998787378189274,7Networks_LH_SalVentAttn_FrOperIns_7-lh,lh,SalVentAttn,-44.15241681496928,12.027876529637284,1.954714645833276,0.0866870108018522,0.783427140314322,0.3221172223772163,0.5271659363428629,0.531212566805413,-4.136734159891717,30.876641801139385,38.48921283696026,-7.612571035820878,3,-2.4355341713912195,0.0640212929143877,0.007106607684811,-0.0346092299625363,0.0057992980591645,0.0152399536023816,0.0226023545341445,-0.0009614244238087,-0.0052241629146248,-0.0042029215398308,-0.0122277862843073,19.0344304,0.0837416199376986,0.0043994812651319,0.8068133524189849,0.6584578791999405,0.0515332048780487,0.0485634370535714,1.06115233802513,80.2436064620708,-0.0034865,0.015401,-0.049708,-0.040647,0.027796,-0.0026522,0.0039675,-0.010874,-0.030917,-0.0046991,-0.033437,0.013073,-0.0093927,-0.0075327,0.022484,-0.0155,0.0029867,-0.0013272,-0.026786,0.010717,1.0,629.7765176808534,0.0384743586969173,0.0137989430943796,-1.180946749370509,0.0476200405026631,0.282217025,319.6428571428572,0.234647347566469,0.8143482581055863,1.0098522167487685,1.5727187938237643,0.5709950752655087,4.077905347253177,-0.9594775557002948,24.16919488657835,0.9155276045737414,3,0.010420204128108,0.008342313316542,0.9998790797739654,1004.29775575883,0.0540646513985258,0.1163624872838942,-1.316877866365903,-0.084936198007054,0.2423967047222222,436.6428571428572,108.2418,19.0,27.883016734443263,86.9449,21.2969,4.082514356530376,2.5680375861278457,0.6448041298154052,0.42402565367538236
400,117,0.605807719815932,0.9998831979278306,7Networks_LH_SalVentAttn_FrOperIns_8-lh,lh,SalVentAttn,-51.096116187164135,0.163706507318967,3.985929608473668,0.5067240657364607,0.640310878660409,0.5660183710683486,0.4149283962152541,0.4540963592972515,-1.268937647163277,36.669908994810726,34.57680708930999,2.0931019055007383,3,2.3424458128885104,0.1154757019268411,0.0115840907985472,-0.0514025173876779,0.007656124655533,0.0162101189848695,-0.0103678988737015,-0.0165069464692044,-0.0234678993795079,-0.0030908975316322,-0.0069494052382317,57.0996647,0.1594107979025635,0.0027917991942653,0.8004394650925828,0.6023736094433858,0.1467545777777777,0.144591358490566,1.0149609161176585,79.14302330882288,-0.14136,-0.1281,0.011364,0.0062644,-0.03071,0.029269,0.040753,0.040146,-0.003589,0.01785,-0.012102,0.0053094,-0.0065104,-0.004025,-0.0062507,-0.010219,-0.0060524,0.0050162,-0.012297,-0.01314,2.0,591.266527605501,0.0395189369857168,-0.2167158924825149,-0.6428654269543501,0.0200272287850119,0.2747142867222222,345.0,0.2791793323149448,0.8007235988162298,1.0985221674876848,1.4307626202433537,0.5787035434786196,3.6463723420561216,-0.7542002319040247,22.795971614065675,0.9128664388458904,3,0.0086174568854238,0.0073940203765066,0.9998834255178614,1171.2325966927133,0.0617306770241311,0.0762033025652551,-1.158942707986507,0.0023318298474679,0.2877683802777777,567.2857142857143,142.8046,24.0,34.17207581020445,113.8376,28.967,3.9299064452517354,2.253335181740803,0.6209188566762102,0.47039661187384724
400,118,0.6056518828913864,0.9998808821596578,7Networks_LH_SalVentAttn_FrOperIns_9-lh,lh,SalVentAttn,-51.86575559607135,8.562580772968525,12.651200385378376,0.2220315612022239,0.622525182261714,0.5562860340402234,0.4730760621777789,0.4390651170125677,-2.5693134759412355,43.03808296960669,44.64389085892762,-1.6058078893209355,3,5.021945999336468,0.0407083779261699,0.0016939310554967,-0.0266287756919799,0.0329456713002298,0.0345161364665082,-0.0478699079658801,0.0115141445076005,0.0299628739472537,-0.0068978904322966,-0.0004719265140293,43.3905998,0.1392084672122205,0.0032082632610185,0.8319404607424301,0.7682916866891905,0.1067765238095238,0.1036736748858447,1.0299289942611054,79.5511881333433,0.0069632,0.0010705,-0.06425,-0.055534,0.048913,-0.042129,0.015083,0.00317,-0.029593,0.029664,0.013544,0.0038921,0.023587,-0.025177,-0.0034688,0.011832,-0.039869,0.0084581,0.002228,-0.0029188,1.0,1032.4694969936022,0.0544467187035199,-0.0347914394994675,-1.344446200659419,-0.0475418366674135,0.1559248388888889,433.3571428571428,0.2575743198371585,0.7939058494328423,1.0098522167487685,1.5295360150265729,0.5823499345492753,3.4946819665993525,-0.6245131734761488,20.041879011308747,0.915600729105502,3,0.0083950126703804,0.0083355837578259,0.99988115849185,835.6459271459149,0.0468556723766666,0.2446689926603049,-1.3493740700738506,-0.0425015824460724,0.2910395191666666,380.2142857142857,172.02641,29.0,37.832809599256834,119.3417,52.68471,2.2652055975969776,1.8975115538477727,0.7691392964974393,0.20767915810136364
400,119,0.5974413827200193,0.999923497813559,7Networks_LH_SalVentAttn_Med_1-lh,lh,SalVentAttn,-7.622988210197239,19.573154094349984,32.80045354014207,0.1381606584021802,0.8097949381229077,0.6156668156997934,0.6022472092763937,0.5899631108747858,-4.031383209321234,55.04459715843718,63.15328789429224,-8.108690735855056,3,13.808325895780246,-0.0065918907181924,0.0138951721998228,0.0079034496065941,0.0023190411494564,0.0175151190628728,-0.007476830559526,0.0151768372923157,0.0084744864956915,0.0002797732798141,-0.0045857610810866,25.186243,0.0989612930797323,0.0039291804291469,0.8337778198469713,0.8822904337884947,0.0733251086956521,0.0613148986486486,1.195877514146074,68.92091217598313,0.0015931,0.013126,-0.059642,-0.053259,0.047968,-0.0073735,0.014079,-0.0042459,-0.033569,0.017599,0.00036721,0.012617,0.023261,-0.014864,-0.00026792,-0.0050951,-0.03725,0.014917,-0.0066556,0.0096693,1.0,1026.4416766458558,0.0589182125871064,0.8180983888849023,-0.690237988594975,-0.0843180217803812,0.297272575,498.4285714285714,0.6747032283594703,0.7723664196558764,1.1206896551724137,0.5955415102946544,0.5757830261952189,3.5814883529483645,-0.7499171463716989,21.36803575872931,0.9203678850071536,3,0.0089925923834393,0.0077892829017039,0.999923436396468,581.1785573776407,0.0381372447281105,-0.5260364551880623,-0.8124649040988055,0.0196927657581662,0.2948168472222222,266.2857142857143,230.74827,41.0,40.49873532406323,159.05756999999997,71.69069999999999,2.218663927117159,2.0415627696489964,0.6663599275891214,0.1955029608672689
400,120,0.5968926766783215,0.9999309024302104,7Networks_LH_SalVentAttn_Med_2-lh,lh,SalVentAttn,-6.89563837940768,0.8559452925412733,41.32250199355478,0.0994754327049632,0.7847131326235427,0.4661961063705042,0.4042014077842337,0.51711048041562,-4.081050974295177,61.295889444108944,61.021748191205226,0.2741412529037177,3,24.536717608370488,0.0072892644937948,0.0134798605916995,0.0023910937171032,-0.0062328473984144,0.0169518728912164,-0.0007717378387986,0.0244969985667579,0.0089794779243999,-0.0012959561797455,-0.0081931725720442,38.219879000000006,0.1307075622915137,0.0034198842516265,0.830914659395761,0.7631723281038897,0.1037745357142857,0.0941112584269662,1.1026792897956048,63.62997481143308,0.0095016,0.010937,-0.055531,-0.055162,0.031389,-0.039448,-0.0022022,-0.0036837,-0.03079,0.0192,-0.029523,0.01842,0.017853,-0.026096,0.012629,0.010504,-0.022513,0.0069291,0.0039177,-0.0029014,1.0,1343.9620960263558,0.0693676950776979,-0.5104139556633083,-1.185586134620692,0.1563390929933186,0.3645950916666666,520.4285714285714,0.7493353461786008,0.790031123133538,1.5295566502463054,0.5481474088899223,0.5778797319379442,3.6776369016089,-0.7435573850573499,18.72645062940748,0.9211335137139304,3,0.0148041646267439,0.0075499191399736,0.999930847934184,581.1785573776407,0.0381372447281105,-0.5260364551880623,-0.8124649040988055,0.0196927657581662,0.2948168472222222,266.2857142857143,208.32707,38.0,30.95632131654952,165.47166999999996,42.8554,3.861162653938916,2.1698154433537766,0.7357586621700447,0.3795291701649719
400,121,0.600401897204216,0.9998954094162392,7Networks_LH_SalVentAttn_Med_3-lh,lh,SalVentAttn,-12.766133691386171,-24.88988610920153,41.19620874906841,0.3668664563677768,0.5956761057621798,0.5589520185833705,0.4556197222010207,0.3967057641987265,-1.7065606102531776,66.51376501650822,55.55014216133154,10.963622855176672,3,32.1846910822015,0.0775182549156579,0.0055406899633462,-0.0195469194001509,0.0103532669146143,0.0068278339706499,-0.0417728417064779,-0.015142072203373,-0.0063671065299965,-0.0042211440423792,-0.0013019813309225,33.40198,0.1161408157176662,0.0034770638063168,0.8291814413879821,0.8971262571209486,0.09278975,0.078346731707317,1.1843474240661822,59.404136344359,-0.00097067,0.0094977,-0.059413,-0.066412,0.047009,-0.049878,0.014251,0.0043747,-0.028177,0.032934,0.0030023,0.010897,0.017738,-0.030868,0.0015636,0.02951,-0.03355,0.010045,0.002021,-0.001167,3.0,1299.203318277098,0.065148227129502,-0.1494487865742327,-1.1171448127074926,0.0816022972246291,0.2570503169305555,601.5714285714286,0.4077894812148797,0.8155140769069256,2.2561576354679804,1.2160951367144706,0.5645018329418025,3.955632658332403,-1.0169034251680549,17.544792358569737,0.9195287775398728,3,0.0088135411840194,0.0071976571802511,0.9998951356003274,1396.4099780031174,0.0735293176841441,0.0632986308572404,-1.1594438778891696,-0.1316289026853838,0.2969707222222222,566.4285714285714,141.00387999999998,30.0,25.2068109021011,141.00388,0.0,1410038800000.0,2.516177398240517,0.7217349145897574,0.28932679015641277
400,122,0.5995440141541085,0.9999246907933178,7Networks_LH_SalVentAttn_Med_4-lh,lh,SalVentAttn,-7.273161498623826,8.181929967880901,46.825313479857456,0.2135553770371564,0.7197872572753932,0.5766136630088982,0.4770675742026681,0.3870573669949218,-3.156132035373589,66.60847977745524,68.44151165031478,-1.833031872859536,3,25.640609097550204,0.0218006309826678,0.015134548480399,0.0010882228163728,0.0037334272516247,0.0230063035614875,-0.0085829257121707,0.0231402540608229,0.0215206966328616,-0.0029867610188636,-0.0049331194151193,36.8006247,0.1258599415285988,0.0034200490495547,0.8333060559943803,0.758379244798737,0.1017128490566037,0.0907356456692913,1.1209800535858154,67.58280355530597,0.0077694,0.0074662,-0.0496,-0.033834,0.021481,-0.021984,0.0081314,0.011161,-0.016101,0.0053093,0.020299,-0.0046452,-0.0086092,-0.0079265,0.0083906,-0.004372,-0.012454,0.00052647,-0.00099474,0.018626,3.0,665.2356641738993,0.0470541341692805,-0.5605419443275528,-1.2244901576500704,0.0637168814605766,0.2615240611111111,200.7142857142857,0.6954074091959206,0.8411365504315029,1.4655172413793105,0.6316392406263105,0.5864361210705072,3.494042843977667,-0.5908420846482948,19.18663494456272,0.9119720182073336,3,0.0145091821869605,0.0086450000790363,0.9999245905841688,1336.4339714329326,0.0647221132188278,0.3434199748108158,-1.113995812001444,-0.0186777298204937,0.2179572090277778,581.0714285714286,202.034,33.0,28.022919357736566,192.337,9.697000000000001,19.834691141385633,2.519442328189334,0.7517383682130347,0.3390087807002782
400,123,0.595929178172692,0.9999117755452812,7Networks_LH_SalVentAttn_Med_5-lh,lh,SalVentAttn,-14.46428824674244,-39.05645511824771,45.86814254720214,0.3174510505957496,0.7367399879736518,0.6059150533361708,0.4919947035728574,0.3997510520201484,-2.7402104357149435,77.39370072174864,62.41062326402751,14.983077457721135,3,39.2378220637956,0.1011884977576165,0.0048120385749284,-0.0622755923323245,0.0330496309929753,0.0432120688118346,-0.040780395873383,-0.0159270703175687,-0.0001580273432953,-0.0137079891079922,-0.0101052159473283,51.3517584,0.1582982101067031,0.0030826249195469,0.8040909489034245,0.57830968967803,0.1359368166666666,0.1144048747747747,1.188208254372555,62.27204952261943,0.0019628,0.0087019,-0.065432,-0.063294,0.056403,-0.049591,0.017621,0.0012854,-0.029628,0.027443,0.011434,0.0082029,0.021536,-0.02482,-0.0048719,0.027209,-0.039064,0.0073379,0.0039588,-0.0047562,1.0,687.5165808101568,0.0478134922927777,-0.5130865865804698,-0.73805362602159,0.034159925096916,0.2383287463888889,348.92857142857144,0.5518774517488205,0.851294656626802,4.559113300492611,0.9108279204840236,0.5861705313053847,3.461756629366457,-0.5832626761612121,15.425991714133612,0.8858569928133458,3,0.0068164481413733,0.0072573435750543,0.9999115721331344,965.0838766080848,0.0527646959199623,0.0287214195742065,-0.8534598075965278,0.0392890549009383,0.2983457286111111,476.0,199.63311,38.0,35.86412799620655,160.01340999999996,39.619699999999995,4.038733508825056,2.1340612527273715,0.7866762865909827,0.26388257939777626
400,124,0.5969356300871532,0.9999223841670029,7Networks_LH_SalVentAttn_Med_6-lh,lh,SalVentAttn,-7.996972425284158,-47.905287310632026,56.66460163651948,0.0555066926257124,0.8592914354748499,0.6151302171039802,0.5070885814862414,0.503892782122131,-4.715276878727949,92.0056866155438,76.77013540398166,15.235551211562154,3,48.370347175101294,0.0574818452437475,-0.0051969865156884,-0.0410066779898332,0.0268637136476907,0.0301959655006065,-0.0275209279070767,0.0069113775785972,0.0213861069062554,-0.0099772558152034,-0.0032313351398745,40.8446797,0.135460242756023,0.0033164721513458,0.8239945618538157,0.6814121525694621,0.1041222487179487,0.1062169076388888,0.9802794200515664,69.22899275097394,0.0045086,0.010317,-0.063506,-0.056218,0.055647,-0.024017,0.01283,-6.5908e-05,-0.033845,0.014757,-0.00026124,0.017053,0.020733,-0.0092321,0.00023016,0.00056057,-0.034233,0.0090888,-0.0059484,0.0023366,1.0,687.5165808101568,0.0478134922927777,-0.5130865865804698,-0.73805362602159,0.034159925096916,0.2383287463888889,348.92857142857144,0.6407420331712785,0.8614882265937347,4.780788177339901,0.823127709312572,0.5753752626003559,3.682094990779904,-0.7863746346714003,19.360294731147743,0.855861007559283,3,0.0116820428118787,0.0076078814602534,0.9999221943619236,965.0838766080848,0.0527646959199623,0.0287214195742065,-0.8534598075965278,0.0392890549009383,0.2983457286111111,476.0,143.37509,25.0,25.695494151835486,130.45399999999998,12.921090000000001,10.096207053661134,2.9256514211688676,0.7834134164560277,0.2584249467602775
400,125,0.5992258598402147,0.9998975139315924,7Networks_LH_SalVentAttn_Med_7-lh,lh,SalVentAttn,-9.581735411692527,-4.7751348625948085,68.61623965108336,0.3715482542922654,0.5604881567396859,0.5061299090809236,0.3622338368015532,0.5201693638562183,-1.4863150812658084,87.94082816607906,84.08333416544555,3.857494000633508,3,42.60228424942846,0.0724897661792263,0.012004635369235,-0.0317128778486591,-0.004880499160011,0.0048802911960527,0.0506511573977294,0.0139385893920168,0.0036531572990661,-0.0048004800786161,-0.0091679536718909,33.503253689999994,0.1173981788380627,0.0035040829145723,0.8197054645130462,0.5895692595636107,0.08957594,0.0865339153296703,1.0351541306691716,74.8027701096985,0.011422,0.013206,-0.049442,-0.054618,0.016317,-0.031892,-0.0098485,-0.0075694,-0.025346,0.012868,-0.041802,0.02376,0.0088525,-0.018597,0.016314,-0.0003996,-0.0089599,0.0051727,0.0042441,-0.0011854,1.0,729.106411986618,0.0383018529290399,-0.5418415557924444,-0.9618805491322608,0.1563468124105473,0.3443807469444444,364.2142857142857,0.427048523923584,0.7630876036578005,1.997536945812808,1.233796173857045,0.5974647855112621,3.027625592832073,-0.2612821237546537,14.605512661786843,0.909645347171496,3,0.0080386427967866,0.0076736259402631,0.9998972662859792,1637.803032520496,0.0793293986379904,0.0748261260787959,-1.0925940682397024,-0.0802263352650234,0.227219265,652.7857142857143,183.03320000000002,30.0,33.645708348056765,143.31050000000002,39.7227,3.6077733890102945,2.2288491902257834,0.7355638451281671,0.31453364744756684
400,126,0.6032724260159417,0.9998967327963972,7Networks_LH_SalVentAttn_PFCl_1-lh,lh,SalVentAttn,-30.43239820530984,39.53049867765039,25.725265998755937,0.756719573932159,0.5038291778007589,0.5721540954207877,0.5586079950961297,0.3513374209832109,0.7254429995149966,56.96859277213534,70.51944787443972,-13.550855102304382,3,3.576009995958444,0.0554705036579158,0.0237227494207648,0.066327198385983,-0.0549288802776484,-0.0204898414325378,-0.0113326784167835,0.0271355098981993,-0.0145726879803389,-0.0279621565961436,-0.0190708698485938,82.51882282,0.208445255320418,0.0025260328273811,0.8244002524287727,0.6758663001137647,0.1758098157894737,0.2069070575833333,0.8497042960155893,86.68841229832456,0.071129,0.059241,0.047943,0.050711,-0.032252,0.025256,0.030138,0.0024345,-0.0078604,0.026448,0.022701,-0.031669,-0.0039237,-0.0082884,0.033837,0.0040104,-0.0055069,0.010953,-0.0024134,-0.0031064,2.0,758.3376087791563,0.0429781280596942,0.4765319323854035,-0.810071052948766,-0.0074915488047466,0.2941468894444444,414.5,0.3843298328089722,0.7833725778907586,1.041871921182266,1.116830234881258,0.5976627519102146,3.052810841101537,-0.3296017640513893,22.96897562917536,0.8979479653939743,3,0.0056819970415278,0.0091226266876446,0.9998969138838162,652.9941160190922,0.0373035755400836,0.353064149403303,-0.9229655076800394,0.0006051984608747,0.2990745273611111,328.1428571428572,187.30849999999998,29.0,40.52281662108287,110.2927,77.0158,1.4320788721256779,3.1476973294974715,0.5636521171892421,0.03835010157040391
400,127,0.6007955772626214,0.9998966041480284,7Networks_LH_SalVentAttn_ParOper_1-lh,lh,SalVentAttn,-53.007303389158544,-35.49347277359816,21.68828773603565,0.516864047728662,0.2489238927379194,0.5652823461821646,0.4336308622513922,0.2768706012554854,0.974574120546038,64.00271430654031,44.72486614814602,19.27784815839429,3,23.66101447370084,0.0212490891296341,-0.0045448376578068,0.095650905359668,0.0222744518074403,-0.0279077476858435,-0.0105602631425301,-0.0253145393194244,0.0136953160040317,0.0004087798852794,-0.0161087748258727,75.2753552,0.2090047670532222,0.0027765364440677,0.8405542085586284,1.0550741175393632,0.2458179803921568,0.1888938984210526,1.3013547939705417,73.68232268686363,0.05015,0.040149,0.047434,0.034843,0.0067186,-0.00017132,0.027485,0.010234,0.019411,-0.0089951,0.0029072,-0.036713,0.0085552,-0.017589,0.040361,-0.0092552,-0.0020805,-0.0093812,0.0028284,-0.00032717,2.0,750.8716534801405,0.0441497026870738,0.1789349081002261,-1.2513801936355462,-0.010907498617133,0.2929250072222222,339.57142857142856,0.4162931017736631,0.8286883072003051,1.706896551724138,1.168594410080608,0.5944759544159889,3.1143293687373443,-0.3948462962740743,18.864030454525345,0.8791071770261365,3,0.0070310206230218,0.0078938975075895,0.999896496983878,592.4446753354557,0.0374391549231844,-0.5109045231767496,-1.0588525306762735,0.0202529965019173,0.3156525594444444,248.1428571428572,145.799,23.0,21.80218069090145,145.799,0.0,1457990000000.0,3.179587103256959,0.5477751440867492,0.25431724497424535
400,128,0.6029869016639005,0.9998868387661644,7Networks_LH_SalVentAttn_ParOper_2-lh,lh,SalVentAttn,-57.54926100154381,-45.50295204227253,25.69512326030408,0.6502127324880194,0.3648651203524821,0.6300151173837365,0.398463084858891,0.4952365579305631,0.9805291476875376,74.99037281803967,54.26307866512302,20.727294152916656,3,29.067959568864207,0.0915954299209177,0.0112151831572895,0.0243299375865734,-0.0282990028826608,-0.0429115743926456,-0.0459423807380078,-0.0077244719336061,-0.0169953517319502,0.0051577184196137,0.0114305665734066,72.4124939,0.1823477896191466,0.0025181813220065,0.8005735698743253,0.8160213520798257,0.2313406291666666,0.1640680556650245,1.4100284670770322,75.98987844780015,0.029181,0.014796,0.032004,0.041338,-0.0041604,-0.0080962,0.025962,0.0092491,0.016581,-0.007668,0.0099468,-0.034823,0.0072465,-0.0099191,0.045848,-0.0064623,0.00035064,-0.0025345,0.0081857,0.0036641,2.0,989.9481108736064,0.0498381322411019,-0.2320654728514972,-0.9965985697445284,0.0144324751175562,0.160794861375,432.2142857142857,0.3109275524555154,0.7729868831536104,1.5049261083743843,1.4866296116702582,0.5834272921718584,3.512573994563008,-0.5951666900954334,15.546507825350352,0.8821825586468077,3,0.0067464090959858,0.0084351242523214,0.999886791646528,976.343919369035,0.0524846482385329,0.0736955736564945,-1.0891481090985222,0.0134153905026435,0.2666736388888889,440.3571428571428,114.45190000000001,20.0,23.966738765466314,103.63239999999999,10.819500000000001,9.578298442538209,2.0566003094502663,0.731788867785567,0.19429559491803977
400,129,0.6045513757104893,0.9998818178208556,7Networks_LH_SalVentAttn_ParOper_3-lh,lh,SalVentAttn,-59.68074720102058,-24.800348331803395,30.209649454625765,0.7562961654800073,0.3652024222088471,0.6510648561077212,0.6588821472901095,0.6256494603853129,1.5003358504069404,67.62742841627448,52.99403357363931,14.633394842635177,3,25.56589417231648,0.0734603717125568,0.0170833450491905,0.0602445049732401,-0.0586079433129615,-0.0511651834567706,-0.0275360843230924,0.0173258859014764,-0.0211875663003171,-0.012998035249646,-0.0029165810869812,83.664894,0.2091705207867254,0.0025000990354027,0.8200627061580691,0.7504778967434896,0.2917565882352941,0.19827149,1.4715004567128842,76.25249466667069,0.062308,0.052694,0.051423,0.050437,-0.01546,0.007466,0.031888,0.014634,0.0015819,-0.00020525,0.016592,-0.036844,-0.00076763,-0.015018,0.047304,-0.0054446,-0.0073514,0.0032728,0.0028109,0.0012341,2.0,1130.5659467717926,0.0613810859975564,0.41084120716917,-0.9864329038615772,-0.000963345043279,0.2025336433333333,507.3571428571428,0.2468910916427127,0.7687729465654682,1.4556650246305418,1.7290187607958898,0.5843452474004799,3.464782671980755,-0.567710763736948,15.755965460999896,0.9061686464704092,3,0.0063070150928268,0.0079703371348469,0.9998818197606488,652.9941160190922,0.0373035755400836,0.353064149403303,-0.9229655076800394,0.0006051984608747,0.2990745273611111,328.1428571428572,117.72180000000002,18.0,23.280636399733087,114.75290000000001,2.9689,38.65165549399941,3.1165097120491607,0.6600632552717223,0.18689656461250165
400,130,0.6040221590485438,0.9998830322467868,7Networks_LH_SalVentAttn_ParOper_4-lh,lh,SalVentAttn,-60.27880584389154,-37.42226658276985,34.42161412911912,0.7058390062593652,0.2676151652242273,0.5461674199282373,0.5443800071585675,0.5175181885312271,1.7991545349469078,77.00062839737517,59.16437220102633,17.836256196348835,3,31.879648452302423,0.0661839190063783,0.0141371299059913,0.0760943401718289,-0.0526149361327995,-0.0587051561852725,-0.03738240648677,0.0068394871035031,-0.0131160885646564,-0.0084081624859832,-0.002527824284803,76.0019143,0.1970556590461654,0.0025927723118667,0.8182819560101733,0.8545675815562074,0.2716092,0.1819808268867924,1.49251547263115,77.65009977234841,0.057707,0.050303,0.050539,0.053915,-0.0025726,-0.0079391,0.030386,0.032595,0.0085944,-0.017468,0.0085264,-0.0029656,-0.0080143,-0.0050784,0.041829,-0.00051177,-0.01137,0.0036241,0.0079885,0.0081345,2.0,989.9481108736064,0.0498381322411019,-0.2320654728514972,-0.9965985697445284,0.0144324751175562,0.160794861375,432.2142857142857,0.26376333495879,0.6814146452975774,1.5,1.6819657229094194,0.5633559847837233,4.175206162979173,-1.062559202814968,16.148238074069774,0.8894508708642002,3,0.0063397124966058,0.0094144004157518,0.9998829073418264,940.085433469864,0.0533735106057833,0.0333606189220074,-1.44367352133063,-0.0137609323741826,0.1944043547222222,418.4285714285714,114.0495,18.0,25.247447045673823,114.04949999999998,0.0,1140494999999.9998,2.7923014632970795,0.7350217821298677,0.3166546104980732
400,131,0.6045675734925717,0.9998796455192616,7Networks_LH_SalVentAttn_TempOcc_1-lh,lh,SalVentAttn,-53.62599159361529,-54.918923530160434,7.941994568516798,0.6536479961179094,0.5343530834176525,0.5161431373869189,0.5959300307238448,0.4319385420021669,0.0474771389943071,71.7260759865286,47.68339137511076,24.04268461141784,3,21.24087380015821,0.0334278295638819,0.0195310999504869,0.1000304456152155,-0.0471085812740164,-0.0084233013980054,-0.0269045531293746,0.0121768767908345,-0.0085235159910903,-0.03305173142437,-0.0210198929493438,87.21669130000001,0.226555445431421,0.0025976156863355,0.8282704151642917,0.8079465434882837,0.2455521914893617,0.2166780899082569,1.1332580579790257,80.96535692787238,0.054315,0.033102,0.063477,0.0481,0.017616,-0.015055,0.032971,0.025925,0.025796,-0.016491,-0.0087989,-0.0070345,-0.0022926,-0.013374,0.034992,-0.00028603,-0.013512,-0.0040377,0.0050099,0.014404,2.0,1062.2120734057248,0.0579926153381713,-0.5704991215256908,-1.0934946573994484,0.155007806150143,0.3492007141666666,442.07142857142856,0.2411819871628994,0.7842964177722669,1.6773399014778323,1.7616943026577578,0.5965604416066013,3.1108679065738345,-0.3158562064237212,15.87456705618742,0.8895976202792427,3,0.0075618069775528,0.0071939597402371,0.9998796129008516,940.085433469864,0.0533735106057833,0.0333606189220074,-1.44367352133063,-0.0137609323741826,0.1944043547222222,418.4285714285714,105.3477,14.0,20.867560988219836,105.34770000000002,0.0,1053477000000.0001,4.707035993884318,0.4434654101918054,0.05186444507094127
400,132,0.6044561548441895,0.9998924015658356,7Networks_LH_SomMot_1-lh,lh,SomMot,-49.10716878647772,-13.393378912210798,0.4076897875755875,0.4867440280424863,0.4943873813203772,0.5554710814854752,0.5163900432790304,0.4384985907960018,-0.5493236366828699,37.09678251436296,25.35962898473059,11.737153529632373,1,4.262627546208591,0.0722004153093419,0.0165727567065737,0.0460290776458851,-0.0490431838024944,-0.0315211036117467,-0.0238062456092059,0.018720667598719,-0.026085786473755,-0.0276413596636466,-0.0162363496815664,75.566878,0.1951418289450515,0.0025823725170278,0.8218350935644967,1.666468233728339,0.2171937,0.1745485025641025,1.244317176515475,74.06081302153486,0.027591,0.020502,-0.043164,-0.02127,-0.011091,-0.02185,0.004019,0.0089796,-0.0058853,0.012123,0.02907,-0.013271,-0.0069995,-0.025621,0.021082,0.00095392,-0.024099,-0.0013989,0.0097948,0.0051649,3.0,828.773911000796,0.0512730344718568,-0.1686290553859718,-0.4654818845647015,0.0160134535416034,0.2091320349999999,506.9285714285714,0.3972245911697298,0.8110993377241674,1.1527093596059113,1.0348017920800363,0.5777164522595205,3.8184911882108814,-0.7769867090628381,22.48391518540346,0.8972172124584128,1,0.0125692765794504,0.0078745566863312,0.9998924050367044,1343.9620960263558,0.0693676950776979,-0.5104139556633083,-1.185586134620692,0.1563390929933186,0.3645950916666666,520.4285714285714,128.1748,21.0,33.49347211702334,98.37569999999998,29.7991,3.3012976901876185,2.521145099148973,0.7189893834502253,0.44436815973186616
400,133,0.6019525568197371,0.9998934032523916,7Networks_LH_SomMot_10-lh,lh,SomMot,-48.60821804058589,-25.19058727096988,17.03619863844964,0.5489408951066501,0.6580016486592678,0.6123402874294759,0.4980204313770429,0.4637027069043105,-1.160476890392387,52.79794378148044,35.98251906686619,16.815424714614252,1,17.778895364360746,0.0331789068180567,-0.0001112260715354,0.0749781613044781,0.0055671408335856,-0.0481458246709387,-0.0118107586354041,-0.0227403122359751,0.0124329148406936,0.0159418783268658,-0.0109145402993341,48.745989130000005,0.157335322269438,0.0032276567790945,0.8427505418623229,1.2938494233314255,0.1568864814814815,0.1215046764367816,1.2911970629705696,70.49277244001074,-0.10402,-0.080433,-0.0076664,-0.009695,-0.010529,0.0098718,0.04201,0.032272,-0.012114,0.014139,-0.01306,0.00040153,-0.01366,0.0092711,-0.0032963,-0.012139,-0.0036811,0.009384,-0.033632,-0.0073018,2.0,1030.509418793551,0.0551017587554344,-0.0664600378370927,-1.0516385549752514,0.1014883785515171,0.295611441111111,474.7857142857143,0.3900804834379732,0.8580563659303212,1.7389162561576357,1.2236591309934814,0.5677822890300153,4.189361984543987,-0.9795335711494804,19.05017660192541,0.8884960267401821,1,0.0089362938603858,0.0077273520666334,0.9998934905595204,1018.2123201419676,0.0580974662390952,-0.0145166049603317,-1.0975976178253504,0.0127845530699726,0.2336965683333333,459.07142857142856,119.3312,20.0,18.980601581241004,119.3312,0.0,1193312000000.0,3.364178102797708,0.4966582888447588,0.6377074897428334
400,134,0.6050733427778802,0.999880324194624,7Networks_LH_SomMot_11-lh,lh,SomMot,-60.038825685568085,-19.98567181373921,18.521731339629167,0.60864887830063,0.6187200434700382,0.6370218543452887,0.4995588567181837,0.4306478848703775,-0.6466794133632342,57.93187008838476,44.250001588425285,13.681868499959478,1,17.10874034789926,0.0904850560508496,0.0122240366483318,0.0143969072390179,-0.0308839828819607,-0.0273736573814892,-0.048293898794256,-0.0001955077817846,-0.0313590474653914,-0.0163186400081251,-0.0062781185593596,65.0618926,0.1704800641997129,0.0026202752085243,0.8098827324058901,1.9137860693749904,0.2285766530612245,0.1458127676470588,1.5676038291635477,75.09510671814056,-0.12987,-0.11529,0.0069747,0.0042089,-0.023893,0.021313,0.037577,0.032715,-0.0010954,0.013498,-0.0071662,0.0023039,-0.011173,-0.00031814,-0.0044056,-0.0070647,-0.0039562,0.0047735,-0.012193,-0.0093786,2.0,870.3160192328608,0.0473476459482335,-0.0066191772626665,-1.057390704162921,-0.0369768964095041,0.2404769349999999,456.2142857142857,0.2356384563401916,0.8212116753918609,1.3251231527093597,1.7184783513084716,0.5621197870926893,4.323506655542283,-1.0699539356754777,16.94909831457604,0.8989502163494383,1,0.0058609526489574,0.0080121614146058,0.9998804355103104,979.9718227241706,0.0562768800305609,-0.0956336419407207,-1.0917392170412443,0.0161161104461855,0.2198752301805555,441.8571428571428,112.79149999999998,18.0,22.437869315555552,112.7915,0.0,1127915000000.0,3.566896965819127,0.5462013622105533,0.5731939020227589
400,135,0.6045209321768242,0.9998849165829192,7Networks_LH_SomMot_12-lh,lh,SomMot,-58.84164334007316,-5.112528729102339,22.820865601232047,0.7279722816829154,0.6541159038103218,0.4604912834620451,0.355894727106168,0.308577418268302,-0.2582573417186412,55.737670674954856,48.83990628550743,6.897764389447431,1,15.226277979469929,0.0267409935151269,0.0087444415779457,0.0924638323127119,-0.0177211215458481,-0.0053806611055959,-0.0262870845165493,0.001019043448173,-0.0089384966872194,-0.0336308136306324,-0.0288834165053374,74.89824089,0.2091661585533814,0.0027926711771548,0.8379602030019567,1.1203494703318555,0.2527657666666667,0.1667606542380952,1.5157398348545832,76.39051744337912,-0.149,-0.11995,0.019445,0.0087322,-0.033916,0.024408,0.02793,0.031356,0.0053993,0.0079805,-0.0036003,0.0019821,-0.0043759,-0.0033072,-0.0026289,0.0013366,-0.0057321,-0.0018563,0.007032,0.0036583,2.0,860.8269564139408,0.0524557574655672,-0.2928200168301209,-0.9264166856936592,0.0176786230751199,0.2170224427777778,387.4285714285714,0.2883980858324366,0.7918647716595015,1.6157635467980296,1.5191089633823194,0.5668235371350702,4.161250660968504,-0.9571072421506732,16.50615612494425,0.9143088870648703,1,0.0075993983165996,0.0078311552220576,0.9998850747333256,765.5115820300971,0.0511038338108061,-0.454525601999615,-0.8716092045723047,0.0188074278420377,0.2595336808333333,359.7857142857143,99.1388,16.0,20.935530632362706,99.1388,0.0,991388000000.0,2.959751789488652,0.4858727987900502,0.6878124407396499
400,136,0.6048753219533518,0.9998801372045149,7Networks_LH_SomMot_13-lh,lh,SomMot,-62.35561814361916,-12.373987597159909,31.45366324088424,0.5412605998658272,0.5640625697855369,0.4439053618892215,0.4420613704270312,0.3676067883134142,-0.6717374065396899,65.89649606411812,55.916772190914415,9.97972387320371,1,22.584394223678515,0.0571019427347152,0.0097708096127788,0.0769492931298773,-0.0352127639553208,-0.0619008146143373,-0.0316080396441388,-0.0045841940836922,-0.0011386206057319,0.0030484311317661,-0.0035032566391092,73.1176801,0.2002725067088923,0.0027390435040432,0.8359199240451707,1.519849341343891,0.2698261363636364,0.1749725363636363,1.5421056459321147,79.15046339324485,-0.15481,-0.13095,0.019166,0.01456,-0.036573,0.031561,0.034101,0.041602,0.003347,0.011576,-0.0062622,0.0054886,-0.0048264,-0.0046856,-0.0047884,-0.0048946,-0.0060082,-0.00058283,0.0050776,-0.0064365,2.0,860.8269564139408,0.0524557574655672,-0.2928200168301209,-0.9264166856936592,0.0176786230751199,0.2170224427777778,387.4285714285714,0.2323768594811519,0.6747145145176346,1.908866995073892,1.777239892074408,0.5743894284126551,3.643007837847751,-0.8241310102545755,15.274510822229086,0.921290997789556,1,0.0057562094819939,0.0079502960660294,0.9998801768325908,653.1043816522235,0.0348712895323948,-0.4428492899640138,-1.062611997704652,0.009577023927452,0.1692254213888889,269.0,102.12089999999999,16.0,21.439103976792282,102.1209,0.0,1021209000000.0,3.142820607935758,0.3330625568714177,0.8026065183522667
400,137,0.5995595819287983,0.999904037016232,7Networks_LH_SomMot_14-lh,lh,SomMot,-50.190783267419775,-10.547492154242454,28.73387516541377,0.6210181218242776,0.6853523907063502,0.6389537063870493,0.485692138184647,0.4835378124208087,-0.959310842841736,56.48366911935572,47.33951153726893,9.144157582086784,1,20.404572745521,0.059416701146308,0.0069635387114457,0.0340851593860406,-0.0057033852786629,-0.0413361218331951,0.0029605059012554,-0.0121353634330032,0.0148550910900463,0.0187630895315848,-0.0016478398774758,73.30175725,0.198337021638388,0.002705760804092,0.8383338032573094,1.2578572028281816,0.2031330557692307,0.1784288120111732,1.138454341346313,73.07028873143342,-0.15564,-0.13014,0.019524,0.015465,-0.037801,0.032021,0.035448,0.036363,0.0032828,0.010781,-0.0068,0.0031959,-0.0034747,-0.0049612,-0.0057055,-0.00079706,-0.0061868,-0.00446,0.0054494,-0.0046673,2.0,1118.8488051961665,0.0620842257675753,0.3997908984030889,-0.9415911937358216,-0.0776301260963614,0.2276886915277778,526.5714285714286,0.483715450393634,0.8278823426991357,2.0911330049261085,1.00201253450572,0.5598366908775418,4.271357785785616,-1.122033893130171,16.980873893670456,0.9167324207540228,1,0.0070540001096132,0.0078375527893405,0.999904150302104,1411.5592166899064,0.0715196360423867,0.4491170918291568,-1.3128941355762165,-0.1437962731658658,0.3703603038888889,608.6428571428571,49.9131,8.0,13.838083011871605,49.9131,0.0,499131000000.0,4.609114250942987,0.22789039651452558,0.8688560718528803
400,138,0.6011464218433881,0.9998938482138428,7Networks_LH_SomMot_15-lh,lh,SomMot,-53.3214094234946,-23.75585824414029,37.91048008757211,0.7326391773927307,0.670115253204997,0.6209622001462182,0.4422123130376689,0.4152833211142717,-0.324979613511908,69.8383858545269,56.09221219486936,13.74617365965755,1,29.87304552578536,0.0204738295322965,0.0047882693441235,0.1077829233249824,-0.0005289398805135,-0.0133704301606241,-0.0089341401150466,-0.0168567275726875,0.0071704000958222,-0.0171823151226322,-0.0227114269811869,84.26283507,0.2333761817866673,0.0027696217625779,0.8371805795520789,1.073197205304558,0.2778316530612245,0.2033473532124352,1.366290972247605,73.84979491129678,-0.15154,-0.13938,0.020423,0.015972,-0.034739,0.033807,0.026217,0.031383,0.0058074,0.0096101,-0.0023525,0.0061776,-0.0034835,-0.0067422,-0.0024603,-0.001148,-0.0055556,-0.0059857,0.0090407,-0.0097709,2.0,1336.4339714329326,0.0647221132188278,0.3434199748108158,-1.113995812001444,-0.0186777298204937,0.2179572090277778,581.0714285714286,0.3699132892575032,0.8135725121300479,2.502463054187192,1.3583414364979485,0.5591334470600555,4.171534093024924,-1.105545098275568,15.33957009959187,0.8968098170541573,1,0.0070599394066743,0.0080972776953045,0.9998938834068002,1418.9629452526235,0.0724640961541765,0.2115243006301424,-1.0473107167970237,-0.0727787692964365,0.2343289763888889,606.7857142857143,120.358,19.0,20.33715479917124,120.358,0.0,1203580000000.0,2.7250811130092742,0.5927335261467933,0.5891814420312733
400,139,0.5993216038475525,0.9999046798224568,7Networks_LH_SomMot_16-lh,lh,SomMot,-49.83749240769976,-10.013368644769963,40.2321214262352,0.7226572173932666,0.468082858534356,0.5362895192330387,0.4882756189557686,0.5198388925016701,0.7582820402603746,66.04756203012163,57.48741939908755,8.560142631034076,1,27.14328344917211,0.0618270393015316,0.0148930336772886,0.0492250177997898,-0.0351213936755431,-0.0142485757828242,-0.0390829459183614,0.0162197369421812,-0.0159827975669073,-0.0341551118131772,-0.023222507108796,102.74153800000002,0.2495665188674901,0.002429071276578,0.8333033552937938,1.270359066442833,0.3271391999999999,0.2413252459893048,1.355594598167068,73.37083585443929,-0.1354,-0.13534,0.018341,0.020439,-0.027269,0.028957,0.015332,0.023015,0.0090504,0.0004636,0.0029445,0.0018142,-0.0049283,-0.004322,0.0015792,0.010188,-0.0027954,-0.010708,0.012431,0.0079141,3.0,688.3503177888422,0.0411328679033416,0.6735034134095934,-0.7913481385869852,-0.0420734757364306,0.2806455902777777,385.2857142857143,0.4770867003343473,0.7886748687442464,3.110837438423645,1.0748670509746356,0.5682566466714121,3.8545191988712704,-0.8880082090099676,16.050448722352275,0.909633329088078,1,0.0074805992908805,0.0080909715724594,0.999904755179564,1022.0397556955512,0.0561521225095442,-0.0781266215789233,-1.2099326511442876,-0.064283400395674,0.19406172,441.07142857142856,173.9014,28.0,28.766140678702556,149.8785,24.0229,6.238984468959872,2.1851670891241533,0.657335506414156,0.5086347780983937
400,140,0.5982144958284243,0.999907478770478,7Networks_LH_SomMot_17-lh,lh,SomMot,-45.774021628853326,-17.987458420800163,37.90019580200836,0.7503826732132042,0.5331066022358877,0.3846478732754564,0.2636401285327104,0.3058897937610582,0.530185306163474,64.6025101905373,53.00939265403564,11.593117536501666,1,28.136355007445065,0.0524748686018017,0.0154147573140549,0.0657156600390871,-0.0460030796217221,-0.0237330336605564,-0.0355575703477379,0.0198071879693146,-0.0187511646798325,-0.0337764888818269,-0.0218514649690287,80.126025,0.208475334947021,0.0026018429710791,0.8324545417001101,1.38407807514906,0.2648023636363635,0.1854765344827586,1.4276866032247877,68.92028265472759,-0.09475,-0.078914,0.007142,0.009141,-0.0065462,0.00086835,-0.0067506,-0.0092649,0.010336,-0.013252,0.013293,-0.0084744,-0.013291,0.0038124,0.010833,0.011812,0.0025047,-0.0049646,0.0085045,0.027058,3.0,1716.5899840478314,0.0815544166800246,-0.3570320865223477,-0.960121666327177,-0.0330001880196781,0.3123407577777777,634.9285714285714,0.5053831348752834,0.8256319192639094,2.852216748768473,1.0019392446112108,0.5647419066568794,4.016335503394472,-1.0160773276518114,16.164762066019758,0.906284975212752,1,0.007887832136474,0.0079737789295755,0.9999075543258092,888.4677446780684,0.0471685997386954,-0.4011108030199241,-1.0807357990576285,0.0236613489304863,0.2361769730555555,356.57142857142856,79.74399999999999,12.0,16.472912358419684,79.744,0.0,797440000000.0,4.550625893104455,0.1785818994654279,0.9008853330658108
400,141,0.5975740923063311,0.9999073365086212,7Networks_LH_SomMot_18-lh,lh,SomMot,-8.743129790720923,-13.75252651180579,45.59628399935636,0.6325636874435345,0.6457946195934113,0.527527382446224,0.4550972094508664,0.3757310438491404,-0.6808186961760789,67.34526073767053,61.05071584983441,6.294544887836118,1,31.48352835315556,0.0240927346587119,0.0028341119129188,0.0923218843282777,0.009208669505445,-0.0278676963885578,0.0038145265409083,-0.0241416536869684,0.023846953108783,0.0019654479203568,-0.0138736126859708,85.6040898,0.2282175870688296,0.0026659659322557,0.8429590735632245,1.092636619320918,0.2001360304347826,0.1966,1.0179859121718415,61.585184053839455,-0.15806,-0.13128,0.024977,0.016852,-0.037758,0.029915,0.020535,0.026235,0.006542,0.0043135,-0.0017454,0.0047906,0.00084946,-0.0058722,-0.0019706,0.0016805,-0.0051546,-0.0059471,0.014569,-0.005359,2.0,760.6434878151232,0.0430800018018895,-0.6681187337515383,-0.7684311660845342,0.0192387093983919,0.2946796333333333,364.2142857142857,0.5190888455457223,0.8002837823665502,1.980295566502463,0.9709970192788367,0.5837702615176239,3.5631446491757925,-0.6535323166886166,18.098938642211795,0.9260837012989402,1,0.007479120895704,0.0060081812275771,0.9999070608471642,1418.9629452526235,0.0724640961541765,0.2115243006301424,-1.0473107167970237,-0.0727787692964365,0.2343289763888889,606.7857142857143,222.8314,40.0,25.48867606465863,222.83140000000003,0.0,2228314000000.0,2.464271652235101,0.7006895297945681,0.4132626730344108
400,142,0.5973254541340672,0.9999157590536454,7Networks_LH_SomMot_19-lh,lh,SomMot,-38.86746629572385,-16.22310636275578,44.99045438457107,0.3017351662425889,0.7723785497300419,0.3001678602101802,0.4852332635155448,0.2520445522386939,-3.017244999628007,68.27358781967916,58.14016374414185,10.133424075537311,1,31.86120453956937,0.0333514303879607,-0.0074304481089267,0.008590246560073,0.0246312145094681,-0.0164407192791482,-0.0139642880412739,-0.0155150950982557,0.0120611045392952,0.0195984261287304,-0.0021925087610728,44.906509,0.1436918887994162,0.0031998009197084,0.840130197170394,1.104030223025275,0.1090508064516128,0.1158727421383647,0.9411256206164664,71.2571391703189,0.011269,0.016038,-0.055606,-0.04827,0.022251,-0.010915,0.0040813,0.0045126,-0.025715,0.0062819,-0.0054794,-0.0090103,-0.010941,0.0080751,0.021885,-0.025683,-0.0095547,-0.0040296,-0.013266,0.010615,1.0,1301.674965402483,0.0688989106138483,0.0421296719893333,-1.2789040419118396,-0.1192735998621987,0.3100375625,489.57142857142856,0.539032569882076,0.8310595476450833,5.435960591133005,0.970869266345448,0.5917323566258205,3.209726596455782,-0.4590157346891286,15.899285302764156,0.906977623292686,1,0.0111183615863483,0.0085815740680142,0.9999156236550074,1174.5859979868085,0.0692562498812976,-0.6138784499017625,-0.7105756146306015,0.0263965020968371,0.2489627180555556,417.8571428571428,114.73153,20.0,22.40218528999601,109.79523,4.9363,22.242414358482215,2.6545626892322693,0.3531660843823511,0.7722637360453574
400,143,0.604383037371768,0.9998848447208488,7Networks_LH_SomMot_2-lh,lh,SomMot,-56.10931351951565,-23.69945911513901,5.707054936435079,0.6872698810744919,0.3168066337067627,0.6150813913979374,0.410462888150783,0.5690263197867849,1.4321269835265258,49.92724464461284,33.42692475841803,16.50031988619481,1,10.53407069640275,0.0368967419949064,0.0199385119390664,0.0672636451638632,-0.0206450817062882,-0.0400708329105697,0.0209237661392316,0.0019271384638637,0.0314804191654167,0.0042388840737551,-0.0008700430459501,92.85239569,0.2369330768135903,0.0025517174333806,0.8437405560002478,1.168639974311808,0.2481191176470588,0.236597894,1.0486953765623512,78.37592077074552,0.070677,0.059761,0.069697,0.075694,-0.023315,0.0102,0.012465,-0.0025097,-0.048718,0.047505,0.015553,0.017941,-0.018869,0.013172,-0.0088447,0.0085017,0.00056101,-0.003775,0.0078735,-0.0021891,2.0,1333.3164765601102,0.0723849594762218,-0.7442750330096227,-0.7795788724096546,0.09413744757031,0.3189244102777778,675.7857142857143,0.2966770192181657,0.8159032438722309,1.4310344827586208,1.4023490274671997,0.573814884654488,3.695117691463984,-0.7688729892383233,20.614296575104376,0.8864110291906582,1,0.0076431191807992,0.0077018751150756,0.999884903377968,1019.9752066703496,0.0588650998424656,-0.211935291599012,-1.1750108796722991,0.1481515495255825,0.2943039755555555,480.57142857142856,187.4931,30.0,35.569952097274374,130.20809999999997,57.285,2.272987693109412,1.834814389934811,0.7835251116687022,0.3198261696030414
400,144,0.5992523516531859,0.9999021017126164,7Networks_LH_SomMot_20-lh,lh,SomMot,-46.825092743854135,-19.5573662118036,52.93963616234915,0.6087935119494818,0.4067097595854904,0.4071472395225716,0.4304920600660293,0.4319761331954913,0.5423068753236029,78.76335893944888,67.61461666225321,11.148742277195666,1,37.63099156095057,0.0317041936132893,0.0253767945173783,0.0443764567890113,-0.0110319695329694,0.0034503062270658,0.0553937193943648,0.0116727532065229,0.0415687008757,-0.0066431854303555,0.0012949947749531,100.51337,0.2455904641113781,0.0024433611579348,0.8392117117532872,1.0379003948216403,0.2802092291666667,0.24255768,1.1552271981293023,76.19694867348093,0.062388,0.046113,0.088143,0.071013,0.002705,-0.0082097,0.0072051,-0.011051,-0.054889,0.034762,0.0048513,0.022248,-0.020686,0.012428,-0.020235,0.00090367,0.00093353,-0.011782,0.015246,-0.0011827,2.0,420.292226380117,0.0269960321830246,-0.395834017824431,-1.3401627499271531,0.067807136246283,0.2904089397222222,218.07142857142856,0.4144897507802428,0.7804596329950094,5.096059113300493,1.3089607776077792,0.5716463499182036,3.810073485840489,-0.7716648723458247,14.526081764189552,0.899918936248435,1,0.0091095781302554,0.0083749755933507,0.9999019342192226,1221.323380599913,0.0720799917728938,0.3666438822996916,-1.1889438497988958,-0.1216950243533997,0.3548855888888889,522.2142857142857,124.7143,19.0,22.888273514409853,118.9647,5.7496,20.69095241372111,3.0000844236083393,0.37060098420611765,0.7811413767306556
400,145,0.6004163571365246,0.9999027135405572,7Networks_LH_SomMot_21-lh,lh,SomMot,-46.16054633649737,-30.398967910518845,54.6225489349511,0.2466190295512182,0.777850508685022,0.6484375284078201,0.6280659382481575,0.6558848714664889,-3.3189644208341136,83.91099812537274,69.83199842073849,14.078999704634256,1,41.89321973412631,0.0236203060173953,0.0083771912561701,0.0586254211874712,-0.0274991025507935,-0.0197197564443985,-0.0168626923069815,0.0123414521458141,-0.0038138621603159,-0.0220717181301766,-0.0170375247689572,50.821699,0.1586413774027435,0.0031215284125473,0.8366455864028346,1.070135818979667,0.1426552340425532,0.1228503641025641,1.1612113237803143,76.3295943915872,0.0059671,-0.018297,-0.04643,-0.019486,0.030997,-0.0086527,-0.0088576,-0.0034734,-0.021176,0.0014934,-0.036458,-0.00036033,-0.007888,0.0065992,0.027004,-0.0098937,0.019915,-0.0056656,0.011176,0.0096411,1.0,581.1785573776407,0.0381372447281105,-0.5260364551880623,-0.8124649040988055,0.0196927657581662,0.2948168472222222,266.2857142857143,0.4228302604666087,0.7737980677510203,3.948275862068965,1.2728479747902792,0.554467977704126,4.2022402360889695,-1.2218849188268652,14.596486580526449,0.8934442661854733,1,0.0111709009138644,0.0085677319170024,0.9999025962246524,635.5019853103004,0.0414153503714857,-0.4169677334417235,-0.9735482679763744,0.1012110175165336,0.3066294916666666,439.6428571428572,185.8214,28.0,29.010478366648282,163.9043,21.9171,7.4783753324688105,2.1490728973430637,0.5663042352218441,0.6017993621832577
400,146,0.59818035902511,0.9999232008123304,7Networks_LH_SomMot_22-lh,lh,SomMot,-36.92225503634833,-24.852956129697137,48.816611440960536,0.5523392037256157,0.4924884056042963,0.7073078056651484,0.4857341816786473,0.7254087968443496,-0.2160962397304851,74.29418777565544,61.65888456087395,12.635303214781494,1,36.745853703485466,0.0284700197872123,0.0068806443800948,0.04635348796556,0.0030661329785052,-0.0488751748410045,0.011868119950302,-0.0128409721439195,0.0243894336591567,0.0242095406400202,0.0009444770372694,50.33352742,0.1552082124055031,0.0030835949785534,0.8455329265184309,1.0839199565437758,0.1194321015151515,0.1273688633128834,0.937686796560288,71.14018141401536,-0.00033667,0.0014493,-0.037906,-0.026417,0.023178,-0.017253,-0.016,-0.0069888,-0.020428,0.0018659,-0.041389,0.0039986,-0.0023473,-0.012081,0.029322,-0.01105,0.010529,-0.0057319,0.014152,0.00043377,1.0,1312.6852715796815,0.0636618085442546,0.3765076186375399,-1.1107250202135543,-0.1051658632819529,0.3072224578333333,591.2142857142857,0.5910740141194802,0.8456136282888458,5.004926108374384,0.8785840293392864,0.5593210371779386,4.364981038599523,-1.050787777276714,18.59645367769033,0.8841220373088974,1,0.0148058711617711,0.0082812892035088,0.999923107406396,1127.2143166033493,0.0572164837047786,-0.3468794879539843,-1.050649450064373,0.0075357258376902,0.1950460925,466.0,72.7734,14.0,18.466267535835897,68.65329999999999,4.1201,16.663017887510907,3.198194265240937,0.19137802724855346,0.8962093292329342
400,147,0.5952144499196846,0.9999157396043848,7Networks_LH_SomMot_23-lh,lh,SomMot,-10.595498790968524,-36.98443543109356,51.43822518967237,0.6290978685407437,0.559798589347883,0.4423114930138788,0.4982482819694939,0.6113025549309677,-0.215872446752478,81.4337381735846,67.93965060598815,13.494087567596452,1,41.95826574313149,0.0674884106561274,0.0103039740308974,0.0410284285017087,-0.0329674689891554,-0.033256965713939,-0.0423418803816675,0.0030031123630747,-0.0220990015890408,-0.0221233893204151,-0.0171115048354592,73.858884,0.1951218592149332,0.0026418197601614,0.8298517844756714,1.5291434648197313,0.1753655641025641,0.162987520661157,1.075944730514344,62.88598666716055,-0.092739,-0.086067,0.028281,0.017408,-0.01023,0.00095016,-0.03,-0.028239,-0.0086133,-0.0042191,0.0071063,0.00063601,0.0067008,0.0012659,0.0035633,-0.0024748,0.0044626,0.0027903,0.0091263,-0.010105,2.0,1056.8689900939578,0.056129057429779,-0.4855264375809849,-0.8190031253275785,0.0972757557157499,0.2164889769444444,468.6428571428572,0.5919138138434564,0.8496051677255171,4.859605911330049,0.8665083105326741,0.5821456213083938,3.536057536498153,-0.682386851612213,12.8775752892859,0.9008709194564704,1,0.0077662081737376,0.0064683382089929,0.9999154927725324,1354.8004855164306,0.0715072653732347,0.0298032193788659,-1.166675560643598,-0.0447958753014841,0.24243829,592.8571428571429,146.19143400000002,26.0,23.071874543456385,146.191434,0.0,1461914339999.9998,3.284607536605772,0.6531638109745241,0.5098609265984763
400,148,0.5998735635443806,0.999922672123498,7Networks_LH_SomMot_24-lh,lh,SomMot,-4.910091947092869,-23.9275973102834,54.10443394727046,0.3334918572041642,0.6205625429744922,0.4846444089341668,0.3604362942060469,0.3494131500569871,-2.0101737233607846,79.19005646947384,70.13106345987129,9.05899300960256,1,39.64093956144729,0.1133144016556846,0.0072593447409097,-0.0654537745197954,0.031580834270296,0.0415726725536621,-0.0435684246204685,-0.0236132689963606,-0.0072060733166487,-0.009827869307912,-0.0066513012181594,51.44251607,0.1517075771177618,0.0029490699271208,0.7951532766370727,1.3421282968107893,0.1379369971830986,0.1396473916666666,0.9877520477688124,64.40862002737308,0.002867,0.0051231,-0.061897,-0.057882,0.052941,-0.051499,0.017333,0.011143,-0.021305,0.029598,0.02175,0.0041538,0.014438,-0.02418,-0.0049464,0.025195,-0.0273,0.0060744,0.0065635,-0.0047511,2.0,835.6459271459149,0.0468556723766666,0.2446689926603049,-1.3493740700738506,-0.0425015824460724,0.2910395191666666,380.2142857142857,0.6239734119669966,0.8525692911027575,4.093596059113301,0.8237366872836563,0.5804421065241646,3.6474583657600905,-0.7030400877553996,14.965443489001045,0.922320692996081,1,0.0158003208538796,0.0064668945293406,0.9999223939232476,965.0838766080848,0.0527646959199623,0.0287214195742065,-0.8534598075965278,0.0392890549009383,0.2983457286111111,476.0,153.2362,26.0,21.47841709952186,153.23620000000003,0.0,1532362000000.0002,3.101493775402349,0.5573082535147331,0.6269784815859438
400,149,0.5985288381180642,0.999906012746444,7Networks_LH_SomMot_25-lh,lh,SomMot,-4.144896760297461,-9.14335792123472,57.2605713372943,0.3725292849541263,0.542152395508048,0.503807240304919,0.4683281549752879,0.4050247600955242,-1.3787223130401556,78.45830846482788,74.0537599975296,4.404548467298284,1,37.099350178747,0.1249066765437958,0.0129857881545564,-0.0596376300840368,0.0065033637077511,0.0221314370431767,-0.0014451646456342,-0.0149163350730884,-0.0340235250927723,-0.0091105618381168,-0.0146336440167212,48.17950021,0.145339291382383,0.003016620985037,0.7582001045391371,1.814307082696042,0.130153152,0.1373631616541353,0.9475113293690745,68.88492584485539,0.0076975,0.011625,-0.060065,-0.067692,0.049669,-0.050129,0.010023,0.0038098,-0.022935,0.031499,0.01225,0.0077894,0.015884,-0.03032,0.0018404,0.031012,-0.030203,0.0039413,0.014608,-0.0040382,2.0,1299.203318277098,0.065148227129502,-0.1494487865742327,-1.1171448127074926,0.0816022972246291,0.2570503169305555,601.5714285714286,0.5016813698791063,0.8525755258079013,2.1330049261083746,1.04789708440814,0.5876469682480331,3.3684179010598165,-0.5278631870264751,18.206789199742616,0.9188153836805508,1,0.0091821067788673,0.0066834313845706,0.9999057402234572,1329.478818518328,0.0704369590308557,-0.0394811145798647,-1.2540780525558397,-0.0948159671010015,0.2786084002777778,496.7857142857143,183.8761,35.0,24.30043407119706,183.8761,0.0,1838761000000.0,2.371130445567042,0.7154358786711004,0.4068021890827573
400,150,0.599833475852164,0.9999169095140656,7Networks_LH_SomMot_26-lh,lh,SomMot,-35.46460509877983,-19.69449630808176,60.009912207361566,0.4889147611368369,0.592122504942692,0.6326806018489702,0.5019327118201239,0.4189128277973455,-1.086434118204299,82.63335372814083,72.39641647138639,10.236937256754445,1,41.91429621684146,0.0799493393718755,0.0138260362285072,0.032710671870743,-0.0451670804921009,-0.0394012283179871,-0.0302638215445537,0.0100967586129816,-0.0319025264234902,-0.0153701065338181,-0.0065105643745163,53.4578081,0.1513953392152743,0.0028320528767619,0.8093852230096559,1.9198086827642524,0.1802878799999999,0.1217388655913978,1.4809393777088502,71.16307296053303,0.012003,0.019565,-0.057745,-0.055751,0.033504,-0.025136,0.0093291,0.0020062,-0.019827,0.018559,0.014592,0.0071383,0.0060843,-0.024839,0.010233,0.0078701,-0.027986,0.0015092,0.0065746,0.0047451,3.0,973.760330996402,0.0563164559514889,0.0899983231318004,-1.078685733251322,0.0027773500098179,0.2197516261833333,444.07142857142856,0.5265600587509474,0.7936102084047193,6.561576354679803,1.074862645745681,0.5682492938910232,4.079638526689417,-0.971573114350109,13.581451658440685,0.8804373288556903,1,0.0166678937221907,0.00940438200079,0.9999167328368676,1396.4099780031174,0.0735293176841441,0.0632986308572404,-1.1594438778891696,-0.1316289026853838,0.2969707222222222,566.4285714285714,214.6338,32.0,31.262199906226,172.8081,41.8257,4.131624814398488,2.066835870264203,0.4539544756169751,0.7137412653552235
400,151,0.5982239774200078,0.9999119732901172,7Networks_LH_SomMot_27-lh,lh,SomMot,-30.09208316156825,-44.93929588001974,58.88197968505706,0.5021796681978781,0.6115043242573958,0.6601195109940038,0.4650608073975662,0.4575586245012877,-1.1298311450012617,91.4952200468384,75.17047515493653,16.324744891901872,1,48.81097657504016,0.1176930884512494,0.0093753068608831,-0.0705812112174055,0.0256495645947414,0.0402892923656461,-0.0065358359941177,-0.0078724991104221,-0.0056167485268647,-0.0104167463854702,-0.0118062062097576,69.77628940000001,0.1969652268395609,0.0028228102774304,0.7989650214840768,1.2255753661168622,0.1908164642857142,0.1655655117977528,1.1525133592046362,72.37521292165277,0.0094818,0.0046152,-0.059745,-0.063201,0.044111,-0.048128,0.016046,0.0081553,-0.01228,0.02978,0.030458,0.0002136,0.0079147,-0.022431,-0.0029013,0.028084,-0.020573,0.0041424,0.016044,-6.9116e-05,3.0,888.4677446780684,0.0471685997386954,-0.4011108030199241,-1.0807357990576285,0.0236613489304863,0.2361769730555555,356.57142857142856,0.5344113955815286,0.8242615289529218,3.293103448275862,1.0121250380834184,0.5692643629482881,4.071586657279394,-0.9893975108785734,19.7488166282962,0.8405857074133044,1,0.0085249404498919,0.0086491858403665,0.9999115900201616,1130.5659467717926,0.0613810859975564,0.41084120716917,-0.9864329038615772,-0.000963345043279,0.2025336433333333,507.3571428571428,166.3529,26.0,28.23474955794049,147.8896,18.4633,8.009922386528899,2.064929860430374,0.7208919592740448,0.3068542838748228
400,152,0.5992508235030035,0.999916251327376,7Networks_LH_SomMot_28-lh,lh,SomMot,-33.50274708048503,-28.586031125386555,58.95554850260417,0.3644555947237821,0.6087508709713393,0.6655675963243812,0.6247456620136074,0.5046605956371839,-1.791698177897306,84.35827795918388,71.6846567908594,12.673621168324471,1,43.94913843917846,-0.0110365857162091,-0.0555162610011013,-0.0357691166010973,0.0268726587632958,0.0162497821945953,-0.0385279855851357,0.0464371364649001,0.0325138525341563,-0.0086660923481324,0.0072438173014261,84.321024,0.2177966825140579,0.0025829463659478,0.8180446185214405,0.7680146579417684,0.2238146,0.2181512696629213,1.0259605650851051,73.86050385237917,0.0047468,0.0072751,-0.065993,-0.058813,0.060604,-0.05004,0.019703,0.008894,-0.011285,0.018569,0.028405,-0.0020758,0.0028294,-0.0063672,-0.01123,0.030803,-0.015844,-0.0071832,0.01274,-0.012955,3.0,1063.762304276665,0.0578842656891978,0.255770577864548,-1.3042659152686331,-0.1242106584446908,0.327150015,471.8571428571428,0.5197098877137933,0.8308124787545436,6.150246305418719,1.0737351405523878,0.5720573661669097,3.865361935084127,-0.8359680350014765,14.447495079662556,0.8779244775403907,1,0.0161490752663998,0.008896782683098,0.9999160018189628,1290.0781819547044,0.0777555238408521,-0.909010228112378,-0.0814780836107602,0.0244487649041431,0.249553375,464.2142857142857,97.6347,14.0,18.408418621820378,91.8137,5.821,15.772839717990504,3.350778501929523,0.19631080738848383,0.8896724217926618
400,153,0.5988575465643015,0.9999102224343842,7Networks_LH_SomMot_29-lh,lh,SomMot,-30.132549316611065,-36.48280794796528,60.82360043621704,0.5815454870845979,0.5147563803536018,0.6240777754620613,0.5654942517371234,0.4918947005465105,-0.1972730712360806,88.98402150648928,74.69610100220143,14.287920504287854,1,47.4390026461198,0.1203418464411058,0.0092537278792108,-0.0574991854823438,0.0211339455497511,0.0299310055487881,-0.0464639320433775,-0.0208405350659893,-0.015502816311706,-0.0107886361082715,-0.0053332415898622,79.6305007,0.1960440274655912,0.0024619213208757,0.7983845766525185,1.6039212197569988,0.2362636851851851,0.1899917505555555,1.2435470717542785,71.07003306180638,0.018346,0.014998,-0.055191,-0.062626,0.031292,-0.037132,0.011621,0.0029886,-0.0086987,0.022327,0.030279,0.002104,0.011592,-0.024161,0.0021323,0.021056,-0.026607,-0.0035835,0.023188,0.0036143,2.0,1329.478818518328,0.0704369590308557,-0.0394811145798647,-1.2540780525558397,-0.0948159671010015,0.2786084002777778,496.7857142857143,0.4960980769444522,0.8146523417060788,5.16256157635468,1.1536911955130325,0.5602309601424816,4.225143373696324,-1.1390359575663542,16.834295659692057,0.8560614692257468,1,0.0118872485309282,0.008811993164423,0.9999097464670008,1203.9933813033283,0.0688116802165329,-0.328070817989246,-1.072270688049053,0.1376136381905314,0.3356463249999999,532.0,150.3929,24.0,29.279542463653947,117.0889,33.304,3.5157608695546605,1.9579165863253725,0.45680906343513306,0.6875690275272303
400,154,0.6001632745850183,0.9999017823435457,7Networks_LH_SomMot_3-lh,lh,SomMot,-36.600375378225735,-24.48510210232472,8.472105336007406,0.5426142221379607,0.5072512332974918,0.4573012309011715,0.4099369520509298,0.1959014816610137,-0.3466644444548208,41.53726476172494,22.65369052501715,18.88357423670779,2,12.42879383230186,0.0845896975689872,-0.0007836673883483,-0.0506591171838961,0.0442409099610274,0.0404086160975714,-0.0618083882222647,-0.0021832287054644,0.0290330093861825,-0.0116986397833787,0.0015515258425927,82.794883,0.213134901522422,0.0025742521010889,0.8275659674656276,1.0606959350190763,0.1946082833333333,0.1922684897959183,1.0121694066390263,67.27897063887644,0.013133,0.0033868,-0.053536,-0.05409,0.042459,-0.040486,0.012226,0.011311,-0.0036321,0.027245,0.034724,0.00092103,-0.0066728,-0.010403,0.0033223,0.014491,-0.015763,0.0040925,0.024804,0.00088336,3.0,1128.8042326088062,0.0586657963929335,-0.674524560358196,-0.9425303948174424,0.1567476466852251,0.3625106313888889,523.2142857142857,0.4831285555356004,0.8134497936975973,1.411330049261084,0.8371521011594002,0.5668694619538172,4.0816332628830105,-1.0197843609128077,20.99244327445986,0.9026287545662538,1,0.0060491784042906,0.007059699983707,0.9999017442212692,1039.0146528749674,0.0632499068335092,-0.1440352597563841,-1.2179955932214708,0.141535842576182,0.2339771244444444,429.2857142857143,115.32660000000001,17.0,27.48466653563714,89.89880000000001,25.427799999999998,3.535453322727349,3.5186255892650102,0.4593512522056381,0.703170820955443
400,155,0.6001121909607326,0.999912814037353,7Networks_LH_SomMot_30-lh,lh,SomMot,-26.147134152439435,-11.438259468999265,60.13442602888109,0.5302572715703335,0.3687407071846249,0.5127729947302819,0.4051340151120857,0.4634760774710977,0.3688901783484848,79.7529128494575,72.66437869606644,7.088534153391066,2,39.51213345802843,-0.0199211946709118,-0.0652312702068921,-0.038836492839933,0.0174146921489005,0.0136912369998952,-0.0347098925104447,0.0489434446134345,0.0307147745450303,-0.0076822569329494,0.0067624064000131,83.49070549999999,0.2149952446549825,0.002575079984858,0.8102566092014424,0.7701415624612755,0.2310200566037736,0.2068274597701149,1.116969945619655,72.25900934845106,0.0091207,0.015761,-0.05846,-0.052593,0.056486,-0.040047,0.015485,0.015202,-0.0002062,-0.0023227,0.026151,0.001618,-0.0012246,0.0090612,-0.0084039,0.024183,-0.011058,-0.017378,0.021292,-0.022753,3.0,632.9810739666708,0.0413378094855588,-0.3250941450024372,-0.8702777686242915,0.0674982011148249,0.3172445611111111,422.0,0.5263871863386722,0.8368630869559095,4.652709359605911,1.0477682436151428,0.5737539654140381,3.894597907982889,-0.8354804796185291,14.76405832102765,0.9095539441023106,1,0.0140087502756129,0.0087903321829405,0.99991253069034,1306.8817271998598,0.0655326018112032,-0.472103243027347,-1.2183750194124832,0.1575489042860317,0.3661418819444444,544.4285714285714,137.298,23.0,29.4788584756827,117.81269999999998,19.4853,6.046234853935807,2.540757914791754,0.633359930018589,0.4657285612317732
400,156,0.5989091630614785,0.9999070648724088,7Networks_LH_SomMot_31-lh,lh,SomMot,-22.04363322725483,-26.53818640989416,60.84053631202848,0.715483645046807,0.5519936636168653,0.6277362464861653,0.6006111639021616,0.5705140537202926,0.2527006497496625,84.5482873808349,73.37554031750587,11.17274706332904,2,44.465777710185336,-0.0156943641499481,-0.0675533390261784,-0.037537951861912,0.0229264927407182,0.0123390886484188,-0.0407703468934501,0.0505569911992195,0.0315190483573249,-0.0092909983905389,0.0050241794119083,97.827698,0.2403954547758272,0.0024573352914384,0.8118946866763581,0.8098298498747345,0.24632528125,0.2493953148148148,0.9876900908669298,70.63915733247397,0.015865,0.025056,-0.047658,-0.057571,0.026727,-0.013126,0.010292,0.0046031,0.010323,-0.0021751,0.030589,0.0013695,-0.01592,0.0055096,0.0036863,-0.00012887,-0.0042057,-0.020817,0.022453,-0.012484,3.0,998.2399756015028,0.0519723562218985,-0.2309759232564991,-1.080326349548665,-0.0132163317355506,0.2507264785111111,398.07142857142856,0.481242888812933,0.7973898966503665,4.4507389162561575,1.1813589743811688,0.5725028800043946,3.862214405340956,-0.8765240000722133,12.720265542585048,0.9139215825463824,1,0.0097928296855547,0.0081583562038952,0.9999066924676416,1306.8817271998598,0.0655326018112032,-0.472103243027347,-1.2183750194124832,0.1575489042860317,0.3661418819444444,544.4285714285714,99.09440000000001,19.0,17.2830890621012,99.09440000000001,0.0,990944000000.0,2.8190859907646773,0.1507590076022156,0.9196765912099977
400,157,0.598729417528523,0.9999062545664736,7Networks_LH_SomMot_32-lh,lh,SomMot,-9.737462859300951,-42.27655872147296,68.4564729499186,0.5445186347268935,0.2477948363548301,0.7444272306946249,0.8697265035586363,0.769235845356745,1.1169020098573967,98.82616768431814,85.45764664924742,13.368521035070714,2,53.756851386393045,0.0658165172064013,-0.0082370417972203,-0.0424367029683065,0.043141762718729,0.0365960029974262,-0.0641531090779764,0.0103333025640683,0.0317458712943784,-0.0158821018547422,-0.0022053372881041,79.88697930000001,0.2063216026552989,0.0025826687210219,0.8223509563852478,0.9610748649796956,0.2221358035714285,0.2030658644067796,1.0939101168528118,73.96148602227622,0.020234,0.031146,-0.04414,-0.063104,0.012854,0.011976,0.009767,-0.0028538,-0.0013507,-0.0014147,0.031852,0.0045589,-0.014123,-0.0092379,0.017801,-0.0090388,-0.010871,-0.017199,0.016905,0.005769,3.0,633.2907915536643,0.0410130554331052,-0.1997889269692833,-0.6609177526832108,0.0196223592168381,0.2781742305555555,422.4285714285714,0.4797666583745251,0.8321118757007167,4.886699507389163,1.194688914393478,0.5876626732833816,3.3660403745327687,-0.532933263945443,15.52721401292603,0.87878921407121,1,0.0115921729956261,0.0081076402996053,0.999905861091813,1039.0146528749674,0.0632499068335092,-0.1440352597563841,-1.2179955932214708,0.141535842576182,0.2339771244444444,429.2857142857143,188.29999999999998,29.0,24.619329887841648,184.2039,4.0961,44.97055735834158,2.8094997970056133,0.6154645457246813,0.5774317578332449
400,158,0.6009118224832151,0.9999133607917836,7Networks_LH_SomMot_33-lh,lh,SomMot,-4.5160255521326,-25.76914211897783,67.47828754237,0.6935053652577798,0.5688849108089776,0.5109955574706515,0.658342921328879,0.6298477402662788,0.0499437996997805,92.18692329267566,83.07573801853763,9.111185274138023,2,48.21771516111534,-0.0072045703506669,-0.0195364297443432,-0.0241626559605229,0.0505471234172513,0.0094537649522866,-0.030793362607885,0.0452827693112292,0.0448574047789973,-0.0056905922590147,0.0119926036227906,113.560869,0.2695043563722576,0.0023732149880961,0.8268140233725957,0.795974001334027,0.2733130769230769,0.2913737423312884,0.938015466467537,71.71388105976375,0.027478,0.027709,-0.026128,-0.017115,0.010651,-0.0049267,0.01193,-0.010913,0.012017,0.0046535,0.02974,-0.016785,-0.0096583,-0.015311,0.02197,-0.014251,-0.0089761,-0.0154,0.023584,-0.0087923,2.0,946.1881889396468,0.0537810641686044,0.0265768889151569,-1.0709269614033323,0.012968781698743,0.15149988175,405.7142857142857,0.5340408247956557,0.8119211414220544,4.298029556650246,1.0539113676499852,0.580621896354099,3.573169436405305,-0.702202729105486,13.242538130204675,0.9246839107282296,1,0.0149970958059878,0.0077518145608,0.9999130115682396,1062.2120734057248,0.0579926153381713,-0.5704991215256908,-1.0934946573994484,0.155007806150143,0.3492007141666666,442.07142857142856,221.6871,33.0,25.26644478265265,209.7312,11.9559,17.542067096433207,3.0409634536570405,0.45592254606914084,0.7170832222533472
400,159,0.6005409249244386,0.999894627842884,7Networks_LH_SomMot_34-lh,lh,SomMot,-16.98395305465736,-14.130715002357736,68.84486236950427,,,,,,,88.85895381689309,81.80277237496067,7.056181441932424,2,45.54613192240988,0.1169119041441158,0.0116624845705546,-0.0635999753949479,0.0261311180565162,0.0362545690739521,-0.0097022622003737,-0.0029220163351108,0.008049176237624,-0.0072122733690436,-0.002802474257983,95.854512,0.2334398536891952,0.0024353559244968,0.8208703778504031,1.194484957910302,0.2771723725490196,0.2454533978494623,1.129226056206759,74.12491651195776,0.045728,0.052339,-0.0019354,0.024147,-0.023997,0.017848,0.019531,0.010717,0.0063317,0.0037776,0.035247,-0.033599,-0.0083731,-0.0057607,0.039995,-0.0050431,-0.0060987,-0.0019563,0.0049187,-0.0011058,2.0,1411.5592166899064,0.0715196360423867,0.4491170918291568,-1.3128941355762165,-0.1437962731658658,0.3703603038888889,608.6428571428571,0.3802417352377182,0.7946301677556625,3.278325123152709,1.433784534564986,0.6006117847843161,2.9170113488504708,-0.2133491140971176,13.579489122598815,0.8972745458090204,1,0.0086009650693479,0.0076260959920571,0.9998943690540482,1301.674965402483,0.0688989106138483,0.0421296719893333,-1.2789040419118396,-0.1192735998621987,0.3100375625,489.57142857142856,221.1388,37.0,30.49407925190734,194.8574,26.2814,7.414270168227667,1.9813420098450731,0.5305951288003425,0.6440620099231794
400,160,0.5991105815880506,0.9999088762728604,7Networks_LH_SomMot_35-lh,lh,SomMot,-19.01375838058765,-31.45782142355233,64.50237796687279,0.6758114965633718,0.452803560893097,0.5637288102011632,0.5150361439392965,0.4901975045025736,0.6135414988314453,89.84885702836054,77.87585020276013,11.973006825600407,2,48.13877320718937,0.0671882765524075,0.022017328815612,0.0073202937361594,-0.0163967508384449,0.0029225276127862,0.0608151885815679,0.0268064083746269,0.0295983187357109,-0.0103804503703298,-0.0016200505405527,99.421886,0.2415721628838933,0.002429768460474,0.8339799153195999,1.1636417425264576,0.2689197741935484,0.2322908058823529,1.157685828572906,69.8602965150681,0.070836,0.056874,0.026927,0.037511,-0.051132,0.043793,0.026664,-0.0083735,-0.0020993,0.025422,0.029913,-0.01812,0.0045602,0.0033472,0.033621,0.016541,-0.00070116,0.016383,-0.0092765,-0.0048213,2.0,685.348592566829,0.0473856817693753,-0.4356215422355073,-0.960082806789878,0.0186894196672701,0.2685239689944444,306.7142857142857,0.4920954436704481,0.8412549404027645,4.24384236453202,1.169037995168647,0.5936357644490656,3.130028148152737,-0.4060850062478679,11.94148492585516,0.8939183608169436,1,0.0116979588769082,0.0086893173945235,0.999908554810886,781.7211324307979,0.0456659045949432,-0.0611614386106892,-0.8556124220270847,0.0188053029987,0.2677204280555555,399.9285714285714,77.15656999999999,14.0,15.512240401893235,77.15656999999999,0.0,771565699999.9999,3.082833776034246,0.013955006972950823,0.9929731194634495
400,161,0.597586320485872,0.9999171201334198,7Networks_LH_SomMot_36-lh,lh,SomMot,-20.53849470405113,-39.21286640400155,68.25770817294696,0.6560830521492698,0.256677528033452,0.6757230695230835,0.5791421925051693,0.5902684989163288,1.6157679116270445,96.48771963223844,82.86198174020099,13.625737892037463,2,52.71848482496864,0.1327214232631533,0.0138448201711674,-0.0719234812225327,0.0134463935927952,0.0313339598429779,0.0106483709938554,-0.0151440153911297,-0.0293510860752016,-0.0071378826953439,-0.0156495616416872,67.08501869,0.1911204686504973,0.0028489292003238,0.760216214552866,1.633048786972159,0.1926265509803922,0.1645416666666666,1.17068554589004,72.81241454779176,0.057311,0.053706,0.032123,0.043721,-0.01899,0.0091103,0.032319,0.013737,0.0087878,0.01047,0.026008,-0.047562,0.0048665,-0.016266,0.05032,-0.006342,-0.0027872,-0.00082016,0.00091331,-4.0302e-06,2.0,1172.6005552711556,0.0618001705101606,0.119008000557778,-1.2475957733849,-0.1421987546058753,0.3510013745555556,511.7142857142857,0.5717439427155687,0.81924270910159,4.657635467980295,0.9653238523086108,0.5971386260029339,2.9901614581367424,-0.2907639623477062,18.87226267698908,0.8766553744260347,1,0.0119069222801567,0.0081395128097696,0.9999168528168892,1301.674965402483,0.0688989106138483,0.0421296719893333,-1.2789040419118396,-0.1192735998621987,0.3100375625,489.57142857142856,157.3441,28.0,29.422855636382337,130.832,26.512099999999997,4.934803353921664,1.9060880873892674,0.43620632555451255,0.7253020608971038
400,162,0.5991659427862519,0.999910227245452,7Networks_LH_SomMot_37-lh,lh,SomMot,-13.274689418241982,-29.313758384396824,68.78446425905653,0.6654823086508652,0.452662155123426,0.5492316571593105,0.5134146947712616,0.2866439612348888,0.5635371591931827,93.36745031954965,82.64206273197044,10.725387587579192,2,50.064806070752965,0.1154205552181351,0.0086780122057652,-0.056248272333344,0.0263168500004161,0.0293418762295412,-0.0424061008503612,-0.0180428336967931,0.0004794339248022,-0.0034634336873952,0.00220312033568,86.6542,0.212858821205472,0.0024564166676886,0.813891590916909,1.4288880805968178,0.2432551896551724,0.2212213636363636,1.0996008050337631,72.07154170650864,0.037929,0.034689,0.0029802,0.0070473,-0.00824,-0.00069637,0.018953,0.0087599,0.013579,-0.0040654,0.025184,-0.050145,-0.0029365,-0.021787,0.042341,-0.013167,-0.001878,-0.016876,0.0096536,-0.010302,2.0,965.0838766080848,0.0527646959199623,0.0287214195742065,-0.8534598075965278,0.0392890549009383,0.2983457286111111,476.0,0.5003050422363186,0.7784510415697149,4.753694581280788,1.135012981965936,0.598647310675622,2.915851699056668,-0.253960489028292,12.270622064782394,0.9162402145237284,1,0.0113351312482956,0.0082580770084216,0.9999099780209798,976.343919369035,0.0524846482385329,0.0736955736564945,-1.0891481090985222,0.0134153905026435,0.2666736388888889,440.3571428571428,125.3667,23.0,24.047060545341132,115.63859999999998,9.7281,11.887069417338564,2.8843206691601297,0.1360152725011673,0.9280008168038243
400,163,0.5978128330190016,0.9999086132011076,7Networks_LH_SomMot_4-lh,lh,SomMot,-38.73192432550015,-8.68678628993808,12.735589813597676,0.6781792242506797,0.4377689986675296,0.6542276311277939,0.5755441459017512,0.4922289912495953,0.7094512104527837,37.223491496507336,29.240595199214944,7.982896297292392,2,10.247389775140029,0.1251693957601912,0.0169151913826797,-0.0402508241145766,-0.0158523984607559,-0.0012218239987849,0.0230210644248421,0.0050386209647529,-0.0313428316727443,-0.008091510824157,-0.010630316512352,70.8360895,0.1833294537473568,0.0025880798197802,0.7610098610250179,2.0299368389888275,0.1850164042553191,0.1810766573333333,1.0217573423202615,69.06246255029077,0.069782,0.042743,0.060521,0.04127,-0.018602,0.0073822,0.035503,-0.0027835,-0.0044762,0.018577,0.016432,-0.040602,0.01046,-0.015441,0.03798,-0.0055655,0.0032386,0.00017171,-0.0015762,-0.0057986,2.0,1004.29775575883,0.0540646513985258,0.1163624872838942,-1.316877866365903,-0.084936198007054,0.2423967047222222,436.6428571428572,0.559257873076813,0.8132354549648544,1.438423645320197,0.759762634685807,0.5996025039129934,2.9766678909412634,-0.2614301770470575,21.06632152881048,0.9107873476128808,1,0.0067412926730937,0.0080018180876143,0.9999087665721051,781.7211324307979,0.0456659045949432,-0.0611614386106892,-0.8556124220270847,0.0188053029987,0.2677204280555555,399.9285714285714,153.3609,24.0,25.732850963302948,147.97619999999998,5.3847,27.48086244307982,2.7678504750601287,0.5293351562234275,0.5621954487747529
400,164,0.5961889044668783,0.999916048690139,7Networks_LH_SomMot_5-lh,lh,SomMot,-36.52532194769103,-26.759153874289897,17.119322231382032,0.6962420318074234,0.4923146693469583,0.4961132881754636,0.5212480176735833,0.448337570634247,0.4925629874709725,48.89250779759576,31.085401760684555,17.807106036911208,2,18.299339501116187,0.1131437742284557,0.0136004559118944,-0.016346650914301,-0.0215757302331975,-0.0214184708244565,-0.0235797812544833,-0.0078773101506819,-0.0322946653176085,0.0030064777271949,0.007090318756012,64.94381775,0.1598650578444378,0.0024615900848266,0.7485551728125597,2.395477133108871,0.2127900555555555,0.1344529101449275,1.5826362937620633,63.09937343363885,0.061055,0.038219,0.063242,0.047906,0.00095038,-0.0075693,0.035641,0.015457,0.0043014,-0.0042218,0.010656,-0.029325,0.0016574,-0.020055,0.046249,-0.0080355,-0.0056318,-0.0078446,0.0051069,0.0053142,2.0,1004.29775575883,0.0540646513985258,0.1163624872838942,-1.316877866365903,-0.084936198007054,0.2423967047222222,436.6428571428572,0.6276436365052244,0.8274463130650777,1.8201970443349755,0.6945202657064165,0.5803357107332109,3.817238221720634,-0.7838283605675621,19.46822229816448,0.8980162617070032,1,0.0070046717188475,0.0073351535696837,0.9999158872137636,976.343919369035,0.0524846482385329,0.0736955736564945,-1.0891481090985222,0.0134153905026435,0.2666736388888889,440.3571428571428,118.3051,20.0,23.50866348474791,115.35610000000001,2.949,39.11702271823951,3.351522344271524,0.5292440368466534,0.6132618120436059
400,165,0.6029345855884144,0.9998878451585974,7Networks_LH_SomMot_6-lh,lh,SomMot,-58.85225339873676,-37.719997849821056,14.647466864282077,0.1368633168149858,0.5160147161888616,0.6638619224027004,0.407490118821343,0.5740718172502943,-2.391184207779729,64.53296749575502,44.45162937239239,20.081338123362627,2,20.10447947351556,0.0933638375639538,0.004832574876404,-0.0539640547361975,0.0341526268503601,0.0386581574611129,-0.049088699283552,-0.0240042066570975,0.0044374621830935,-0.0082758921068966,-0.0063761341545592,58.409462,0.1656144737016205,0.0028354048818552,0.8217041314207363,1.034741010371995,0.1260055531914893,0.1334768682926829,0.9440253933796732,77.85334091932974,-0.0070639,-0.0099452,-0.046241,-0.03159,0.035326,-0.026307,0.0082809,-0.0011598,-0.023341,0.0084725,-0.0094626,0.0018037,-0.011335,0.0075913,0.012175,-0.027731,-0.0033996,0.018361,-0.032136,0.019272,1.0,1301.674965402483,0.0688989106138483,0.0421296719893333,-1.2789040419118396,-0.1192735998621987,0.3100375625,489.57142857142856,0.3338974585741616,0.7713078495422239,1.5591133004926108,1.3860064841730857,0.5846936381848584,3.587960435833159,-0.6488185567093252,20.11823504206024,0.8705172276116775,1,0.0055721536908272,0.0079072609668831,0.9998877861750648,860.8269564139408,0.0524557574655672,-0.2928200168301209,-0.9264166856936592,0.0176786230751199,0.2170224427777778,387.4285714285714,140.6422,22.0,30.08189859163895,113.0712,27.570999999999998,4.101091726799533,2.388904752968289,0.6906092784544239,0.23994007488506294
400,166,0.5966006166597543,0.999918794020058,7Networks_LH_SomMot_7-lh,lh,SomMot,-41.89994005826891,-34.98152779736212,12.694232993023492,0.6770559231724521,0.5657410510360236,0.6180998046356424,0.5575203420289429,0.4665807805464941,-0.0133305810277087,53.45748836944384,32.05401147875773,21.403476890686107,2,18.110998135022733,0.0400835454840462,0.0132880606128922,0.0487164960761689,-0.0280535684093737,-0.0051417185421353,-0.0142116761655544,0.0143129449741377,-0.0131599341458374,-0.030033697709196,-0.027263726659339,53.68722819999999,0.1605864350770648,0.0029911478103979,0.8382238411026524,1.1055775854795988,0.177116935483871,0.1173403848484848,1.5094286213704642,66.10174000465187,-0.10126,-0.072863,-0.0083381,-0.011851,-0.010036,0.0036197,0.039722,0.033719,-0.0079052,0.014279,-0.004251,-0.0038848,-0.017578,0.0075273,-0.0016238,-0.011885,0.0013284,0.010246,-0.021502,-0.0046742,2.0,1433.3840704198346,0.0991330136120832,-1.086644053895479,-0.0234190420950644,0.0233230982289008,0.2934947063888889,401.9285714285714,0.6674290535849976,0.8158651389930639,1.5788177339901477,0.5835935046647962,0.5746302587729016,3.958942100200742,-0.9135717213572536,20.72856667698404,0.8792079141471956,1,0.0095497829265399,0.0072828502288838,0.9999186593790008,688.3503177888422,0.0411328679033416,0.6735034134095934,-0.7913481385869852,-0.0420734757364306,0.2806455902777777,385.2857142857143,114.5765,18.0,25.76755033966474,104.1866,10.3899,10.027680728303181,3.8011857225751244,0.547012842179849,0.5195280009426017
400,167,0.5994790475624237,0.9999057897368367,7Networks_LH_SomMot_8-lh,lh,SomMot,-47.326613596264544,-14.227169012377164,13.181350216885946,0.4949112550743835,0.8065339885679955,0.7978874432455185,0.6659894905265178,0.5996598673337824,-2.258677805269416,44.112851277245134,32.26366329877061,11.849187978474523,2,12.176960833844715,0.1121855760840036,0.013687187986949,-0.0622946496240884,0.0073684736823922,0.0254464468319377,0.0446194316649482,0.0003789502691677,-0.0175648432626822,-0.0081864860986111,-0.021981566981809,52.5979159,0.1661515953006179,0.0031589007369834,0.7879918537024152,1.0761207281736045,0.1112544416666666,0.129000502259887,0.862434173754516,72.53750463977065,-0.12751,-0.12584,0.0041721,0.0040518,-0.020721,0.02995,0.037825,0.043459,-0.010997,0.020344,-0.013433,0.0081829,-0.0092882,-0.00080019,-0.0042921,-0.013833,-0.0020293,0.0096919,-0.025181,-0.01154,2.0,1713.7126428378308,0.0815561713333781,-0.0894941904701373,-1.1154986618298135,0.0225724535532959,0.2431123027777777,643.0,0.5143247258510577,0.8436036341986138,1.7955665024630545,0.8785824923848797,0.5870314158707244,3.5827651016487327,-0.5472857970954883,20.044239111663323,0.8936614392065616,1,0.0089930480570388,0.0074740506471442,0.999905899813364,1333.3164765601102,0.0723849594762218,-0.7442750330096227,-0.7795788724096546,0.09413744757031,0.3189244102777778,675.7857142857143,119.3231,19.0,18.921014389098445,119.32310000000001,0.0,1193231000000.0,3.7918018730899217,0.46929044436857625,0.6239143971284689
400,168,0.6070074496359057,0.9998785455516572,7Networks_LH_SomMot_9-lh,lh,SomMot,-60.75959134706309,-4.318530817605345,10.313856801180773,0.2709103256698735,0.8031604751391771,0.5868973490126831,0.5416604967658429,0.5260381948283667,-3.341361933264595,48.71527854084947,42.6263710194589,6.088907521390567,2,7.483873325990067,0.0973658139497369,0.0132926556459661,-0.0498201200597149,-0.0003453983213929,0.0137711790944038,0.0557647522346051,0.0074079923167814,-0.0119048332666976,-0.004954002802628,-0.0180497153488025,40.60749158,0.1334019715582403,0.0032851566636441,0.7956415256685305,1.1056296561048926,0.1018433170731707,0.1014410774887892,1.0039652524790013,83.05429739318534,-0.058294,-0.037024,-0.020613,-0.010131,0.011918,-0.015504,0.012979,-0.015943,-0.024669,0.0062703,-0.017962,-0.0064903,-0.01003,-0.0017935,0.012211,-0.016683,0.0039816,0.018026,-0.033754,-0.0069071,1.0,1214.2738113328844,0.0647912178784621,-0.1273978720988154,-1.4410969992261882,-0.0300176954400285,0.1276562792777777,497.2857142857143,0.2251930720567208,0.6985621475246906,1.179802955665025,1.6593358252179171,0.5714374559408911,4.051988388244393,-0.9413504937418254,19.21985926501188,0.9004773865783204,1,0.0098333693376638,0.0077053577021239,0.9998787315481812,600.003088880938,0.0420476459663156,-0.5966113295716747,-0.800034133571208,0.0170350365608965,0.2397503094444444,272.85714285714283,156.5775,25.0,29.150820016446904,146.2586,10.3189,14.173855740300093,2.397451800104373,0.6193293348342207,0.5233497788635021
400,169,0.6065579636136628,0.9998913309081048,7Networks_LH_Vis_1-lh,lh,Vis,-31.4309310791405,-41.7305473893453,-23.353852010419683,0.6900365157745164,0.7049404821737028,0.5731869096084156,0.451221387270323,0.4537145540868837,-0.729679430552542,46.998820803272594,24.756775504594795,22.2420452986778,2,-1.4931469894482206,0.100881137129447,0.0049072241057145,-0.0510188375593718,0.0332614943667449,0.0363872508849002,-0.0635386152359676,-0.0225260782740122,-0.0014725439147165,-0.0146744347055904,-0.0088344009405298,59.631416810000005,0.1637472602218915,0.0027459897648139,0.8108276514492357,1.8439149600249685,0.1646420333333333,0.1334723031818181,1.2335295734404337,75.8438367158322,-0.041573,-0.034905,-0.031567,0.0086641,0.026157,-0.012473,0.019176,0.0025633,-0.0079796,-0.0081502,0.0056789,-0.0058038,-0.02577,-0.0030715,0.0057292,-0.0055988,0.006298,0.0057143,-0.028286,0.013622,2.0,1433.3840704198346,0.0991330136120832,-1.086644053895479,-0.0234190420950644,0.0233230982289008,0.2934947063888889,401.9285714285714,0.3305200569785094,0.726230614607024,1.1428571428571428,1.124469085768631,0.5674491549607389,4.100544593913127,-1.017076922377035,23.095159952126,0.8915162262614446,1,0.0127851171694071,0.0078951991979027,0.9998914278714754,1330.1070065558215,0.0786697991354404,-0.1580970375159097,-0.6295840564134929,0.0545566218983967,0.3044815107499999,714.0714285714286,140.051,21.0,34.55442884095695,114.14399999999999,25.907,4.405913459665705,3.40091502796903,0.5767251912544216,0.5963934566693563
400,170,0.6040320566194705,0.999888469244606,7Networks_LH_Vis_10-lh,lh,Vis,-13.831584402089996,-61.93816955272968,-6.925084474659111,0.7418274020475848,0.678456908995415,0.722303494057591,0.8240929722833231,0.6944201088284744,-0.3265470565346573,67.35888190311759,44.556804570996206,22.802077332121385,2,14.42640018102344,0.0971139278142605,0.0131360122910222,0.0035512744926039,-0.0290580308902039,-0.0326620991907127,-0.0204733140810807,3.5059210374937595e-05,-0.0222578436424504,0.0017779919643286,0.005680260210864,67.390987,0.1813712706746988,0.0026913283029143,0.8122250185440723,1.530736488530775,0.2185465624999999,0.1505827976190476,1.451338172822083,70.24027052576146,-0.14442,-0.12643,0.01219,0.005877,-0.031205,0.0269,0.040814,0.036891,-0.00083012,0.015243,-0.0088264,0.005348,-0.0084043,-0.00059379,-0.0064719,-0.0049605,-0.0050678,0.0043991,-0.0080928,-0.003897,2.0,730.828157336289,0.0442879631232449,0.0892299464661608,-0.5625617853284774,0.0280034361846524,0.2953498575,523.9285714285714,0.3044516195403996,0.7965320653569988,2.118226600985221,1.3848802095417974,0.5682359782405514,4.1104092073804255,-0.985396738758044,28.6192092027655,0.796879722563116,1,0.0074507477131126,0.007211426316347,0.999888449357116,938.9764261624936,0.0505743261701774,0.3375490583194547,-1.063316989695247,-0.0263377199401967,0.2933913333333333,480.2857142857143,131.4925,20.0,28.19882278610715,120.52629999999999,10.9662,10.990707811174419,4.312264590062827,0.20117318828480435,0.8894575736258721
400,171,0.604165391860317,0.999887601064329,7Networks_LH_Vis_11-lh,lh,Vis,-7.6674930474741,-76.6371835941891,-6.423972532256983,0.6668604634903261,0.6129285835754518,0.544100363978351,0.4393399587188864,0.4456122823004739,-0.3279464539475503,82.71505634091717,60.43404244941274,22.28101389150443,2,19.13677155890253,0.0768235327363452,-0.0002188597311006,-0.0361687525455838,0.0391160108993762,0.032472514936117,-0.0680475223108399,-0.0141378019157335,0.0150178477218162,-0.0151393775879062,-0.0101172707720418,70.8481029,0.1879952478593898,0.0026534972732364,0.83253279767554,1.2520464329621102,0.23088975,0.1713951581730769,1.347119442149776,77.93232464037983,-0.062996,-0.046947,-0.022964,-0.011336,0.016891,-0.01511,0.021309,0.0053536,-0.00165,0.011572,0.012807,-0.0036594,-0.024423,0.01563,0.0030288,0.0094509,0.0056558,0.01215,-0.010825,0.020019,2.0,911.3115725273228,0.0524027386083993,-0.3928774250416242,-1.2203125683620808,0.1407730748875328,0.3066837308333333,373.5,0.2970853295139639,0.8162301071582514,2.362068965517241,1.44059820022031,0.5687037920179874,3.9932516046574382,-0.9925437912042016,32.300049918389874,0.7945300898706119,1,0.0072851761560833,0.0059555814903817,0.9998876504653252,420.292226380117,0.0269960321830246,-0.395834017824431,-1.3401627499271531,0.067807136246283,0.2904089397222222,218.07142857142856,126.1635,20.0,36.855958154543664,100.62000000000002,25.543499999999998,3.9391626049525756,3.6067441828728586,0.3450758619552472,0.797536529978956
400,172,0.607911664223195,0.9998687530524972,7Networks_LH_Vis_12-lh,lh,Vis,-24.88535555931016,-96.7344111954627,-12.331187576548398,0.6356636062130714,0.6942293647935609,0.8337112261454547,0.7276599475511265,0.5028228943430627,-0.937040919951138,100.935040049987,76.7983108975525,24.136729152434512,2,21.62161081270977,0.1048964302710166,0.0114756502536142,-0.05737639322957,0.0102624566750718,0.0226670112036178,0.034276590680913,-0.0085758637921607,-0.017293010836476,-0.0024791180535404,-0.0201053235920577,53.8523089,0.1546615260535125,0.0028719571957522,0.7937643466249372,2.5588592394384926,0.2945863157894737,0.1106949325,2.6612448182607564,88.60373869696524,-0.14873,-0.11909,0.017417,0.011281,-0.033507,0.027764,0.031772,0.035595,-0.003486,0.012822,-0.0096515,0.0037202,-0.0023327,-0.0053211,-0.0047609,-0.010315,-0.0033155,0.0023259,-0.0027061,-0.01397,2.0,1306.8817271998598,0.0655326018112032,-0.472103243027347,-1.2183750194124832,0.1575489042860317,0.3661418819444444,544.4285714285714,0.0917670321786673,0.5985127886677776,2.4679802955665027,2.4827833488795634,0.5715739316964522,4.107165891721011,-0.9148785844314103,25.50329885214443,0.7728135830886508,1,0.0049670810387477,0.00647367971984,0.999868689567086,1231.4863467461676,0.0632547861561911,-0.3316976141090536,-0.9750202247723035,0.1182608289491572,0.2607807530555555,561.0,98.91499999999999,14.0,45.605753090950515,64.7391,34.1759,1.894291006229845,3.73439379303543,0.4802337678363138,0.6925400596471719
400,173,0.6061173789634736,0.9998797641544048,7Networks_LH_Vis_13-lh,lh,Vis,-13.33588174859591,-44.53940906480609,-4.765169160052536,0.3121593103467278,0.8550496835707599,0.6168191760444122,0.5429762837826164,0.5783097383157023,-3.429336214723439,51.05195319277135,29.488332245545944,21.56362094722541,2,10.502721223410305,0.0977224300149602,0.0115924772574991,-0.048766987410847,0.0048826152575626,0.0127228751050691,0.0418669064815741,-0.0049342801954993,-0.0122991867816751,0.0027039848564689,-0.0159708482328984,55.90591794,0.1595003824614176,0.0028530142843251,0.8053953559589802,2.271350676328309,0.1951260526315789,0.1184645906930693,1.647125536207016,63.48718243963961,-0.1167,-0.070757,0.010511,-0.0089638,-0.018904,-0.0018148,0.014193,0.0024449,-0.010343,0.011609,-0.0084788,-0.00029474,-0.0032334,0.0059634,0.0029246,-0.018101,0.00092312,0.018312,-0.0074407,-0.0049675,1.0,913.1927483042972,0.0539522831810927,0.5197001275043449,-0.9658581706605648,-0.0598200693311981,0.2875697001388889,446.5,0.2350372848469877,0.8199453240355109,1.1748768472906403,1.561374652087278,0.5571214276605805,4.448886910724491,-1.1729638768043429,21.18903102133809,0.899432616934643,1,0.0064350557224173,0.0078415173216837,0.9998797889186632,1032.4694969936022,0.0544467187035199,-0.0347914394994675,-1.344446200659419,-0.0475418366674135,0.1559248388888889,433.3571428571428,118.22952000000001,21.0,32.38063364420599,104.12762,14.1019,7.383942589244116,3.1646973018894804,0.4750082838724483,0.6903193043497089
400,174,0.6059586389233127,0.9998739989976352,7Networks_LH_Vis_14-lh,lh,Vis,-39.96225601367736,-87.00389323226904,-5.55985734128598,0.7475693242041804,0.5900053033584982,0.4519285300306722,0.4277547560081589,0.3403291306035402,0.1974440372776301,93.59010831225844,68.36733660661834,25.2227717056401,2,22.76525356490912,0.0900189112305844,0.0028016988784184,-0.0409353398677147,0.0342058498830781,0.0313173458581815,-0.0694493122464605,-0.0197052605253359,0.0054063295348007,-0.0140159706269485,-0.0080980898436548,69.646558,0.183523191618658,0.0026350647740322,0.8221711532759217,1.5631112236626654,0.2781631071428571,0.160690053030303,1.731053675844488,88.53493016218009,-0.07489,-0.060096,-0.0047359,0.018647,0.0084446,-0.013042,-0.0013127,-0.028032,0.0069406,-0.015941,0.014062,-0.0095413,-0.018866,0.0027661,0.0068592,0.015523,0.010157,0.0012595,-0.0048966,0.021748,3.0,918.4116869175102,0.05106769758552,-0.7739147208039515,-0.8381704196870943,0.0208264512294464,0.3252907694444444,365.3571428571428,0.1599124847128196,0.6023210370771979,1.977832512315271,2.1267319720690656,0.5681521172438024,3.926410888962968,-1.014571311498957,16.5959877789189,0.8170647028614836,1,0.0053481725070757,0.0064379729256371,0.9998740720195372,1716.5899840478314,0.0815544166800246,-0.3570320865223477,-0.960121666327177,-0.0330001880196781,0.3123407577777777,634.9285714285714,97.0354,14.0,26.382513298506097,88.33120000000001,8.7042,10.148112405388801,3.1307207168259255,0.16726039683225358,0.9102987157264256
400,175,0.6052555039519395,0.9998786929603636,7Networks_LH_Vis_15-lh,lh,Vis,-10.10872519621048,-97.78456176792218,-3.886825971378868,,,,,,,103.44409655417438,80.22692413617207,23.217172418002303,2,27.00327294754933,0.1088430330730293,0.0157959800678287,-0.0438917071026583,-0.0118098766494746,0.002200096021764,0.0577877836954657,0.0090231205791824,-0.0220319455215467,-0.0046433348864477,-0.017385764228345,59.908481,0.165497624899618,0.002762507446973,0.7949857994181369,2.143691418929795,0.2770475769230769,0.130977411832061,2.115231724587621,85.47166450661645,-0.15856,-0.14195,0.022677,0.012549,-0.038725,0.037757,0.029783,0.0417,0.0019618,0.015686,-0.0067356,0.0084772,-0.0006369,-0.0072032,-0.0045764,-0.0059096,-0.0060585,-0.0028253,0.0068767,-0.01523,2.0,1306.8817271998598,0.0655326018112032,-0.472103243027347,-1.2183750194124832,0.1575489042860317,0.3661418819444444,544.4285714285714,0.2096184276954011,0.7641246408875318,3.3645320197044337,1.965284089981406,0.5714150628101433,4.443551290621306,-0.6686151716603065,25.5467562271656,0.8194878599044644,1,0.0089393045355677,0.0056905395720582,0.9998786401008274,946.1881889396468,0.0537810641686044,0.0265768889151569,-1.0709269614033323,0.012968781698743,0.15149988175,405.7142857142857,112.3889,16.0,35.65549498430392,97.97480000000002,14.414100000000001,6.797150012787499,3.301617276117997,0.2317548914900326,0.8717480107021245
400,176,0.6030814331256527,0.999890052296654,7Networks_LH_Vis_16-lh,lh,Vis,-15.482495665705253,-58.09110391465523,0.7895022529339805,0.1917418370433821,0.8438192130123466,0.6069445831980648,0.5638218649683566,0.635326094969954,-3.958580854950447,65.19837761019116,42.08552577875146,23.1128518314397,2,17.901032526156957,0.0224736613417942,0.0010444136561352,0.015989484106674,0.0222117837169785,-0.033351141116983,0.0101977108333192,-0.0175069544544451,0.0152628860849753,0.0170175730055837,-0.0097500033983431,69.33810539999999,0.1916182918494113,0.0027635351549299,0.8410971055709932,1.2335242140781082,0.1864826226415094,0.172411326618705,1.0816146838528895,68.71833610318018,-0.075119,0.01098,-0.00068736,-0.043428,0.0021457,-0.022211,0.00061588,-0.00092624,-0.016041,0.012858,-0.0018156,0.0054848,-0.011179,-0.00060657,0.0059765,0.0068557,0.0094287,0.0028285,-0.012996,0.0055208,1.0,781.7211324307979,0.0456659045949432,-0.0611614386106892,-0.8556124220270847,0.0188053029987,0.2677204280555555,399.9285714285714,0.3336252785787173,0.8198732855928805,2.12807881773399,1.2850188047148716,0.565120266073412,4.464388010532606,-0.9227270266892192,20.3915491500132,0.8415948821999821,1,0.0073037554420578,0.0079402742293558,0.9998900431127448,1041.8691323236756,0.0549605661503609,0.1254844996590757,-0.9948076009561456,-0.0118174402111332,0.2402388076944444,510.57142857142856,128.30659,22.0,23.72315435138021,121.63498999999999,6.6716,18.231756999546857,3.569224308583351,0.3995603905354338,0.7463809925897025
400,177,0.60518488845688,0.9998755937416772,7Networks_LH_Vis_17-lh,lh,Vis,-44.34436879345911,-72.90463907650104,1.5993256595568917,0.4112773207353314,0.6316327295625375,0.4899306292678831,0.3696500169352747,0.3791823910593387,-1.6896864635768316,82.44833469861211,57.0173735405808,25.43096115803132,2,22.830987118684444,0.1175619307946635,0.0092937051282689,-0.0673045549239826,0.0279417845424629,0.0403191558032244,-0.0305832355904191,-0.0287566971297807,-0.0189305579615282,-0.0094325726385336,-0.014253412247246,69.3343183,0.1777171664698131,0.002563191949196,0.7871475754769084,2.536694267799404,0.2848022702702702,0.1397143831034482,2.038460634761912,77.54812778016087,-0.14387,-0.1261,0.025363,0.015358,-0.032377,0.024969,0.0096028,0.010528,-0.0015506,0.0044234,-0.0022226,0.006945,0.0032723,-0.0040261,-4.2492e-05,-0.0034347,-0.0016128,-0.0018395,0.013234,-0.014178,2.0,667.8907562036042,0.0402264668521217,-0.2932717505012204,-0.2661457967840288,0.0214808958492654,0.1816927984722222,420.57142857142856,0.1912052354325405,0.7801869520373347,2.3399014778325125,2.018526548607054,0.5747215875782603,3.763361150401572,-0.7474435417052896,14.520637631625958,0.8830515726817337,1,0.0073813098077184,0.0070722096917336,0.9998756127019288,1128.8042326088062,0.0586657963929335,-0.674524560358196,-0.9425303948174424,0.1567476466852251,0.3625106313888889,523.2142857142857,157.19019999999998,25.0,41.33582033773122,113.0569,44.1333,2.5617141704731763,2.162072144821464,0.7298561268668876,0.3993862212784258
400,178,0.5996393482821791,0.9998965309073656,7Networks_LH_Vis_18-lh,lh,Vis,-7.046712842381116,-88.08057260050357,3.616288670102469,0.5754047335989428,0.4914272136534309,0.6892136852080641,0.4914800533331379,0.5691268904191966,-0.096716786587602,95.75853269095144,72.92374839618466,22.83478429476679,2,28.59394498221255,0.1169605523370006,0.0096933339938303,-0.0666121033229995,0.0249166515742676,0.0389482064733844,-0.0241893795766818,-0.026356886588799,-0.0231782094796597,-0.011943299729315,-0.0182710343492244,59.02579179999999,0.1708637882483055,0.0028947309817877,0.7749291518309417,2.7208052002549614,0.2894655869565218,0.1204433107623318,2.4033346881952165,73.23037763190467,-0.15675,-0.14143,0.027897,0.018925,-0.037835,0.035176,0.014779,0.023838,0.0031975,0.0061184,-0.0018456,0.0064969,0.0038465,-0.0085954,-0.0016261,0.0011453,-0.0044511,-0.010185,0.017355,-0.012114,2.0,667.8907562036042,0.0402264668521217,-0.2932717505012204,-0.2661457967840288,0.0214808958492654,0.1816927984722222,420.57142857142856,0.3986618358084199,0.8328319133769607,4.689655172413793,1.331316695323007,0.5812955998720952,3.339175972617446,-0.5652720702102776,32.956902101804964,0.8186351311641274,1,0.0072916791063412,0.0051757492869227,0.9998966775002428,816.419619776225,0.045093765591122,0.0866230367549504,-1.157705838124789,0.0029008634208853,0.2971695611666666,390.9285714285714,114.83279999999999,16.0,31.504285038855638,103.39320000000001,11.4396,9.0381831531781,4.024392602124874,0.23060351439505666,0.8709811134101059
400,179,0.6038930465271011,0.9998816421783912,7Networks_LH_Vis_19-lh,lh,Vis,-26.07193373999697,-94.43096102044936,3.78806229834965,0.5375774632540753,0.6186245158832534,0.6379890375384332,0.5908297689124049,0.4409824618473892,-0.9956590757301288,100.89576002245542,76.1114203590183,24.784339663437123,2,30.6021256851446,0.0723260144393801,0.00208816874124,-0.0218165137971115,0.0283718437040332,0.0077051841411149,-0.0301692523267244,-0.026323010732482,0.0049052599564064,0.0072421904193387,-0.0067308228122625,65.1865507,0.1784955402221233,0.002738226494654,0.8322293710399773,1.6529806204614148,0.2476955806451612,0.1497050850980392,1.6545568930907997,87.12618997600325,-0.16003,-0.13925,0.024934,0.020763,-0.039587,0.035721,0.025278,0.031988,0.0039549,0.0063786,-0.0037941,0.0064149,0.0008384,-0.0079559,-0.0037053,0.00046512,-0.0051454,-0.0091584,0.014848,-0.0094484,2.0,773.3302586145771,0.0429707496914934,-0.436943820474833,-1.2067876197347691,0.1588364982113875,0.3388505361111111,313.7857142857143,0.2449888117858172,0.7448250120820293,3.827586206896552,1.851787828768417,0.5784022291871057,3.455950967180803,-0.6184784945272424,31.78164397456868,0.8211608529071949,1,0.0079833701115525,0.0063137096343332,0.9998817878186516,816.419619776225,0.045093765591122,0.0866230367549504,-1.157705838124789,0.0029008634208853,0.2971695611666666,390.9285714285714,103.9178,15.0,41.16424546618102,75.39580000000001,28.522,2.643426127190789,3.328062217303344,0.4452773184608467,0.725533065557585
400,180,0.6082475457409504,0.9998870714972588,7Networks_LH_Vis_2-lh,lh,Vis,-31.40945883181384,-35.14854264301093,-18.22494495228168,0.6656923012904534,0.458387969916007,0.4332585546175762,0.4364523561254796,0.3383753295975508,0.5324778206643982,40.2640895440441,16.728798324801787,23.53529121924231,2,-0.3904041784657313,0.0764256326978163,0.0146459434981545,0.0011584960941241,-0.0118706215419656,-0.015415396781049,0.0489876866534271,0.0094408300885007,0.0216243144771009,0.0013030569146638,-0.0022205214749982,80.524145,0.2102897114192133,0.0026115112606157,0.8332314629855904,1.3888011029997076,0.2372624054054053,0.1932488071065989,1.2277561183172128,74.24535896753598,-0.14452,-0.11494,0.027844,0.02341,-0.032335,0.021141,0.0019333,0.016021,0.007987,-0.004849,0.0043066,-0.0016593,0.0042935,-0.0042319,0.0029801,0.0084293,-0.0032059,-0.0081367,0.023236,0.012635,2.0,760.6434878151232,0.0430800018018895,-0.6681187337515383,-0.7684311660845342,0.0192387093983919,0.2946796333333333,364.2142857142857,0.2640673792204249,0.7616245345537678,1.0689655172413792,1.2656104992876285,0.557487023282392,4.200233999925027,-1.1195167921294895,23.942963427555625,0.90819065614867,1,0.0129371589147203,0.0110519193050399,0.9998871239296824,870.3160192328608,0.0473476459482335,-0.0066191772626665,-1.057390704162921,-0.0369768964095041,0.2404769349999999,456.2142857142857,206.88061,36.0,37.66413055464181,165.0693,41.81131,3.9479581003227406,2.083751665348935,0.6283352068524067,0.5446368318422882
400,181,0.6043280137669396,0.9998871820278296,7Networks_LH_Vis_20-lh,lh,Vis,-13.2440716159587,-51.69824464759048,2.876118942084057,0.7171007815848893,0.4073684177796093,0.5388330294586934,0.4457796502536489,0.3907588329541582,1.0712488264364468,60.12298296636106,37.9975663824999,22.12541658386116,2,17.235144759527575,0.125523862582879,0.0124553209236578,-0.0514064601485373,0.006655004985351,0.0162326302614079,-0.0268535093678299,-0.0193077232524316,-0.0292934378184469,-0.0062126482512261,-0.0051916989254302,73.76617159999999,0.1825877666771667,0.0024752235708667,0.7792857746412559,2.272585433238428,0.2894351666666666,0.1271656954545454,2.276047525273973,60.733361445450754,-0.13569,-0.11784,0.028305,0.025899,-0.027387,0.013918,-0.0086008,-0.016601,0.010741,-0.016667,0.0074531,-0.0029624,0.004686,-0.0041104,0.0062247,0.018629,-0.0039578,-0.012652,0.022781,0.019004,3.0,631.8289290271185,0.0384050067081352,-0.260073473872084,-0.787400246354943,0.0746194668316496,0.3022853416666667,352.0,0.3125270845377201,0.8324916971209483,1.916256157635468,1.3486538194325215,0.5655809936512481,3.9849574894598856,-0.9595818743233496,19.77045561262752,0.8671907808998894,1,0.0091619473493636,0.0071870147375375,0.9998871456522636,734.7840378112621,0.0392188810070345,-0.867450677884263,0.1215392812654774,-0.0701590495436477,0.3314734111111111,311.2142857142857,187.4641,33.0,34.28810652933827,164.0266,23.4375,6.998468266636807,2.4315939619986255,0.5671861493378925,0.5676372169391366
400,182,0.5982659687476746,0.9999073437483876,7Networks_LH_Vis_21-lh,lh,Vis,-9.856477479710986,-75.67654549863917,7.829021696911358,0.5902517591168523,0.4999632247003941,0.2941695932402895,0.2436849805409212,0.2021551182995784,-0.0715446952545036,84.63424486351256,61.82439024820911,22.80985461530345,2,27.400376667738566,0.1174228566525114,0.0092825717498719,-0.0654565590472872,0.026204206575606,0.0393424935915465,-0.0361003778411434,-0.0273173778217792,-0.0209265131312757,-0.0129854339316572,-0.0148228566939642,49.62810769000001,0.152831795486247,0.0030795410625083,0.7636086802859323,2.8591874119276137,0.2299632833333333,0.0844526492571428,2.7229848333216733,64.5756851682704,-0.11794,-0.086752,0.02934,0.018143,-0.020204,0.0035849,-0.0216,-0.014805,-0.0011004,-0.0095479,0.0059377,-0.0047327,0.010436,-0.0050037,0.0048544,0.0035606,0.00050849,-0.0036283,0.016859,-0.0040025,2.0,1056.8689900939578,0.056129057429779,-0.4855264375809849,-0.8190031253275785,0.0972757557157499,0.2164889769444444,468.6428571428572,0.5030603279228997,0.8502899019862715,4.891625615763547,1.022470948217873,0.5775532977494425,3.5075978123026834,-0.6559054449392095,30.411493794840062,0.8212414477747072,1,0.0085568225795475,0.0065871346325317,0.9999073573406728,874.8494727666011,0.0480000808058049,-0.3143851242635987,-1.112881793866321,0.0190424643583792,0.2827829152777777,394.07142857142856,187.1516,29.0,31.333259784453634,164.2375,22.9141,7.167530036060036,2.6460553276193335,0.2057893109647405,0.8860303625510014
400,183,0.5990562400595085,0.999903867547704,7Networks_LH_Vis_22-lh,lh,Vis,-21.03412999840422,-66.21519638146768,5.735785520143349,0.6041596407240664,0.6486480214457848,0.5652311247445208,0.4570339933916224,0.4211187429141759,-0.8364968888626992,74.12485562890697,49.98925694059957,24.135598688307404,2,23.30603022652631,0.1181729691835648,0.0151778832496601,-0.0589935906409729,4.3409755512586605e-05,0.0168713965195528,0.0488877542599884,0.000428334238021,-0.0248577789079205,-0.0065758520009613,-0.0207029341520697,56.55967059,0.163526389154879,0.0028912189100249,0.7733559165049333,2.7126116245911063,0.2320375161290322,0.0983925666666666,2.3582829857391387,63.79477753958347,-0.14893,-0.1297,0.0283,0.022958,-0.034874,0.023864,0.0053677,-0.0018476,0.0077093,-0.0048067,0.0024664,0.0023672,0.0058025,-0.0058929,0.0018373,0.0098001,-0.0041785,-0.011247,0.023007,0.0038868,2.0,668.5933160167114,0.041251669951466,-0.6348318273027563,-0.7883868750790723,0.0209547630898245,0.282817075,297.07142857142856,0.4820469289058753,0.8133338997138485,3.0566502463054186,0.9736914410083908,0.5596460008189592,4.138168843145392,-1.1157260888394065,19.84930447614763,0.823967330617528,1,0.0070694938984816,0.0067463809907828,0.9999037991504705,870.3160192328608,0.0473476459482335,-0.0066191772626665,-1.057390704162921,-0.0369768964095041,0.2404769349999999,456.2142857142857,202.69398,34.0,30.395578334286846,182.15928000000002,20.5347,8.870803079621954,2.425170885485925,0.27264767734968354,0.8458114049563782
400,184,0.6036508191404795,0.9998800570547168,7Networks_LH_Vis_23-lh,lh,Vis,-38.88945099783496,-83.35966367350517,10.044632151487876,0.7759953457385451,0.5589465949824428,0.6376819373727535,0.6791532310919063,0.5712193082001557,0.5113153691452316,93.2923672369207,67.9631733407759,25.3291938961448,2,31.03467839294428,0.0909836464566744,0.0042099754151401,-0.0282025547171927,0.0211455912578711,0.017421740538138,-0.0656409502181119,-0.0108610393135715,0.0005882580324911,-0.0149674376463605,-0.0068572210962455,83.17178799999999,0.2136280696008689,0.00256851601652,0.8273425020378711,1.3195612183223957,0.2756575,0.1904935769230769,1.4470697873797922,83.38708019056708,-0.079686,-0.07439,0.021043,0.018068,0.00097615,-0.0084239,-0.040271,-0.04162,0.016556,-0.01937,0.014626,-0.0046934,-0.0032224,0.0017878,0.014091,0.012018,-0.0052009,6.3848e-05,0.0040056,0.01451,3.0,592.4446753354557,0.0374391549231844,-0.5109045231767496,-1.0588525306762735,0.0202529965019173,0.3156525594444444,248.1428571428572,0.2368027829449755,0.7428541534825097,3.3891625615763545,1.909716452480973,0.5647229446917597,4.068080549095302,-1.0021535071112926,22.008423167544315,0.831194384040732,1,0.0084627661982886,0.0067533284968339,0.9998800326613202,1312.6852715796815,0.0636618085442546,0.3765076186375399,-1.1107250202135543,-0.1051658632819529,0.3072224578333333,591.2142857142857,133.2743,18.0,28.970616998112263,115.6311,17.6432,6.5538621111444995,3.3479206227269818,0.47452469404027875,0.6984047186891995
400,185,0.5986853386883139,0.9998993912729948,7Networks_LH_Vis_24-lh,lh,Vis,-14.192239268374,-97.16284925567436,15.415261314818578,0.6885366049253233,0.5049724667135711,0.4214455756535853,0.426041995792578,0.435281510804624,0.383724822568587,106.82444891459176,83.04430212022704,23.78014679436471,2,38.39801156559345,0.1122906712991834,0.0156485606182242,-0.0209346591867249,-0.0241969050346903,-0.0104950469426275,0.0031526123335574,0.0055647611402129,-0.0361537559645134,-0.0146981378676655,-0.0137546140742967,63.2483787,0.1705423905079242,0.0026963914967144,0.7840827380403305,2.014733264867658,0.25064371875,0.1389209120833333,1.8042187803894247,81.32807769618826,-0.11574,-0.092434,0.028521,0.023794,-0.016872,0.0023649,-0.026251,-0.034957,0.0090071,-0.016703,0.012528,-0.0083617,0.0065364,0.0020695,0.0085075,0.019316,-0.0012822,-0.0082096,0.019771,0.023777,3.0,631.8289290271185,0.0384050067081352,-0.260073473872084,-0.787400246354943,0.0746194668316496,0.3022853416666667,352.0,0.4308468133584628,0.7142551146995234,5.5911330049261085,1.3292793551120057,0.5720776749770374,3.8261346424000906,-0.8240840416117279,29.71299617076732,0.8230018434512766,1,0.0075266417936077,0.0076862993874949,0.9998992431549194,734.7840378112621,0.0392188810070345,-0.867450677884263,0.1215392812654774,-0.0701590495436477,0.3314734111111111,311.2142857142857,157.041,22.0,38.392900214077585,127.40540000000001,29.635599999999997,4.299065988188872,2.519732144558625,0.30328212086894746,0.825422660324374
400,186,0.5965980663992242,0.99991335666046,7Networks_LH_Vis_25-lh,lh,Vis,-3.968079407498219,-84.70897804445805,23.46371066894313,0.6801035644257298,0.4680799953340386,0.5031762723756484,0.515793553134442,0.4266851242035237,0.549027691227512,99.56742563903246,77.6045090270725,21.96291661195997,2,39.49091981470329,0.108244913554226,0.0179540614286471,-0.0300735023197835,-0.0197449738933119,-0.0055194726952198,0.049428291253218,0.0171712781776768,-0.014579255771641,-0.010324649517334,-0.0132459601188976,65.27768610000001,0.1750253749989308,0.0026812435528204,0.7959676833646191,1.997195371888112,0.2150020892857143,0.1343178933673469,1.6006958100335449,72.21783026430279,-0.11834,-0.11157,0.027255,0.019893,-0.01873,0.01406,-0.021655,-0.012955,0.0091285,-0.00876,0.010732,-0.0022472,0.0043829,-0.0026225,0.009024,0.0099671,-0.00221,-0.0065419,0.01883,0.014174,3.0,1646.9645666565575,0.1234702997678896,-0.8425656490649563,-0.8715846680345769,0.0278391063057424,0.3077027319444445,376.1928571428572,0.5386767297832311,0.8197530089813639,7.083743842364532,1.1186848051866805,0.5620762649383481,4.197752256752715,-1.0683854555682206,37.24317987348744,0.7854499931786905,1,0.0097102929268424,0.0079957380976666,0.9999133274508304,870.3160192328608,0.0473476459482335,-0.0066191772626665,-1.057390704162921,-0.0369768964095041,0.2404769349999999,456.2142857142857,162.9678,24.0,30.293395487378085,147.021,15.9468,9.219467228477065,3.0386121246983473,0.09748113248415735,0.9493225042002162
400,187,0.5946096809582285,0.9999229054883296,7Networks_LH_Vis_26-lh,lh,Vis,-13.974083823852643,-70.9343149771445,19.449905606403803,0.6118175978609,0.4907385354682472,0.4955330807045787,0.4907669977881485,0.5244460610853185,0.0862143360766046,84.15498987872913,61.48274009364732,22.672249785081803,2,32.95023785698563,0.1051706669856134,0.0076084149165351,-0.0521792941717275,0.0235399874787518,0.030190185460421,-0.0468056982570911,-0.0270041169293912,-0.0151635899874695,-0.0112944490698838,-0.0115887817641862,56.06663885,0.1523502002745314,0.002717305752568,0.7921551015155037,2.334330160326948,0.2086445820895522,0.0971497638364779,2.147659177288129,64.05350274737351,-0.10114,-0.097894,0.034999,0.023721,-0.013257,0.0046434,-0.035519,-0.037193,0.0010573,-0.015794,0.011496,0.0031657,0.0097288,-0.0029603,0.0057899,0.0069478,-0.00044633,-0.0054563,0.020854,-0.0045113,2.0,633.5334210249334,0.0365449449898244,-0.521313750956174,-1.1633922007111812,0.0428111626132596,0.2885618752777777,280.07142857142856,0.6355000002482678,0.8490009292545398,6.352216748768473,0.8257313127462274,0.5559979967209535,4.389668328329034,-1.143017288522383,29.444635960960973,0.81214778657431,1,0.0079303326881168,0.0066934631446385,0.9999229141536492,717.4782567359717,0.0402861907332012,0.1434005035230426,-1.0875537718985604,0.0049763396577316,0.3081354647222222,345.6428571428572,146.8397,25.0,29.524109651505917,129.8165,17.0232,7.625857653040405,3.2866457325222496,0.46352528315341357,0.6920948490088172
400,188,0.599211841922193,0.9999006853800544,7Networks_LH_Vis_27-lh,lh,Vis,-27.42744734250926,-83.66948806387039,16.621921721544524,0.7111335564142375,0.4979395380702138,0.4975540769291252,0.5387628026310514,0.5548270884784401,0.534270283806249,94.41437277093767,69.80935417188127,24.60501859905642,2,35.07399945208783,0.0396392553694393,-0.0190159526761373,-0.0193575205806609,0.036798255586158,0.0160666239653066,-0.0536092066784547,-0.0033300779111729,0.0185673838172527,-0.0073212256151935,-0.0122884764190876,66.314752,0.1838280798068718,0.0027720540944885,0.8291664531552912,0.9545362895051912,0.2003387083333333,0.160422131455399,1.2488221319023542,81.92785213527397,-0.040335,-0.045191,0.050991,0.040341,0.0072442,-0.018242,-0.055844,-0.06378,-0.015417,-0.019482,0.014426,0.0061356,0.0017442,0.0022999,0.0011692,0.0044743,-0.0013455,-0.0023262,0.015703,-0.0058116,3.0,1354.8004855164306,0.0715072653732347,0.0298032193788659,-1.166675560643598,-0.0447958753014841,0.24243829,592.8571428571429,0.4345085177707286,0.8301567081009064,5.330049261083744,1.3019660693235826,0.5578551322394903,4.113603882769446,-1.0788556824101057,26.135771906133904,0.8179545590639258,1,0.0090640629868483,0.0068421608195449,0.9999006696293656,717.4782567359717,0.0402861907332012,0.1434005035230426,-1.0875537718985604,0.0049763396577316,0.3081354647222222,345.6428571428572,123.2531,19.0,27.108096567292296,112.04740000000001,11.2057,9.999143293056221,2.5845178825086976,0.4543969240851815,0.722176561887693
400,189,0.6002694600652229,0.9998940217016252,7Networks_LH_Vis_28-lh,lh,Vis,-33.7867070651843,-82.53938262395883,23.04350547693461,0.4949966348649846,0.429786733419531,0.626006605591811,0.4256080841939597,0.6403830233421995,-0.14666531738698,96.50160905503894,71.92153803803227,24.58007101700668,2,38.58791807334841,0.087816281588083,0.0201102181609518,-0.0391567869835654,-0.0091991589807464,-0.002744627240062,0.0778528752008259,0.0203179622806857,0.0100808939411195,-0.0061909859110843,-0.0083841551770204,65.3703013,0.1809361202289612,0.0027678642538042,0.8220956864941875,1.5459164777910932,0.1980849130434782,0.1507367269767441,1.314111808614684,81.48781958906795,0.017099,0.020129,-0.052875,-0.044214,0.0046237,-0.0039085,-0.022707,-0.0081556,-0.022886,0.0072572,-0.06852,0.011666,-0.0021515,-0.014332,0.033895,-0.032081,0.021911,-0.015907,0.02504,0.016653,1.0,1574.778116293072,0.0757947837639813,-0.205887805753334,-1.0777703934378835,-0.0363769508318988,0.2851297011111111,584.7142857142857,0.3759908954232741,0.757423236916058,4.532019704433497,1.4229456357628465,0.5518893719762373,4.274897220775793,-1.1779349283419518,28.22818911335649,0.8054161504299389,1,0.0088532501438023,0.0067659926536948,0.9998939856049126,660.8020581081752,0.0458501865161581,-0.5269380895764421,-0.8058002774984194,0.0170054775760036,0.2323586688888888,330.92857142857144,90.0093,14.0,26.17443768993622,77.95700000000001,12.0523,6.468225981709149,2.8087940436987733,0.5457419938495148,0.6229023000956567
400,190,0.5979619385832597,0.9999058040576962,7Networks_LH_Vis_29-lh,lh,Vis,-16.95356636250939,-88.38620781859349,28.612489427839005,0.6376630729211594,0.4557412530058806,0.6991269135489908,0.5986433869781094,0.5044747485315884,0.4094699697063951,103.60213346364228,80.29988426792207,23.302249195720208,2,43.68335600228145,0.0783011226084817,0.0251831432019462,-0.0367750907155162,-0.0098577921321175,-0.0085642400079263,0.0810446051583304,0.024320557906394,0.0194603385244675,-0.0094915932409346,-0.0045988252119877,82.60993110000001,0.2113912072546627,0.0025589079235342,0.8218584934228228,1.4730252623689128,0.2292236904761904,0.1893630338095238,1.2104986160377629,81.1274302245484,0.040727,0.038917,-0.038859,-0.0093042,-0.035582,0.018469,-0.0056017,-0.010374,-0.0093098,0.024839,0.01438,-0.0046566,-0.028344,0.0048156,0.013524,-0.0093863,0.0029751,0.003631,0.0070177,0.0011198,4.0,1463.1909877615658,0.0737792954700265,-0.2992823152092409,-1.0919366864260716,-0.0146632332704998,0.2627982897222222,522.4285714285714,0.4877854858019761,0.7488604880800614,6.307881773399015,1.1976520557562875,0.5565821538676659,4.113016463058424,-1.0839573964575857,37.23001161463605,0.7762147620785147,1,0.0093601165441392,0.0078817004039702,0.9999057508013464,660.8020581081752,0.0458501865161581,-0.5269380895764421,-0.8058002774984194,0.0170054775760036,0.2323586688888888,330.92857142857144,246.369,38.0,45.824600587353835,171.8757,74.4933,2.3072638747346303,1.960710496411577,0.48206414643115003,0.696525131002683
400,191,0.605927203427678,0.999877933679442,7Networks_LH_Vis_3-lh,lh,Vis,-36.478565499802265,-61.14527789659736,-20.06013478050547,0.648030429815446,0.4951749660097537,0.7065338140932855,0.6501642866672859,0.6208654614049072,0.2394365358283423,66.76661026644088,42.77599488968753,23.990615376753347,2,6.307502500675925,0.1177691961583042,0.0165564186128892,-0.0588201536996802,-0.0027167632990024,0.0134319562492267,0.0669113827110705,0.0084138643308563,-0.0169174718054371,-0.0033381444153507,-0.0177809536813407,53.0900955,0.1629332823109967,0.0030689958414312,0.7741220686887268,2.754551374508195,0.2233782333333333,0.1100754070247933,2.029320074011515,78.06162671391506,0.014785,0.013527,-0.039481,-0.032508,-0.0025261,-0.005223,-0.003201,-0.003339,-0.022085,0.01852,-0.0057513,-0.0024211,-0.020359,0.0070547,0.015825,-0.028684,0.0070179,0.011751,0.0033603,0.0085826,1.0,1463.1909877615658,0.0737792954700265,-0.2992823152092409,-1.0919366864260716,-0.0146632332704998,0.2627982897222222,522.4285714285714,0.1946593159541676,0.7839514892825027,1.477832512315271,1.7972778450421671,0.560039531967893,4.031617471333071,-1.0712050403819222,24.64260870094317,0.8465385987482327,1,0.0054767815487722,0.0045524952373907,0.999878063235601,998.2399756015028,0.0519723562218985,-0.2309759232564991,-1.080326349548665,-0.0132163317355506,0.2507264785111111,398.07142857142856,118.09768000000001,19.0,29.70812333142109,98.21098,19.8867,4.938525748339652,3.1555398967722743,0.44372503486570103,0.7179267196442809
400,192,0.5956734423538546,0.9999166065093168,7Networks_LH_Vis_30-lh,lh,Vis,-13.66630835192544,-79.6397770914792,33.57240023299994,0.740933163462428,0.45458953387904,0.6450159615702076,0.4239071282743251,0.66291921380691,0.9237868773280286,98.61427479929186,76.414667379896,22.19960741939586,2,44.03537326724373,0.044400965891481,0.0126271121932178,0.0272135768583726,-0.0099449414204295,-0.0429304581921015,0.025537476682805,-0.0017027728961108,0.0241157211473828,0.0202044479844745,0.0058499630514114,50.09271460000001,0.150871481832505,0.0030118447969318,0.8396012551923315,1.202033674256592,0.1157508448275862,0.1196521269841269,0.9673947939613494,77.38982394143986,0.011767,0.01567,-0.043261,-0.032842,0.016282,0.0048778,-0.018673,-0.0082458,-0.020453,-0.0041323,-0.058233,0.013538,-0.00040507,-0.0056282,0.033619,-0.014117,0.015458,-0.011522,0.026339,0.011007,1.0,1328.987126432089,0.0626352850317384,0.1515438229138724,-1.1004780001233367,-0.1238336372673676,0.2817125780277777,582.4285714285714,0.5686735225792012,0.8772312066382476,6.657635467980295,1.0158800366949132,0.5730741308568841,3.761600726244372,-0.7889831137768963,33.34086131873942,0.755379780304204,1,0.0087612109147963,0.0068725514639713,0.9999165308882616,1127.2143166033493,0.0572164837047786,-0.3468794879539843,-1.050649450064373,0.0075357258376902,0.1950460925,466.0,184.40230000000003,29.0,34.33057832761774,152.3291,32.0732,4.749420076560027,2.2309006704107226,0.6112375694216886,0.5788647972395138
400,193,0.5964344526328883,0.9999153994306916,7Networks_LH_Vis_31-lh,lh,Vis,-21.08930028309612,-77.06418851936388,39.01340075258939,0.7623834606611868,0.3420442591283208,0.6301272172973958,0.6858744770537448,0.6733553541844332,1.6600688039938891,99.10983755234744,76.8534087617134,22.25642879063404,2,46.5272970073628,0.0779057948694371,0.0186563138766655,-0.0004036552663221,-0.022237235156446,-0.0329419575913831,0.0534503937842682,0.0131605354459408,0.0179965578154094,0.0150398335066127,0.0077278451580163,74.245394,0.1905164709328281,0.0025660375771266,0.8252252162856171,1.6340659929629868,0.168555037735849,0.164722392670157,1.0232672977925947,76.39862894071572,0.062702,0.053349,0.019335,0.047764,-0.048402,0.01779,0.0063835,-0.0015708,-0.026178,0.028885,0.021741,-0.0056818,-0.014789,0.004607,0.0041743,-0.0011119,-0.00018324,0.0030521,0.00085432,-0.0019305,3.0,538.6665016501397,0.0346654547686556,-0.2359715776646433,-0.4616677524699906,0.053368915795508,0.29612081,341.7142857142857,0.5765603977384337,0.8203794590395898,5.879310344827586,0.969616597076706,0.5561064565338785,4.155355223602926,-1.1273348617013248,27.489802234915995,0.7974959631390035,1,0.0093304093664536,0.0063731712853964,0.9999153768067408,1019.9752066703496,0.0588650998424656,-0.211935291599012,-1.1750108796722991,0.1481515495255825,0.2943039755555555,480.57142857142856,147.5621,22.0,24.624338315296647,135.0331,12.529,10.777643866144324,2.841242040006006,0.7781387127363453,0.26995278597959776
400,194,0.6024014834913315,0.999891859512885,7Networks_LH_Vis_4-lh,lh,Vis,-26.57484521249041,-54.31074229378012,-9.431516289117916,0.7012125665506148,0.4875799793290413,0.5583290206143002,0.483251133051747,0.4882939166802524,0.5435440736297461,59.1142181600462,34.43624851071354,24.67796964933266,2,10.634312914663289,0.1279915687054497,0.0160410829250945,-0.0686258013783013,0.0062855079164593,0.0233495376438188,0.0496759719583014,0.0003949728744105,-0.0177097326247599,-0.0032187330731806,-0.0160407725702204,67.8596192,0.1917489982945777,0.0028256715931334,0.7785117563248332,2.659238022194896,0.2474171428571428,0.1330339988826815,1.859803845251256,68.56554969105753,0.051592,0.025498,0.036316,0.027914,-0.01758,-0.0075026,-0.00037467,-0.02507,-0.035522,0.027533,0.017027,0.005097,-0.022902,0.007297,0.0033099,-0.015217,-0.0045564,0.0065652,0.011447,-0.0068986,2.0,1135.1900085692948,0.0661237214474474,0.1254232214226007,-1.0516870831445466,0.0178182901712905,0.2562340827777777,498.2857142857143,0.3583748169932281,0.7586958855695242,2.2019704433497536,1.263947228022495,0.5543491719323669,4.187224447833725,-1.1225316330614326,22.90360405536489,0.8632049949452159,1,0.0089566933265865,0.004809992930975,0.9998919644138504,1118.8488051961665,0.0620842257675753,0.3997908984030889,-0.9415911937358216,-0.0776301260963614,0.2276886915277778,526.5714285714286,165.5957,24.0,30.467347253082426,139.0094,26.5863,5.228610224043103,3.835606519335668,0.33730656606930487,0.7932754292532959
400,195,0.6058226072766937,0.9998815434716352,7Networks_LH_Vis_5-lh,lh,Vis,-24.92466871007284,-73.26484629821778,-10.00446177037557,0.5808450608011498,0.4629086046036428,0.6106647070220482,0.3165177389904171,0.5169440096024039,0.089878728986784,77.73248222031947,53.39085770561718,24.34162451470229,2,15.976776827239991,0.1286703769270759,0.0155942279145996,-0.064227868799805,0.0023108740875526,0.0173666544135866,0.0419894893319526,-0.0027415161686779,-0.0243230864717686,-0.0011554747825475,-0.0134835913330353,65.3194011,0.177215215637189,0.002713056345474,0.781876576966085,2.496634661142769,0.2790343684210525,0.1358990098214285,2.053247986003571,74.7602510189958,0.04241,0.030032,0.011901,0.001375,-0.020072,0.0092975,-0.0027211,-0.019956,-0.033492,0.028592,0.01781,-0.0073939,-0.01693,0.0051172,-0.00069247,-0.0159,0.002408,0.013686,0.0050349,0.0012122,2.0,660.8020581081752,0.0458501865161581,-0.5269380895764421,-0.8058002774984194,0.0170054775760036,0.2323586688888888,330.92857142857144,0.2132946275420228,0.8096128243214583,2.16256157635468,1.7319264643874053,0.5507991897485515,4.341197984791973,-1.2668682986901791,24.82779545225717,0.8058588929908894,1,0.0076657632747607,0.005893287944981,0.9998816353784,1229.1568636897227,0.0666778280859046,0.7013627911118075,-0.8066689394256934,-0.0806637947231957,0.2846708630555555,611.9285714285714,156.3231,24.0,38.84736423291577,112.67830000000001,43.644800000000004,2.5817119106913498,3.361683871831747,0.45500464195023227,0.6957954390617893
400,196,0.6072799902958018,0.9998712900110788,7Networks_LH_Vis_6-lh,lh,Vis,-34.64361891612201,-80.6698271388739,-16.732641611300725,0.5467404647099456,0.4951289413160245,0.689614832351199,0.4538283209444445,0.6559865896112782,-0.2584293956982602,85.61802920126293,61.21571280304191,24.40231639822101,2,14.161363174881735,0.0982423151862487,0.0168925578809601,-0.0100459061487141,-0.0313939806861073,-0.0264830771846984,0.0424725357197464,0.0173724833947154,-0.0135745974995818,-0.0005714377697955,-0.0042761547071912,61.35997,0.1696798093232048,0.0027653176708353,0.812347503026265,1.721927056783341,0.2251540869565217,0.1387512234848485,1.6227178480976534,87.60832989597948,0.0098323,0.011439,-0.016804,-0.014077,0.0044879,-0.010693,-0.0074416,-0.016672,-0.02522,0.022845,0.012717,0.0073419,-0.020659,0.013651,0.0069805,-0.031084,0.012211,0.012162,-0.0029574,0.0011229,1.0,976.343919369035,0.0524846482385329,0.0736955736564945,-1.0891481090985222,0.0134153905026435,0.2666736388888889,440.3571428571428,0.130149525213122,0.7856686438728715,2.2955665024630543,2.209880640302252,0.5528226694673188,4.294420549287934,-1.1981765132995594,18.25586419316197,0.8232598411168501,1,0.0083943318060087,0.0048822755647841,0.9998713697121638,632.9810739666708,0.0413378094855588,-0.3250941450024372,-0.8702777686242915,0.0674982011148249,0.3172445611111111,422.0,149.91,21.0,30.116608514195477,139.3739,10.536100000000001,13.22822486486244,3.469394503995701,0.14164848847182154,0.9249476352478155
400,197,0.6065937325837627,0.9998880815082906,7Networks_LH_Vis_7-lh,lh,Vis,-19.014586882002664,-37.84904459166825,-12.17023153978938,0.4150845073546757,0.6831426006458264,0.572607538576801,0.5000138315427152,0.5088330438460793,-1.9596659470346256,42.35848704829075,19.983869007616605,22.374618040674143,2,4.052574453626848,0.0843079387217109,0.0084841757978497,-0.0304527092419389,0.005993942248442,0.002315520492398,-5.366885638020423e-05,-0.0144483028029854,-0.0023313790046252,0.0115810971829509,0.0013769639889138,52.608673,0.1574293206269669,0.0029924594491609,0.8274632360753433,1.6485412050518935,0.1579008275862069,0.1216976277372263,1.297484843315133,67.88413840335248,0.013139,0.015738,-0.036483,-0.046272,0.007085,-0.0088624,-0.012724,-0.006721,-0.022471,0.0078856,-0.009318,0.014848,-0.012791,0.0035286,0.012988,-0.031961,0.01119,0.00094301,0.0040417,0.011984,1.0,645.0199445667465,0.0368956701590991,0.0659139072836542,-0.8314460573161053,0.008852058751525,0.2824020355555555,359.7142857142857,0.3104155685997403,0.8038948689512111,1.103448275862069,1.1524441854284158,0.5777833837650355,3.614338103011942,-0.7486008276904969,22.50304515687649,0.9114118543104622,1,0.0116018698699301,0.0079961102675104,0.9998880691114914,1413.872029412689,0.0756423779793002,0.1909820389330814,-1.2502366371070817,-0.1479416333289894,0.3793906999999999,596.8571428571429,119.3515,21.0,30.534239020138383,110.19599999999998,9.1555,12.03604390790196,3.525551939669042,0.5083555044599265,0.6549209687352066
400,198,0.60723972751939,0.9998746998819604,7Networks_LH_Vis_8-lh,lh,Vis,-43.993360427731226,-69.29369410149238,-9.570383422120376,0.7760691030800393,0.4641822921092603,0.6803512990192699,0.5867882190443898,0.6099868118519183,1.0428129550414604,76.98527088734114,51.88023605052632,25.105034836814824,2,15.045878177175489,0.1161838905040239,0.0189572521169297,-0.0306528770674025,-0.0208220023614085,-0.0135844880445215,0.0581710738732435,0.0160150443005032,-0.006313028336848,0.0029980261044439,-0.001857570225549,80.1672308,0.2012806553833412,0.0025107597377941,0.8037165577775278,1.901017634602298,0.2686474285714285,0.1784579866108786,1.505381930631474,82.45292593684856,0.055739,0.032401,0.068626,0.060505,-0.011589,-0.0011212,0.0051206,-0.022481,-0.046211,0.031639,0.013132,0.0065872,-0.019683,0.010556,-0.0033789,0.00020799,5.1177e-05,-0.0039828,0.01373,-0.0033136,2.0,1333.3164765601102,0.0723849594762218,-0.7442750330096227,-0.7795788724096546,0.09413744757031,0.3189244102777778,675.7857142857143,0.1646226408501583,0.8028582390966734,1.9261083743842364,2.0043484865930363,0.5521392409054756,4.277271999704864,-1.2064291422909468,16.978184225374033,0.859909918929106,1,0.0096158943253059,0.0048169367885711,0.9998748098971688,1118.8488051961665,0.0620842257675753,0.3997908984030889,-0.9415911937358216,-0.0776301260963614,0.2276886915277778,526.5714285714286,151.294,23.0,30.1008263519771,131.7475,19.546499999999998,6.740209244587318,2.836960735687913,0.6113125711136602,0.572719341150343
400,199,0.6076018484428323,0.999874603899034,7Networks_LH_Vis_9-lh,lh,Vis,-17.310307839234962,-87.84337217062439,-12.153232631997174,0.6366013361217187,0.5103606477589765,0.6533153319926743,0.485013852785723,0.5403305967588908,0.0981178349469465,92.1487000065118,68.6805368806424,23.468163125869395,2,19.061072071989013,0.1071485316252382,0.018480749127206,-0.049483314219687,0.0060476749803664,0.0113301980565562,0.0462655730696786,0.0161014960243707,0.0219324160132416,6.492265814717185e-05,0.0032661254830508,99.493526,0.2435872757823128,0.0024482726221007,0.8284050919922153,1.3889528869281154,0.3331146428571428,0.2361623745173745,1.4105322382401024,88.0185667739278,0.053777,0.050079,0.087051,0.072007,0.011782,-0.0019548,0.0028488,-0.0089597,-0.049802,0.047025,0.003954,0.020066,-0.016015,0.014945,-0.010082,-0.00091849,0.002317,-0.0086158,0.014436,2.4601e-05,2.0,1535.8937665809517,0.0837589672601734,-0.567869476277222,-1.212867064277276,0.1558548092875844,0.3514416056388888,567.2857142857143,0.1367850778634096,0.7936490542117645,2.9261083743842367,2.2324566851905847,0.5611949882127828,4.13824130758369,-1.058981682193919,27.275303820509844,0.7901740306639465,1,0.0104123825949869,0.0050694146053084,0.9998747333909176,1760.7370350698786,0.0863428059017025,0.0099728625153853,-1.066363208265953,-0.0495216880898029,0.2628463272222222,692.2857142857143,135.0475,20.0,51.553504175720875,76.3533,58.694199999999995,1.3008661843907903,2.9782394852568568,0.5851381748471649,0.599774894018771
400,200,0.6027900579097326,0.99988593738199,7Networks_RH_Cont_Cing_1-rh,rh,Cont,4.109800150917797,-25.29359493371917,29.053500754658767,0.6612367416020208,0.4448239286856352,0.4737023587993235,0.5615666427048652,0.2937576294178543,0.5865899883947271,58.242646643585765,47.79282080359092,10.449825839994844,4,25.02017893291101,-0.0641851743373447,0.0924256942110339,-0.0004500148361856,-0.0137102440747613,0.0391308087929331,-0.0047408039658875,0.0210181819971546,-0.0032874898132189,0.0319659799698201,-0.0036876593941389,72.065754,0.1977520345811041,0.0027440500321529,0.8237945654931197,1.619803668084019,0.1861738125,0.1983137567567567,0.9387841542151536,58.51120382279108,0.018372,0.023267,-0.066822,-0.063355,0.02474,-0.016347,0.0023364,-0.0002498,-0.021991,0.0095839,-0.0051147,0.016399,0.027931,-0.024629,-0.0048865,-0.01297,-0.025039,-0.0058237,0.013901,0.013985,3.0,2108.3155951822982,0.0990011643190054,0.0846681405593744,-1.1371757480761937,-0.130035826619563,0.3197177777777777,842.5714285714286,0.3123163909869121,0.8148154509205311,1.8497536945812807,1.4478533555235995,0.5629458084132903,3.993667894901893,-0.9986855584585208,22.173322835847912,0.9038346006573932,4,0.004224555546124,0.0060190265597876,0.9998858962686966,2080.744873036256,0.0960941049376653,0.3130588640726056,-1.1152557252211464,-0.1416897909628999,0.3716716172222222,851.3571428571429,293.9468,53.0,32.293748825221655,275.23339999999996,18.7134,14.707824339699318,1.8676216838215516,0.7468701714835768,0.09486036248736167
400,201,0.598809879014151,0.9999019579134676,7Networks_RH_Cont_Cing_2-rh,rh,Cont,3.155343483909701,-0.2025656573961459,31.53282304703136,0.159748120995309,0.4235356478152795,0.2337436837819789,0.2556110100911883,0.2709873958926005,-1.76031471299991,53.16279898879169,53.891576766655874,-0.7287777778641811,4,18.98046352543766,-0.013424412076503,0.05743507828555,0.0008210472587775,-0.0086268597715285,0.0125852984036364,0.0324199769728738,0.0225988002482607,0.0271446161532902,-0.0019053484514303,-0.0003590955499003,64.181543,0.1819846298274401,0.0028354667295418,0.8293831685774906,1.478348773019232,0.1615245227272727,0.157763046875,1.0238425653180292,61.62701072829022,0.018566,0.023241,-0.052454,-0.045764,0.0062254,-0.0061041,-0.010507,-0.00097837,-0.017714,-0.0023065,-0.038502,0.019934,0.015472,-0.013468,0.004303,-0.0058167,-0.0061806,-0.0038867,0.009475,0.0087377,2.0,982.6421389973736,0.0571250429609672,0.2126471393498467,-1.3284181179812389,-0.0300114066172221,0.1694371047222222,416.5,0.4892624883775992,0.7841822122322842,1.5492610837438423,0.9424629273282948,0.5740186012516649,3.788082835337749,-0.8192626227303371,24.521873469282266,0.9171013743227584,4,0.0074140403407079,0.0064836601609548,0.9999019310992158,2002.123668064044,0.0975335728629861,-0.136454583160547,-1.1699699319683128,-0.0927080564391779,0.3091683741666667,746.1428571428571,189.96032,40.0,29.822878435632955,175.40932,14.551,12.054794859376987,1.8801239092309672,0.7274272431232622,0.12661802212167259
400,202,0.6075801459400823,0.999892937441559,7Networks_RH_Cont_PFCl_1-rh,rh,Cont,27.986942701890204,52.30002185149051,-13.416409871879496,0.5448014239505306,0.2591292850183669,0.7017612404744411,0.7638045876364519,0.6706580430736988,1.0547654054045008,48.88501705259783,72.31389594776509,-23.42887889516726,3,-23.739852478574853,-0.0968218090232708,0.1249083599311819,-0.0273986094971282,-0.0068893461868967,0.0167074522074415,-0.0087823289621308,0.0109317598884114,-0.0103020521035073,0.0378512792360365,-0.0017207517253756,102.354004,0.2495597451727634,0.0024382020772975,0.8189292830442163,1.827589065268576,0.3411513636363637,0.2385714982817869,1.429975357284372,97.0556297384182,0.022325,0.023655,-0.055472,-0.053765,0.0057097,-0.0092479,0.0017337,0.0051057,-0.015938,0.0069313,0.0060952,0.0080073,0.025757,-0.0064295,-0.010751,0.00077488,-0.021932,0.00017119,-0.0013008,0.0026462,3.0,1957.79527246566,0.0914100125347372,0.0392109584823014,-1.182362995208876,-0.1278613056955015,0.3380469030555555,748.0,0.3150346926276208,0.7068813868256706,1.0073891625615763,1.0034779244455505,0.5915528895938076,3.1835721040105223,-0.4037135999844511,47.19228105588699,0.8936461473422331,4,0.0090648781164014,0.0092140344156237,0.999893136864584,2080.744873036256,0.0960941049376653,0.3130588640726056,-1.1152557252211464,-0.1416897909628999,0.3716716172222222,851.3571428571429,144.2102,27.0,43.93934428984432,103.0116,41.1986,2.5003665173027714,2.305492780398981,0.7430878565668749,0.2326596870401678
400,203,0.5978409690735642,0.9999114239351128,7Networks_RH_Cont_PFCl_10-rh,rh,Cont,36.431297569475326,11.299653027813406,30.729302708614103,0.6999226532169923,0.300810249936442,0.4069671884446754,0.5387887683220679,0.4193383556579189,1.584007313303448,51.34288876108312,53.63346313945171,-2.2905743783685963,3,15.04768571682444,-0.1029189784011929,0.1331408050046595,-0.0421004098071407,-0.0043746069386299,-0.0036775585973388,-0.0099540035419847,0.0016018485643902,-0.0114146074820538,0.0264215618566056,-0.0018929699806251,115.191127,0.2690028300269638,0.0023352738794432,0.8156813720388787,1.984219934699933,0.3165058599999999,0.2736873542857143,1.1564504348781146,72.07335892774573,0.032683,0.026387,-0.058855,-0.052382,-0.018834,0.0091697,-0.0041012,-0.0049943,-0.0050771,0.006817,0.0039503,0.0097449,0.024248,0.0043483,-0.020991,-0.0056847,-0.013856,-0.0077147,0.00060744,0.00062254,3.0,2169.232896671079,0.0985665489813193,0.2845822616019534,-1.1659915467682989,-0.1501189795226139,0.3866559416666667,866.9285714285714,0.5540678950176835,0.8170892406409268,1.2413793103448276,0.783249005734225,0.5571395363945161,4.129387768505246,-1.1523100496127174,19.52344820188742,0.9042203839027092,4,0.0095694355297209,0.0085892934113632,0.9999115323748604,1529.8509498931223,0.0749973503204343,-0.1274808583699609,-1.0368275614318907,0.1456532309751423,0.3213777594444444,643.1428571428571,123.838,21.0,36.4501495681612,83.1228,40.715199999999996,2.041566785863654,1.9683656500935096,0.7294183395300505,0.39055540302653463
400,204,0.6030245798644978,0.9998945192368072,7Networks_RH_Cont_PFCl_11-rh,rh,Cont,37.26327935217558,30.61038870943047,36.97827252953187,0.6161365982208078,0.3988372876064439,0.5113671320899121,0.4283895076089064,0.5402035767299048,0.6225423346691622,62.95785045711943,71.03584285171245,-8.077992394593018,3,13.00384690488998,-0.105840209307797,0.1350716082948691,-0.0461123033628754,0.0003481465878414,-0.0172827748851237,-0.002842449394429,-0.0058860421765,-0.0016114420523003,-0.0077683899189276,0.0023517335485496,102.325932,0.2479819333415178,0.0024234514994818,0.8161743949867205,1.8983149583343464,0.3290498125,0.2426643859649123,1.3559872457426847,81.48529453783463,0.040157,0.036253,-0.061629,-0.06005,-0.039317,0.034165,-0.017885,-0.0097298,0.0018702,0.0009402,-0.026011,0.011352,0.012952,-0.0010642,-0.012513,0.0012198,0.0035878,-0.0073484,0.014419,0.0058482,4.0,1957.79527246566,0.0914100125347372,0.0392109584823014,-1.182362995208876,-0.1278613056955015,0.3380469030555555,748.0,0.3670653251046543,0.72748453075679,1.041871921182266,1.208476143848925,0.5758161562164531,3.7401261861541344,-0.759392506540825,20.534318893788807,0.879362053310675,4,0.0091627328077043,0.0101835110091982,0.9998947152941444,2108.3155951822982,0.0990011643190054,0.0846681405593744,-1.1371757480761937,-0.130035826619563,0.3197177777777777,842.5714285714286,170.7141,27.0,41.047740651716396,115.1834,55.530699999999996,2.0742292101448854,2.7942005895245776,0.6290438553978366,0.34678740654696943
400,205,0.6013845461481235,0.9998960111120534,7Networks_RH_Cont_PFCl_12-rh,rh,Cont,41.34909707119591,20.19441542499944,39.795362961919686,0.6563287852849915,0.3296006112285651,0.4471868504994435,0.4687451527929723,0.4107861135784638,1.2082571606802457,63.06306865613233,66.90701793033855,-3.843949274206224,3,17.818893149651977,-0.1081466701615884,0.1380712231887712,-0.0584606674490164,0.0035719029208238,-0.0354202429416113,-0.0051707811618205,-0.0131477430548533,-0.0022481471761236,-0.0153779144940221,0.0019928056027902,115.82588,0.268299161768552,0.002316400805833,0.8110117716048264,1.9991475831641443,0.3362755128205127,0.2786895794392523,1.2066310960620243,79.07480239890656,0.049928,0.042589,-0.063777,-0.06012,-0.064255,0.057288,-0.021153,-0.014223,0.012451,-0.01232,-0.018495,0.013309,0.0072299,-0.00058478,-0.022357,-0.0041239,0.0081555,-0.010368,0.006324,0.0039325,4.0,848.7495796104344,0.049233889152032,0.24557563002256,-0.8802788687684626,0.0189205068440858,0.2702905536111111,396.8571428571428,0.3972779121351352,0.7586941275148525,1.312807881773399,1.1807040291121824,0.5647754684620231,3.9253159844874426,-0.9822338068870848,17.823739476788216,0.891378652970753,4,0.0097856474751192,0.0092523722007525,0.9998961329701784,1529.8509498931223,0.0749973503204343,-0.1274808583699609,-1.0368275614318907,0.1456532309751423,0.3213777594444444,643.1428571428571,226.79150000000004,36.0,45.77236366825113,128.32049999999998,98.471,1.3031298554891253,2.098400197342914,0.6700039340412952,0.4545095384968131
400,206,0.6002308977426606,0.9998987767549232,7Networks_RH_Cont_PFCl_13-rh,rh,Cont,41.15386166593954,7.346591785082368,46.490649022329016,0.4363133804339429,0.3984324335100903,0.4154522633539421,0.4756253557220503,0.4992618028445712,-0.259523338000693,67.35810199682854,65.89397682671677,1.464125170111771,3,25.69041187787269,-0.0439806216745301,0.0755364647658938,-0.0319535523958989,0.0032922642089927,-0.0278097764668985,0.0211140009911607,-0.0011460490170794,0.0172126674721405,-0.0261094750709603,0.0005075837295012,51.544751000000005,0.1594538104571488,0.0030935023908998,0.8292780369972026,1.5862379250790977,0.1311815348837209,0.1246968375634517,1.0520037022732756,76.6518178016551,0.02335,0.021409,-0.056472,-0.024429,-0.0058549,-1.9812e-05,-0.02597,0.00055517,-0.013312,0.00072591,-0.066446,0.0047705,0.0041735,-0.0026481,0.018772,-0.010748,0.021237,-0.0093984,0.025921,0.012083,1.0,1304.4297246945375,0.0688375212246581,-0.1515295459888626,-1.154966206038894,-0.0360457633071849,0.2660234261111111,495.0,0.4296253206240644,0.828070351738154,1.3940886699507389,1.1291529280428978,0.5947554770371515,3.182140028451445,-0.3899628001049703,21.297906931990948,0.8958238754403283,4,0.008982880047818,0.0095247844147005,0.9998988377235688,2308.0777244759806,0.1065128994626531,0.0040456761037666,-1.0996720518281529,-0.0171688781621215,0.201798125,864.5714285714286,144.82309999999998,23.0,34.67348861524784,104.4713,40.3518,2.589012138237727,2.0930430812585947,0.6929467752471257,0.43951759077108565
400,207,0.6002823846057294,0.9998995068229646,7Networks_RH_Cont_PFCl_14-rh,rh,Cont,34.31315690797992,15.67370102179082,52.58439444992347,0.7318665451300481,0.0396421277558134,0.7329792731224976,0.5680440683834588,0.5637625074135086,3.204895824534405,72.59508157202582,74.05142065619134,-1.4563390841655206,3,26.84852636341684,-0.0938508124154621,0.1229454853857047,-0.0464265467249659,-0.0029785300128042,-0.0162519196904847,-0.0114457698100843,-0.0035183234217883,-0.0124621659217659,0.0219779125030372,-0.0039472161383844,105.136098,0.2548585033154227,0.0024240818155071,0.8192197785566155,1.9452918163228168,0.2879332727272727,0.2534419292452831,1.1360917014445526,78.47619348567622,0.052823,0.053805,-0.059635,-0.050458,-0.075536,0.073572,-0.021738,-0.012317,0.014718,-0.016607,-0.014861,0.0059255,0.0030126,0.0001215,-0.027452,0.0071691,0.0016347,-0.0021016,-0.0032797,-0.0020155,4.0,1966.015157622138,0.0865628371619469,0.3728230219678097,-1.0892550763163844,-0.1443564413914579,0.3673727449999999,807.3571428571429,0.4343899886224063,0.7778430245432949,1.3029556650246306,1.109287782779249,0.5963742153493746,3.137911760316331,-0.3418507529952487,17.702574902101244,0.905650753283614,4,0.0077285859737888,0.00960125782052,0.9998994751225396,835.910441773918,0.0456781662171539,0.1608752215225417,-1.1355215869760715,0.0070722275628371,0.3050398905555556,407.7857142857143,279.2029,43.0,46.68388340306732,167.79109999999997,111.4118,1.5060442430680536,1.7870942038220432,0.759925475942961,0.2506571385898928
400,208,0.5981969444418637,0.9999135672105632,7Networks_RH_Cont_PFCl_15-rh,rh,Cont,24.59286099607608,8.304191625305194,53.71093755982034,0.6574472524975832,0.5590418255305278,0.4661565108853803,0.4219237550271926,0.4869367766790429,-0.0722143092388442,71.88676901489433,71.62864772383088,0.2581212910634463,3,29.73530504830064,-0.0811738900353535,0.1051229564152303,0.0107034395874696,-0.0180460677579127,0.0564073539865022,-0.007134740426123,0.0168149908824793,-0.0151994057323982,0.0411502762365011,-0.0008447688359005,111.797599,0.261005357326488,0.0023346239960507,0.8127589187183276,1.759558532565658,0.2776639787234042,0.2595980632183908,1.0695918728132268,72.66436475282087,0.04862,0.048615,-0.048074,-0.036824,-0.054304,0.057514,-0.0065875,-0.01316,0.010718,-0.00057466,0.0062959,-0.0044026,0.029922,-0.00086346,-0.022393,0.0087005,0.0049111,0.0040037,-0.0059819,-0.0051219,3.0,977.312973867066,0.0524071491418632,0.0712742281776736,-1.06519283034212,0.0411919800437293,0.1517967119444444,409.4285714285714,0.5758367921894129,0.7697852090715707,1.6527093596059113,0.8361449677049285,0.6001636045868534,2.909966225006344,-0.2349407825609487,18.15649200196492,0.9162504797486126,4,0.0105967638900239,0.0096362213844302,0.9999134610015284,1499.9894073700063,0.0763327490519408,0.3495794187751425,-1.2836691562252265,-0.1297750893358541,0.3636316455555555,640.1428571428571,195.6418,32.0,35.243391555074204,146.9457,48.696099999999994,3.01760715949939,2.3367166549619625,0.7686196576183311,0.142167471368593
400,209,0.6063832884793781,0.9998909844692966,7Networks_RH_Cont_PFCl_2-rh,rh,Cont,42.60892465688887,48.0329504918008,-4.145084624362253,,,,,,,50.55281579291884,70.02572904160942,-19.47291324869058,3,-16.896935922157592,-0.0845504035137527,0.1122327255046324,-0.0237983163477158,-0.0119226053174258,0.0183981419254317,-0.0139115031525741,0.0094118144630275,-0.0199168159369736,0.0538496365498515,-0.0060342888476225,97.153008,0.2406991079936297,0.0024775260483276,0.8223426627491763,2.0103706393157075,0.3197515217391304,0.2315057301038062,1.381181888921872,96.76209829820384,0.055955,0.042091,-0.049272,-0.06062,-0.073878,0.056548,-0.014911,-0.012168,0.011047,-0.017326,-0.0076324,0.022076,0.01755,0.00059839,-0.025255,1.8752e-05,0.0070668,-0.0083827,-0.0080444,0.0050038,3.0,811.7380365610571,0.0474711710543554,-0.3513395819438343,-1.0396882724737655,0.0166002982495403,0.2947389927777778,330.57142857142856,0.3333360311707873,0.7246074543595946,1.0123152709359606,1.0096314686056769,0.5680686105729061,3.919208104528633,-0.8964418918776914,38.32730598974186,0.8586639242421815,4,0.0104658767194535,0.0092533018303617,0.9998910878115674,1529.8509498931223,0.0749973503204343,-0.1274808583699609,-1.0368275614318907,0.1456532309751423,0.3213777594444444,643.1428571428571,206.55119999999997,38.0,50.00987748240654,133.574,72.97720000000001,1.8303524936530444,1.55623668067213,0.7122270680498641,0.3790885746488038
400,210,0.6048331803262197,0.9999022463810424,7Networks_RH_Cont_PFCl_3-rh,rh,Cont,28.33977524577109,54.3951634851541,3.541195894611669,0.74096495928987,0.2497370632209747,0.5820186198738498,0.6363379683675079,0.4258459298988995,2.072100148256069,55.17144527228135,76.00187212848864,-20.830426856207296,3,-14.19383150877923,-0.1081193212856636,0.137609910608078,-0.0615951329526322,0.0065032654269837,-0.0452327297780273,-0.0022547094533036,-0.0183671775010781,0.0022141618013568,-0.0331072519455384,0.003793298592765,107.963341,0.2559844402096993,0.0023710311096195,0.8118829131894002,1.9875317206611527,0.353423074074074,0.2467567077464789,1.4322734208869337,93.37499015545148,0.046695,0.041294,-0.062677,-0.037763,-0.068311,0.060092,-0.027699,-0.019266,0.006067,-0.017578,-0.037232,0.015592,-0.0024001,0.0021556,-0.016473,-0.0019919,0.0011337,-0.0086899,0.0044667,-0.0011795,4.0,2190.7152703068364,0.100652816913349,-0.1158726421685881,-1.1251175094182382,-0.0417062824636129,0.2910271555555556,810.2857142857143,0.4067476490289857,0.7480278887472441,1.0024630541871922,0.9078021040352108,0.5580458196283051,4.124057704709673,-1.088365424815548,37.50397077948874,0.8776780706685301,4,0.0088325206493152,0.0104095920874725,0.9999024652377888,835.910441773918,0.0456781662171539,0.1608752215225417,-1.1355215869760715,0.0070722275628371,0.3050398905555556,407.7857142857143,209.0575,34.0,42.30928900274925,138.9512,70.1063,1.9820073231621378,2.156209569555156,0.6718773719409088,0.416873826578812
400,211,0.6067325891204687,0.999883450146264,7Networks_RH_Cont_PFCl_4-rh,rh,Cont,46.33146818115681,36.46545952373275,5.405926232268758,0.9217108705133076,0.5493595279598592,0.5193877929216169,0.6244576254210437,0.5081922976406098,1.2816489040020425,46.83869969083453,61.86563757778826,-15.02693788695374,3,-7.696082117758569,-0.1064504836942467,0.1289695302361789,-0.0585138818099745,0.0087694708747939,-0.0422866609134065,-0.0009409744522293,-0.0151489949864614,0.004295280249428,-0.0337850267041378,0.0043278793352682,101.887832,0.2463550086863088,0.0024179041191696,0.8103908291759685,1.8694582945830869,0.3505588965517242,0.2457943320610686,1.4262285605593357,88.8140680044994,0.037549,0.038507,-0.060031,-0.043166,-0.042165,0.047592,-0.028911,-0.014217,-0.003094,-0.01121,-0.059089,0.012157,-0.0008614,-0.0012322,0.0041049,-0.012993,0.014617,-0.018357,0.022299,0.0080387,4.0,961.6424976743348,0.0504687941595204,-0.5092950266818288,-0.939656546844052,0.1415899246535892,0.3121119897222222,430.7142857142857,0.2818714094344376,0.778167305236994,1.0517241379310345,1.2967865993964776,0.5931815885428925,3.1123775389767574,-0.394825552109311,30.24546719364037,0.8717130388449656,4,0.012229388919064,0.0092717425476851,0.9998837556190404,835.910441773918,0.0456781662171539,0.1608752215225417,-1.1355215869760715,0.0070722275628371,0.3050398905555556,407.7857142857143,115.98469999999999,21.0,33.21164383342628,94.5023,21.4824,4.399056902374042,2.445981801433554,0.5154508431458786,0.6451161230748539
400,212,0.6049044023415532,0.9998928386629944,7Networks_RH_Cont_PFCl_5-rh,rh,Cont,40.67638054440802,42.033907573830334,15.31384148960471,0.9040605981061488,0.5280602309405671,0.6376696911498877,0.6856105058106889,0.5220288425876737,1.3142266537171654,53.89988265635389,68.95608928517062,-15.056206628816732,3,-3.421867378386274,-0.0276197374047546,0.0589132263564162,-0.0077490214704191,-0.012155817469284,-0.0077510260587738,-0.0101591828228642,0.0050741199403256,-0.0109799642584278,0.0404485808960695,-0.0058023123561671,59.13369,0.168944682321284,0.0028569954339226,0.8352240694036177,1.7981887944174393,0.1736339333333333,0.1482874115384615,1.1709283439154563,91.53217225121746,0.060724,0.049702,-0.055164,-0.049943,-0.09036,0.065149,-0.021517,-0.010263,0.012784,-0.02218,-0.0077412,0.015991,0.0020491,0.0043115,-0.025739,0.0028558,-0.0013322,-0.004784,-0.006132,0.0012728,4.0,1966.015157622138,0.0865628371619469,0.3728230219678097,-1.0892550763163844,-0.1443564413914579,0.3673727449999999,807.3571428571429,0.3476855619912667,0.7673416839589762,1.0443349753694582,1.1827159756918224,0.559158296943886,4.153946991507161,-1.1168167647151424,28.079281644196275,0.8653973598826131,4,0.0116144985671334,0.0084195205516067,0.9998930470458992,895.1184800535252,0.0505368322429469,-0.1054934253388004,-1.0633817112206874,0.0502867348204106,0.1782957123333333,383.5,145.0568,23.0,39.18940644504135,100.3095,44.7473,2.241688325324116,2.758397693930564,0.5240445279088166,0.6534598860584268
400,213,0.6048732228615891,0.9998880457161607,7Networks_RH_Cont_PFCl_6-rh,rh,Cont,45.62040812973369,29.41268179928445,16.996940627772148,0.1691921372017672,0.676012635625101,0.1778646679401296,0.1762873765572538,0.194363277341208,-3.1289536682080143,49.2799546443651,59.94092484293402,-10.660970198568926,3,1.3743598368779535,-0.0996944509071528,0.1209545349346117,-0.0568502593314477,0.0067969247753381,-0.0432280467338936,0.000551649803184,-0.0158854561891802,0.0045963166916332,-0.0347667863726255,0.0034235502602461,96.628016,0.2412575937089272,0.0024967665041231,0.8205806325427889,1.7272364545849197,0.2933211818181818,0.2360291729957805,1.242732743461132,83.99622683090772,0.026154,0.028125,-0.055347,-0.053046,-0.014529,0.020093,-0.023444,-0.0091959,-0.0092653,-0.0053455,-0.058621,0.019355,-0.0026318,-0.0043612,0.017251,-0.018292,0.021004,-0.019841,0.027587,0.017208,4.0,961.6424976743348,0.0504687941595204,-0.5092950266818288,-0.939656546844052,0.1415899246535892,0.3121119897222222,430.7142857142857,0.3242690903065142,0.7879666027634398,1.1083743842364533,1.2776528605500246,0.5888249845191865,3.3859222693820765,-0.5349661311205332,23.980539715252057,0.8733080823293186,4,0.0125925887930344,0.0084688052137198,0.999888221424296,983.2341057279629,0.0591184315236034,0.269447211714431,-1.254531278263059,-0.1414674607253082,0.3377080675,398.8571428571428,134.3653,23.0,41.87108972610675,89.6719,44.6934,2.00637901792657,2.2413264134019295,0.6240782338994175,0.49168646964655316
400,214,0.6023205494056066,0.9998900260921524,7Networks_RH_Cont_PFCl_7-rh,rh,Cont,43.166955864244,18.62472132071748,22.83558898127231,0.6823648595220796,0.016200728762441,0.6637615768589019,0.7652331559698702,0.6614348151799944,3.0928407136965794,48.26456072228266,54.17955248027759,-5.914991757994933,3,8.11393699254814,-0.0886955613682632,0.1173251933416158,-0.0511031199760272,0.0028488468062416,-0.0356895537590931,-0.0060447955621871,-0.0124353805438903,-0.0065213055649667,-0.0014854782300663,-0.0028905791684558,108.91946,0.2616274957599723,0.0024020271103045,0.8299140002859967,1.9006666950292312,0.3084959268292683,0.2720327403846153,1.1340396978675995,78.67334602787697,0.055153,0.047393,-0.050558,-0.051247,-0.080376,0.068397,-0.023196,-0.013486,0.016523,-0.023176,-0.019299,0.023722,-0.0055636,0.0021401,-0.022871,0.0075871,-0.0033917,-0.00063571,-0.0034288,-0.00029492,4.0,503.8949184987768,0.0338517725612757,-0.3156101878417391,-0.7681765411947139,0.0108941027194101,0.1524286283055555,296.35714285714283,0.3602183550671844,0.8281206170284521,1.1945812807881773,1.2006447653148224,0.5945602140892029,3.089285600759077,-0.3804744431307127,22.023044213229447,0.8885054458949223,4,0.0091024988624729,0.0080141418488947,0.9998903287959984,895.1184800535252,0.0505368322429469,-0.1054934253388004,-1.0633817112206874,0.0502867348204106,0.1782957123333333,383.5,137.1962,20.0,30.525708813957092,110.45739999999998,26.738799999999998,4.130978203942843,2.82541535354487,0.6005219028512251,0.5570285474379028
400,215,0.603753526871293,0.9998999893458544,7Networks_RH_Cont_PFCl_8-rh,rh,Cont,26.06461976441824,48.84746140173559,23.25081079274561,,,,,,,61.06918469300504,77.37143077173707,-16.302246078732033,3,-0.7037519448733107,-0.0947242230288477,0.1045220696937843,-0.0298218183095927,-0.0044844768646131,0.0166837824473651,-0.0105948623578487,0.0144608818825454,-0.0010875153021277,0.0302134007593979,0.0031752391085212,113.083513,0.2627400914191617,0.0023234164242751,0.8066641352252641,1.6882604724992751,0.4011413125,0.2628326147859922,1.5262234965550276,87.40093803227444,0.05487,0.042851,-0.036304,-0.043542,-0.06197,0.033637,-0.0025643,-0.0004451,0.016753,-0.013268,0.0075587,-0.0074064,0.02855,-0.0047716,-0.017532,-0.0055858,0.012977,-0.0087182,-0.0098357,0.00010139,3.0,1348.7112597669757,0.0714016887952982,0.2631653415094667,-1.1682666984625871,-0.0976469859859164,0.3160779222222222,614.2857142857143,0.4095266117316645,0.7640921200458279,1.08128078817734,1.0597815237891857,0.5602496320461984,4.0502923921945255,-1.0607213057351068,31.23543643593964,0.897778248593101,4,0.0100432703285746,0.0092206352916782,0.9999002217361984,744.9748690765048,0.040427708969095,0.153553158978807,-0.9220551038909316,0.0231535497029604,0.10146371175,397.4285714285714,160.72949,28.0,38.59874846661118,118.48769999999999,42.241789999999995,2.8049876674193848,2.321268487659478,0.6121378305186529,0.3621531431475332
400,216,0.6038003218701558,0.9998904423763966,7Networks_RH_Cont_PFCl_9-rh,rh,Cont,46.76786480805813,27.62840656745128,27.253773429454903,0.3429905746485718,0.3615860771252446,0.5226830200997971,0.4146181416035578,0.3774750509860963,-0.5119499063832802,56.741983871481416,64.5101278099723,-7.768143938490887,3,8.063742087437557,-0.031171892137275,0.0711896593622459,-0.044834102558874,0.0039878833755961,-0.0397841277564536,0.034355711719446,0.0017312320394462,0.0206900863061029,-0.0328145275975955,0.0018304159530211,76.051191,0.2058249919909025,0.0027064006399404,0.8256409857461772,1.5353713873216577,0.20482021875,0.1907569568965517,1.073723454047878,85.49981778937286,0.016278,0.023121,-0.051791,-0.052726,0.0060282,0.013809,-0.019544,-0.01273,-0.018825,-0.0057923,-0.065344,0.027251,0.0022441,-0.0077326,0.025947,-0.027577,0.022727,-0.018115,0.024483,0.02108,1.0,2002.123668064044,0.0975335728629861,-0.136454583160547,-1.1699699319683128,-0.0927080564391779,0.3091683741666667,746.1428571428571,0.342960861815835,0.775986726496654,1.0665024630541873,1.2551427060226663,0.5976096185262528,2.9341010027121963,-0.2876250237038165,19.765546074968444,0.8841595901589236,4,0.0103290865900236,0.0095190647713695,0.9998904992127322,696.4003446294381,0.0375592104495581,-0.1450031336131649,-0.8887570266559748,0.0283634981078325,0.2248157011111111,391.1428571428572,190.41219999999998,30.0,43.909395620929004,114.2498,76.16240000000002,1.5000814049957716,2.1281182968229206,0.6395941550809909,0.5004878889062782
400,217,0.5977490056828151,0.9999233482763202,7Networks_RH_Cont_PFCmp_1-rh,rh,Cont,8.97032985015802,32.04564013968994,26.07139907392076,0.8555929518725298,0.4116908001365315,0.6661248720079189,0.7796459854849638,0.5156480580801637,1.7280996746477686,53.83881918645184,67.23323903403454,-13.394419847582704,3,6.0291474024454725,-0.0836501627303557,0.1128959051247177,-0.0216011310081339,-0.0139323730071421,0.0218721364859942,-0.014247592054404,0.0095727235394685,-0.0211723841625358,0.0544026399991182,-0.0067792516093805,94.527674,0.2338851315636316,0.0024742503614696,0.8174414064176139,2.2370259326967807,0.3196858444444445,0.2274982923076923,1.4052230505165542,74.24244465031467,0.067373,0.055092,-0.038171,-0.043394,-0.090759,0.077529,-0.0074017,-0.01268,0.0094306,-0.010962,0.014884,0.00063753,0.012484,0.0015912,-0.015907,0.0094725,-0.00068194,0.0039458,-0.015302,0.00076657,4.0,1083.736048224946,0.0671321111846962,0.0748911124885517,-1.3426424221875068,-0.101203149328964,0.2403578680833333,462.07142857142856,0.6716227688408948,0.7451472816633244,1.0591133004926108,0.582158497924249,0.556903782269874,4.151455527319559,-1.09696478529219,26.55906407117603,0.9129845260117654,4,0.0090773333376875,0.0084021577983556,0.999923381133086,1529.8509498931223,0.0749973503204343,-0.1274808583699609,-1.0368275614318907,0.1456532309751423,0.3213777594444444,643.1428571428571,186.2692,32.0,45.717342342091506,121.04670000000002,65.22250000000001,1.8559040208488544,2.2201499476912923,0.6226612212183023,0.12981534252576377
400,218,0.6007032989583975,0.999900315753152,7Networks_RH_Cont_PFCmp_2-rh,rh,Cont,4.795652627189261,25.6176882696983,46.74457559721595,0.7540123384555961,0.1189243464681734,0.5653940999514833,0.6423008674773942,0.662660722788944,2.869443535421337,70.39299740680035,77.91238914425907,-7.519391737458719,3,20.36143887742008,-0.1017956889857961,0.1279512328708898,-0.0606287523621589,0.0085788990091337,-0.0502085457116922,-0.0014658696684337,-0.0176367055166509,0.0019169291636691,-0.0349018786813919,0.00168583762362,114.630297,0.2683303721553052,0.002340832913964,0.8230429490363702,1.9499567879973847,0.3495601162790697,0.2780103152173913,1.2573638351512009,74.39774042884466,0.052121,0.041695,-0.046347,-0.033704,-0.06961,0.054976,-0.023562,-0.0090518,0.017759,-0.02477,-0.028829,0.017485,-0.0091604,0.004947,-0.022159,0.0033069,-0.005228,-0.0026728,-0.00043802,-0.004275,4.0,1360.5397197027687,0.0664302248146763,0.3529165496861423,-1.0168679185699128,-0.0041782351960011,0.236584355,647.4285714285714,0.4644620982672306,0.8314101192144047,1.0541871921182266,1.044793693734589,0.5548927251304557,4.200514790625972,-1.144519886472136,23.11020685641402,0.9042512908415632,4,0.0088453209991006,0.0078045045994542,0.9999003072731,895.1184800535252,0.0505368322429469,-0.1054934253388004,-1.0633817112206874,0.0502867348204106,0.1782957123333333,383.5,198.4563,31.0,31.353097014600177,165.3893,33.067,5.001642120528014,2.34548905187851,0.6444530008890781,0.1690357020663995
400,219,0.6035382717965022,0.9999099168251828,7Networks_RH_Cont_PFCv_1-rh,rh,Cont,34.285116081341734,21.91055755069535,-6.664761837805324,,,,,,,24.49897493983138,42.71372478037272,-18.214749840541334,3,-10.5720243678918,-0.1043000284826979,0.1240675929208718,-0.0597614884876844,0.0095892605442577,-0.0488705960740396,5.642259971136533e-05,-0.0163628361842978,0.0021993946074169,-0.037784703880933,0.0025600326818074,117.456828,0.2731326213923441,0.0023253873448047,0.8180232486567014,1.7991427850934738,0.3444107948717948,0.2835651826086957,1.2145736355284682,80.13777232835919,0.048318,0.037409,-0.060382,-0.055735,-0.063337,0.049746,-0.028258,-0.014878,0.0052522,-0.014277,-0.043881,0.025567,-0.0063144,0.005333,-0.0057346,-0.014045,0.01237,-0.014328,0.016481,0.01131,4.0,1437.2937440435294,0.0721373664473474,0.438858846176934,-0.8995869550952658,-0.1371727322642531,0.3045656984166667,624.8571428571429,0.4648057918461762,0.715047923404243,1.0443349753694582,0.6145913748799737,0.599532230482958,2.9180158278731425,-0.2314661069578806,34.59694585276284,0.9131084857590904,4,0.0109584506360014,0.0175857621429586,0.9999101064973672,895.1184800535252,0.0505368322429469,-0.1054934253388004,-1.0633817112206874,0.0502867348204106,0.1782957123333333,383.5,143.7519,24.0,30.745477614204866,132.4725,11.279399999999999,11.744640672272066,2.680713973120102,0.7438482695790071,0.1259684219825964
400,220,0.6019061846332621,0.9998920195556468,7Networks_RH_Cont_Par_1-rh,rh,Cont,51.18898262374702,-56.87642972770779,41.70235615215082,,,,,,,90.12384663961149,69.14870238030113,20.975144259310355,3,42.08434260960283,-0.0776091252839087,0.1052570010910369,-0.0361669099731341,-0.0067532851422727,-0.0067465457739899,-0.0130961861465149,-0.0020267968818635,-0.0162808611625713,0.0353554082521542,-0.0055828522362029,76.50098500000001,0.2047821344108506,0.0026768561791796,0.8243276141834668,2.1471710783909628,0.1870671555555555,0.2061816764705882,0.9072928238194402,83.93656539637514,0.068377,0.054079,-0.048961,-0.047195,-0.10073,0.081303,-0.018483,-0.015079,0.012466,-0.014638,-0.0035228,0.011817,0.0022355,0.0066848,-0.023468,0.011239,-0.001959,0.0043865,-0.010759,-0.001319,4.0,1083.736048224946,0.0671321111846962,0.0748911124885517,-1.3426424221875068,-0.101203149328964,0.2403578680833333,462.07142857142856,0.3729920618621758,0.7341211119175105,2.544334975369458,1.347625135208976,0.6004882155843493,2.8809295829128505,-0.2573758548389184,17.107636454513717,0.862063649954674,4,0.0094739126248288,0.0061235443872577,0.9998919997389704,835.910441773918,0.0456781662171539,0.1608752215225417,-1.1355215869760715,0.0070722275628371,0.3050398905555556,407.7857142857143,126.9381,19.0,38.099403239488545,89.31169999999999,37.626400000000004,2.373644568700769,2.312422821395384,0.6475449164488674,0.4843423684457227
400,221,0.6030155242953374,0.9998924124209284,7Networks_RH_Cont_Par_2-rh,rh,Cont,52.00346158599854,-46.91642377471924,40.77199843597412,0.8643204159961195,0.483246871241342,0.8544234633145251,0.858316382831136,0.6965947573273622,1.3699622166317902,83.3476917335293,63.918259174176775,19.429432559352527,3,38.53812619400024,-0.0979014280672308,0.127034563316345,-0.016747288914158,-0.0112536083310628,0.0296836812526811,-0.0079321732434608,0.0128813805891783,-0.012670553671939,0.0392756124592304,-0.0027613147571449,111.6736387,0.2565781020138507,0.0022975708949798,0.812276875731791,2.0152423698094664,0.30014961875,0.2958770103092783,1.0144404877378326,79.9456691661495,0.059098,0.05259,-0.020833,-0.016455,-0.068573,0.052161,-6.0037e-05,-0.0070491,0.0029481,0.0057936,0.021569,-0.02528,0.025269,-0.0079961,-0.011258,0.0096188,0.009386,0.010378,-0.017978,-0.0071364,3.0,1958.698604232469,0.0917394587631519,0.1716133937734508,-1.187137900140668,-0.0669324208325144,0.2504316311111111,825.5714285714286,0.3736867570269687,0.8370201249700298,1.6330049261083743,1.2877326703092378,0.5943897063647477,3.090679788163033,-0.3614269755189783,16.492541546269887,0.8685026713842277,4,0.0114069591181665,0.0081741595312268,0.999892396721328,2474.0370643051324,0.1075983286834029,0.1005256701871739,-1.0926526730684354,-0.098576499450149,0.2575362513888888,975.2142857142856,82.004,13.0,22.360785073127293,76.1033,5.9007,12.897334214366138,2.9763017450577105,0.6698138096436428,0.49317350373152524
400,222,0.5965448263927825,0.9999098715689394,7Networks_RH_Cont_Par_3-rh,rh,Cont,32.362512693734004,-67.84252778415022,42.07948364389354,0.8430687713345726,0.2037995152613047,0.5357556526075072,0.7546164263463675,0.6347475680829657,2.8316970952034106,94.22459775802211,72.3362255925088,21.88837216551333,3,45.60044852158119,-0.1092644825661478,0.1392801595044444,-0.0579646669284705,0.0034662596966215,-0.0351634364082642,-0.0051584368006041,-0.0139934379802929,-0.0031919978157108,-0.0150051976611113,0.0019021400233342,107.24362200000002,0.253327965370909,0.0023621727860951,0.8095355622223249,2.1206495991641607,0.3069750196078431,0.3025139945945946,1.0147465075715,80.94366755678587,0.067997,0.056582,-0.048438,-0.038941,-0.099606,0.086751,-0.019317,-0.014565,0.013451,-0.01537,-0.0036619,0.0092733,-0.002964,0.005923,-0.024256,0.01564,-0.0038868,0.0094668,-0.0096443,-0.0026399,4.0,555.8051057300172,0.034983725545607,-0.0707949054888681,-0.9851535026928442,0.0342263799004231,0.3041742861111111,312.2142857142857,0.5385806409622697,0.8620084063560225,4.236453201970443,1.0131885999852317,0.5590534346831674,4.110056954587572,-1.0603693190613963,29.73428991472029,0.8086313078398311,4,0.0083079710669555,0.0055172569705583,0.999909824556059,835.910441773918,0.0456781662171539,0.1608752215225417,-1.1355215869760715,0.0070722275628371,0.3050398905555556,407.7857142857143,93.9562,15.0,23.386862181970802,84.85979999999999,9.0964,9.328943318133229,2.903964495003285,0.6633927572930571,0.2227591154176095
400,223,0.5989587526844293,0.9999057926920304,7Networks_RH_Cont_Par_4-rh,rh,Cont,49.114118170044506,-38.99513814788865,44.43647093137592,0.6590163260430929,0.4622550825917188,0.8271984313264243,0.7094162965916332,0.5155750618702204,0.4779723140523951,80.5113048637253,63.179874252359966,17.331430611365334,3,38.36042400319215,-0.1066132790319568,0.1213359464357143,-0.058821083742448,0.0084107935202931,-0.0420625921903241,-0.0003595485199327,-0.0137887371748508,0.0054925065784548,-0.0340873857455028,0.0046301664657643,115.985215,0.2683009197058428,0.0023132338005806,0.8114386738089567,1.7942773058981274,0.2588484545454546,0.3071204521276596,0.8428238909780507,78.12236765690685,0.062436,0.055192,-0.036619,-0.024437,-0.079418,0.076649,-0.015646,-0.013895,0.010291,-0.00010247,-0.01069,-0.0043489,-0.0033027,0.010905,-0.022608,0.012522,0.0022301,0.014217,-0.003981,-0.004579,3.0,1866.559646932172,0.0843381028380874,0.0208543827013443,-1.0952964791151856,-0.0767057726265898,0.3083777458333333,709.0,0.5062558403013643,0.8138796269404986,1.8103448275862069,0.957263025600962,0.5812423658628422,3.51137974549539,-0.6339973949595756,15.21660954739473,0.8787482342574264,4,0.0084804282639162,0.0081700334914258,0.9999057870183148,835.910441773918,0.0456781662171539,0.1608752215225417,-1.1355215869760715,0.0070722275628371,0.3050398905555556,407.7857142857143,136.9187,20.0,19.80786859473059,131.09169999999997,5.827,22.497288484254376,2.7390603690700086,0.7233065813829147,0.22631167254728538
400,224,0.5967125678812041,0.999913763300056,7Networks_RH_Cont_Par_5-rh,rh,Cont,42.90274063508902,-48.25392402819733,40.48044496507787,,,,,,,81.16255038942481,61.43755370423246,19.72499668519235,3,38.76444418750592,-0.1083617041202759,0.1372926503347744,-0.0604881456056876,0.0063689352636146,-0.0434571086597834,-0.0020327032342452,-0.0177443578351411,0.0018620800021429,-0.0315375632154997,0.0038357301130067,110.598739,0.2577490487917526,0.0023304881332464,0.808585582522803,2.009817876495264,0.2753219166666667,0.3089760625,0.8910784685061448,76.58527475322374,0.06576,0.053763,-0.047139,-0.048019,-0.095478,0.082515,-0.020118,-0.017027,0.01248,-0.010468,-0.0097164,0.0097547,0.00013533,0.0046319,-0.026566,0.0127,-4.5406e-06,0.0075763,-0.0081976,-0.0012303,4.0,1566.2104924519776,0.0745693788839891,0.2056257995643149,-1.0194433444972455,-0.0382741610402128,0.1374245230555555,654.5714285714286,0.5952203376049173,0.860088671914384,2.2216748768472905,0.8015690754593562,0.5977311337288908,2.9294364562151007,-0.2465981464837414,17.589409404197692,0.8555303730305078,4,0.0076389699784106,0.0053568144984386,0.999913736168922,835.910441773918,0.0456781662171539,0.1608752215225417,-1.1355215869760715,0.0070722275628371,0.3050398905555556,407.7857142857143,70.0154,10.0,15.731340765077391,65.4079,4.6075,14.195963103327271,4.196334590497353,0.5622712746211553,0.5150052702691121
400,225,0.5980292672842223,0.999908678732927,7Networks_RH_Cont_Par_6-rh,rh,Cont,38.11645154143165,-57.00652062787152,44.25646655490039,0.85521502506406,0.2564230468047849,0.3748796411931022,0.3782205702487156,0.6628254635006385,2.596485641296661,88.64199454721029,68.09269557018463,20.549298977025657,3,43.65583612130169,-0.1080764840965458,0.1375711454755771,-0.0461382993859869,-0.0024740654313552,-0.0103377025934019,-0.0078954204168215,-0.0030840963399532,-0.0103691217527852,0.01507026647871,7.432420905827476e-05,110.534497,0.2551762236562042,0.0023085663804664,0.8044781097528345,2.2467080944753857,0.295878064516129,0.3062832122905028,0.9660276911908984,78.23484535972874,0.073432,0.061756,-0.019758,-0.017707,-0.091092,0.085109,0.0010618,-0.012962,0.0045799,0.0029543,0.021589,-0.014101,0.012454,0.004205,-0.0081134,0.020664,0.0033248,0.021501,-0.018302,-0.0059335,4.0,1028.7121528072532,0.0614699646736969,-0.0464117570327584,-1.3524828484523057,0.1038485238801128,0.244049048611111,436.9285714285714,0.5346269786904003,0.8641630963885237,3.2758620689655173,0.9700690900275486,0.600593806020767,2.912082071950833,-0.2150663407854135,22.434001267322515,0.8256124915223734,4,0.0101854255910833,0.0063342800399463,0.9999086382996384,1229.4487581387395,0.0642428016570616,0.0486434563863406,-1.2471156031360882,-0.1035791494072578,0.2615165951805556,490.7142857142857,145.5516,23.0,27.847232679053665,113.42599999999999,32.125600000000006,3.5307044848857885,1.943354092893397,0.7013202476334666,0.36211900109651834
400,226,0.6100176207173625,0.9998702229289186,7Networks_RH_Cont_Temp_1-rh,rh,Cont,58.97514143091862,-35.62536605738761,-20.49556885265125,0.5880954628137334,0.3368599583841415,0.6736768226714951,0.7768172147096446,0.4727376279277608,0.832012078810629,54.25457200012477,35.71814862535445,18.53642337477032,3,-1.6097314943744667,-0.092600568127451,0.1227125401876557,-0.0047957822704505,-0.0159353357138206,0.0378926436701967,-0.0060931404596543,0.0140697017279457,-0.0132467891951909,0.0352324377264182,-0.0045114225481496,107.043974,0.2506059133236665,0.0023411491927927,0.8170788347480711,1.9795280299298168,0.2294384827586207,0.2763442819548872,0.8302631813205018,91.67542035192632,0.067029,0.053917,-0.0040241,-0.0011609,-0.068723,0.058716,0.011851,-0.014262,0.0033194,0.015041,0.025677,-0.022015,0.025663,-0.00090327,0.0021201,0.01107,0.010611,0.021815,-0.019121,-0.0050806,3.0,1028.7121528072532,0.0614699646736969,-0.0464117570327584,-1.3524828484523057,0.1038485238801128,0.244049048611111,436.9285714285714,0.1389737822648998,0.7645986257620836,1.0320197044334976,2.030595994711579,0.5891288507779441,3.281218503270285,-0.500183529568049,24.500247705039246,0.8733595501903472,4,0.013592798745892,0.0068754036238357,0.999870215192413,1529.6485377003728,0.0764880360076592,-0.2304695201464759,-1.1887815258666967,0.141013915469343,0.3385465077777778,616.4285714285714,105.1814,16.0,34.6568451515279,77.47789999999999,27.7035,2.7966827296089063,2.484839864536155,0.7393106401223426,0.19481201048854646
400,227,0.6081286292080843,0.9998709815684068,7Networks_RH_Cont_Temp_2-rh,rh,Cont,60.88816406357456,-47.586759943357656,-10.291781403649022,,,,,,,65.06073884931091,42.96019867758945,22.10054017172145,3,8.100959140817883,-0.1035784752303409,0.1236214656803921,-0.0517846733144759,0.0102809096015055,-0.0397458081029381,0.001434018254354,-0.0140103119638292,0.0069177732183841,-0.0302975954596035,0.0043012824884909,122.6879438,0.2769353139430405,0.002257233313766,0.8163262088933483,1.773578197576076,0.2716539117647059,0.3199322,0.8490983767179298,91.29605323843226,0.072927,0.063241,0.025824,0.017867,-0.05293,0.062725,0.0051919,-0.0048039,-0.0092888,0.012359,0.0013596,-0.0058713,-0.0033614,0.0063837,-0.018061,0.021635,0.00015091,0.020501,-0.0066658,-0.0032047,3.0,793.7375552830209,0.0469928572864801,-0.3504980164510814,-0.99648503818084,0.0716565551719094,0.2805494111111111,381.4285714285714,0.1674091777541663,0.7210184076923415,1.1059113300492611,1.9763527704717727,0.6003362105440977,2.889004216445921,-0.2127265176683904,18.429054969245627,0.8479869608465094,4,0.012076536889904,0.0040752862598224,0.9998710377194392,848.7495796104344,0.049233889152032,0.24557563002256,-0.8802788687684626,0.0189205068440858,0.2702905536111111,396.8571428571428,188.49329999999998,29.0,41.701189578342664,135.4041,53.089200000000005,2.5505017969708517,2.003876051967145,0.7854880553693756,0.22076222337876203
400,228,0.5930156977005546,0.9999279382271484,7Networks_RH_Cont_pCun_1-rh,rh,Cont,12.853132706157044,-70.58133080102115,36.26859003133168,,,,,,,92.68829456480076,71.53848892751644,21.14980563728432,3,42.93555325910535,-0.1119396667714547,0.141100385950751,-0.0533698400919961,0.0023755655173085,-0.0260793597163018,-0.0038857778403594,-0.0107889384216479,-0.00262659429497,-0.0137324527148099,0.0034937648314228,118.060636,0.2672116002942266,0.0022633420363244,0.8058061814141484,2.025653763861596,0.3218779230769231,0.3574062375,0.9005940277885154,76.7875593814513,0.076258,0.062522,0.018707,0.021376,-0.067685,0.062224,0.0095741,-0.0083755,-0.0092837,0.021538,0.015818,-0.0010677,0.0083505,0.0088369,-0.0099399,0.022107,0.006234,0.021866,-0.01459,-0.0051928,3.0,793.7375552830209,0.0469928572864801,-0.3504980164510814,-0.99648503818084,0.0716565551719094,0.2805494111111111,381.4285714285714,0.692094204691461,0.8720359315347951,6.674876847290641,0.7558501202142167,0.6004299142338507,2.88435480998029,-0.244917486267761,35.80364713559466,0.7920048389037554,4,0.0088355978068145,0.0073674973846478,0.9999278708284156,1229.4487581387395,0.0642428016570616,0.0486434563863406,-1.2471156031360882,-0.1035791494072578,0.2615165951805556,490.7142857142857,135.9203,24.0,30.751903428345756,113.78999999999999,22.1303,5.141819134828078,2.9201433500578067,0.7090540302689645,0.05701208723053142
400,229,0.5941964918116243,0.9999246075507394,7Networks_RH_Cont_pCun_2-rh,rh,Cont,5.498088653018245,-62.45582795544751,43.55214358763527,0.7184613649420485,0.2792506826051928,0.6272469602865866,0.4271148187875282,0.624808477790222,1.7960140477758335,92.07256120897556,73.44980598225723,18.62275522671834,3,44.868034539215415,-0.0925374882081753,0.1211592940556073,-0.0033883416229081,-0.0165901658008075,0.0425824547552238,-0.006243678481172,0.0141094746197723,-0.0152963246678888,0.0405043485140679,-0.0030187378047649,102.675004,0.2447665713978103,0.0023838963901824,0.8119952891319548,1.9273681794403537,0.2977998904109589,0.3011780070422534,0.9887836540146208,70.97852541468521,0.07657,0.065665,0.037012,0.035826,-0.050668,0.04932,0.023683,0.0055163,-0.0047506,0.009913,0.014485,-0.018707,0.018071,-0.0027993,0.006078,0.016234,0.010181,0.022925,-0.014022,-0.00061529,3.0,1405.1475683674255,0.0718182279048364,-0.7457047349851812,-0.9996193460263588,0.1517390997976936,0.34160401175,518.4285714285714,0.653164557823558,0.8654014306206006,6.822660098522167,0.8499678104913599,0.5627282157174318,4.190681529034573,-1.0662625561067811,30.97414364119373,0.7910467775995416,4,0.0091510052587324,0.0072313863217843,0.999924451790032,1028.7121528072532,0.0614699646736969,-0.0464117570327584,-1.3524828484523057,0.1038485238801128,0.244049048611111,436.9285714285714,165.11849999999998,28.0,31.93478277958628,136.8773,28.2412,4.846723935226383,2.5579446994660264,0.6871793909609428,0.18701599154546586
400,230,0.6023935814581957,0.999919869928002,7Networks_RH_Default_PFCdPFCm_1-rh,rh,Default,5.588297783452536,37.42104409807124,-9.593708101057,0.6211148192721351,0.5099872925186179,0.5022093553950705,0.4911439371234347,0.5401675078506,0.0240508080975594,38.170353702056346,61.686716092354594,-23.516362390298248,3,-16.98253809005557,-0.054351816538315,-0.0956613185945835,-0.0275423966028265,0.0251847699606259,-0.0100943681725966,-0.0148773343440012,0.0577702434700363,0.0012665110089293,-0.0067239285753521,0.007578074519552,92.679312,0.2349367187346619,0.0025349424123304,0.8123090859430531,1.6738326110026565,0.3289696875,0.208908673553719,1.5747057398166753,81.47539147245733,0.005145,0.0092768,-0.058321,-0.050367,0.060391,-0.039159,0.016726,0.014391,0.0055888,0.0016211,0.026372,-0.0063603,-0.012178,0.029397,-0.020203,0.028088,0.018937,-0.011024,0.0078091,-0.014082,3.0,2039.9625116381155,0.0916115171402662,-0.2374428973360669,-1.079096952888256,-0.017668394409462,0.3041703027777778,732.2857142857143,0.5382640915273101,0.6947030890404765,1.0024630541871922,0.4960141761764278,0.5679170740264384,4.004946319775993,-0.9797959325701552,42.94608478578512,0.9207704760128768,5,0.0113413786039501,0.0249586270603532,0.9999199509045184,1999.2119514115225,0.0925312625041203,-0.0406968209477713,-1.2678043123462976,-0.1031499242657224,0.2979199722222222,764.2857142857143,218.0938,34.0,31.317612751596286,194.24489999999997,23.8489,8.144815903424707,3.016630474822987,0.5770354498977537,0.4797903470891883
400,231,0.6003368340666893,0.999906290699825,7Networks_RH_Default_PFCdPFCm_10-rh,rh,Default,25.31312210389546,31.00944399493081,39.36191293512072,0.82884056884136,0.7908176372686172,0.7291154848197109,0.6481607228324314,0.3657829967996856,-0.5283929066944462,63.48917938174185,72.43775803995786,-8.948578658216007,3,14.31431456259319,-0.0375867891783433,-0.0880507392548582,-0.0388901883395331,0.0050549864349263,0.0046072581467623,-0.0293229509860794,0.0505292446884738,0.0240537726783208,-0.006893849735154,0.0064682244712932,100.530081,0.246403819818144,0.0024510456707768,0.8114355046761954,1.6474509292991295,0.2905216249999999,0.2447024930875576,1.1872442377500552,79.43765473273749,0.013677,0.016005,-0.055653,-0.06099,0.048102,-0.04606,0.015482,0.010578,0.009983,0.019226,0.028895,-0.0029566,0.020272,-0.011407,-0.023682,0.027562,0.002885,-0.011638,0.026967,-0.014258,3.0,920.2420309655256,0.0527337168809825,-0.414312344690833,-1.113127940484505,0.0194759448378367,0.2876122419444444,381.1428571428572,0.5004122754217456,0.7814667764201901,1.0394088669950738,0.9158644120735352,0.5572055654607909,4.290626466292509,-1.1642671236985325,22.928732268610183,0.8973611938609716,5,0.0086327723931403,0.009424400449017,0.999906387455491,1437.2937440435294,0.0721373664473474,0.438858846176934,-0.8995869550952658,-0.1371727322642531,0.3045656984166667,624.8571428571429,190.26350000000002,31.0,36.79683892907046,141.78199999999998,48.4815,2.9244557202171455,2.529917699632836,0.6235968428264792,0.488579259815992
400,232,0.6029471304365998,0.9998894695548516,7Networks_RH_Default_PFCdPFCm_11-rh,rh,Default,13.267370673931804,37.36956202311247,51.487659948928304,0.8228193459763681,0.3080548327013234,0.6733613617450108,0.4838422912114276,0.5033231976961269,2.147784361008311,77.57784071330389,86.82741490666314,-9.249574193359251,3,19.68172736242324,-0.0621207869665102,-0.0782387859802408,-0.0316403885865011,0.0304799562609574,-0.024756140920998,-0.0081417115843672,0.0527245061944766,-0.0028059160113065,-0.0163693405417791,0.0046707699500187,119.495302,0.2799695964657404,0.00234293392108,0.8177331849524511,1.5645335226078738,0.395037448275862,0.2843516266094421,1.3892568607652862,83.5324203837546,0.021456,0.031486,-0.052818,-0.053849,0.032649,0.0048834,0.0053327,0.0070048,0.028624,-0.013295,0.010582,-0.0012851,-0.00053567,0.020098,-0.027036,0.0052343,0.023035,-0.025509,0.022011,-0.016396,3.0,920.2420309655256,0.0527337168809825,-0.414312344690833,-1.113127940484505,0.0194759448378367,0.2876122419444444,381.1428571428572,0.3576643202666923,0.5817104407633303,1.0344827586206895,1.3502552504504255,0.5708176540138375,3.743870239216634,-0.90218123739107,21.82716576829964,0.9082214292580494,5,0.0110964644295838,0.0098919781300591,0.9998894832928028,1948.931962782579,0.0892133916058015,0.0719828544810203,-1.2336329726478346,-0.1248190619697275,0.314713245,722.5,247.89579999999998,38.0,38.49001127008686,172.2895,75.60629999999999,2.2787717425634124,2.35963870780415,0.6148096407294159,0.5324188630868293
400,233,0.5999429417413252,0.9999079753163737,7Networks_RH_Default_PFCdPFCm_12-rh,rh,Default,23.762133992209066,20.444972563866443,49.20852863772774,0.417949325033321,0.342527956767342,0.3060335143702684,0.3678766030910778,0.2011876917286328,-0.0365007572137309,69.21364432307469,73.48632044120481,-4.272676118130121,3,23.39162541347671,-0.0502411034209447,-0.0810568066539932,-0.0039460293235676,0.0446740505571091,-0.0207009211677408,0.0043483551293946,0.033401505766621,-0.0164839608793155,-0.0018911969045413,0.0042821638137281,83.354175,0.2185575781787592,0.0026220351671466,0.8186351358234386,1.5885380912670302,0.2282024285714285,0.2011377128205128,1.1345581356073755,75.86854479012464,0.0087534,0.0081303,-0.054197,-0.043619,0.043206,-0.026645,0.012636,0.016127,0.014084,-0.005004,0.02111,-0.016542,-0.023686,0.061051,-0.017195,0.00023513,0.043528,-0.011726,0.0054255,-0.0012497,1.0,835.910441773918,0.0456781662171539,0.1608752215225417,-1.1355215869760715,0.0070722275628371,0.3050398905555556,407.7857142857143,0.5283764275170763,0.756473918215397,1.0960591133004929,0.8951472104178584,0.5796452561424894,3.487002711143215,-0.7182626781478519,21.081852718557546,0.8957875314931133,5,0.0098465828259014,0.0099206120932438,0.9999079683386785,1306.2121420351289,0.0664238711827798,-0.0824673427084654,-1.1860358275041083,-0.0800260771453984,0.2222080258333333,519.7142857142857,203.18710000000002,33.0,35.73452769117961,148.2064,54.980700000000006,2.6956077314354023,2.3343427358242623,0.6731324015589921,0.3989229631211824
400,234,0.6015999327957443,0.9998909866718924,7Networks_RH_Default_PFCdPFCm_13-rh,rh,Default,12.232005817172114,18.632650527058868,62.18023994475642,,,,,,,82.08775212783883,85.11062992104566,-3.022877793206831,3,31.718348808736195,-0.065535319188908,-0.1243868180102223,-0.0267241326249004,-0.0006041058488989,-0.0093445898580779,0.0003095892864091,0.0276553672785905,-0.0261627612440687,-0.0047079774384113,0.0088382948956803,79.282588,0.2092299892085,0.0026390408598699,0.7981665449858715,1.9237084923347167,0.2069754999999999,0.1977618857142857,1.0465894332862833,78.76185985186099,0.0074164,0.011036,-0.049862,-0.035211,0.036755,-0.019883,0.014109,0.020863,0.012731,-0.00030665,0.020868,-0.029388,-0.013435,0.052102,-0.01949,-0.0086562,0.041946,-0.0049853,0.003399,-0.00034073,1.0,2031.014710817121,0.0975589485621866,0.0358961289935693,-1.2076464932206157,-0.1169449301636101,0.3337621194444444,761.6428571428571,0.3711621270910043,0.6362783825707448,1.165024630541872,1.3399163372657747,0.5792034391951837,3.434385119227541,-0.7020114323900549,18.925019574977085,0.9099503314700592,5,0.0073101877078354,0.0099159852009756,0.9998908942813576,1684.1583140152434,0.0786614937747075,-0.2219510365742104,-0.99914346106049,-0.015944704663752,0.286814795,615.0714285714286,260.8848,43.0,39.40624593478317,191.304,69.5808,2.7493791390688966,2.0538342253901343,0.7281082637154428,0.3037263957118238
400,235,0.6059082321321284,0.9998871313445054,7Networks_RH_Default_PFCdPFCm_2-rh,rh,Default,9.803337070420817,64.31052014998356,2.1734403552995487,0.6191017731391703,0.4621874285503224,0.0033903592810377,0.2925163606954344,0.0160771265112948,0.2820596735610833,64.75403557422635,87.40863093103987,-22.65459535681352,3,-17.98909183181534,-0.0614975036884042,-0.1110888663492421,-0.0293674814720958,-0.007314047940493,-0.0119588096458738,-0.0005461772061977,0.0156590989693263,-0.0040785730163451,-0.0005434008179993,-0.0057569155805574,89.590369,0.2298553411238008,0.0025656255654393,0.8097440579892519,1.7250289186503915,0.3183704545454546,0.2073472162162162,1.5354460030942572,97.96701049697266,0.012889,0.018811,-0.048135,-0.0311,0.034614,-0.020551,0.012575,0.020503,0.015228,-0.011622,0.014609,-0.017697,-0.011547,0.046421,-0.017355,-0.011363,0.043988,-0.008339,0.0025101,-0.0010751,1.0,1134.8249321664848,0.063358397659927,0.0852071746218031,-1.3585609259298077,-0.0957222631093227,0.2905553779166666,490.6428571428572,0.2975883568537708,0.7017484355065281,1.0394088669950738,1.2994725700641054,0.5640863723483353,4.008919447250809,-1.034786184164735,40.93462691713248,0.887960168938413,5,0.0082175203627509,0.0085331298484913,0.999887244472668,672.1662360524284,0.043009096822407,-0.416489024566504,-1.034772628455603,0.0156076303827427,0.2807763636111111,283.57142857142856,163.3877,26.0,31.205112881903258,148.4304,14.9573,9.923609207477796,3.4940521700933083,0.5722830470856706,0.5790166579246785
400,236,0.6004767884586524,0.9999148504376084,7Networks_RH_Default_PFCdPFCm_3-rh,rh,Default,8.43134450712334,40.7287696766328,5.949203541510663,0.7926320778439837,0.5653115896819236,0.7466792454582782,0.7685480464671384,0.6760173834342919,0.557456991376262,45.89853248325288,66.28038663142353,-20.38185414817065,3,-8.649108778083443,-0.0602126252375911,-0.098525069392097,-0.0295889233784754,0.0255207925291551,-0.0139867029643959,-0.0125087175457494,0.0597120943119001,-0.0024977418919552,-0.00773788231587,0.0070708576800326,111.082774,0.2657588870485017,0.0023924401370122,0.8120635889986928,1.6687161767087428,0.3686424047619048,0.2555120299145299,1.4427594847136611,79.80202409435977,0.020517,0.020822,-0.039959,-0.04094,0.046349,-0.031834,0.01526,0.012909,0.036396,-0.0083002,0.017135,-0.0083914,0.0085773,0.010228,-0.027466,0.010906,0.010178,-0.023145,0.022517,-0.019707,3.0,1652.0918403311869,0.0793202066594791,-0.27895231435055,-1.0682836809467446,0.0188430438714895,0.2662724944444444,645.2142857142857,0.5524725627370851,0.7593262351276687,1.0295566502463054,0.5990751379127218,0.5924756525659114,3.2543068799670407,-0.4051907426994769,29.04751855678061,0.9205913745894666,5,0.0087967786089299,0.0114341828403318,0.999914948311374,1948.931962782579,0.0892133916058015,0.0719828544810203,-1.2336329726478346,-0.1248190619697275,0.314713245,722.5,203.50369999999998,36.0,40.69464866205953,159.2392,44.2645,3.5974471641979524,2.4032201444182997,0.5581931366751096,0.6235483679166521
400,237,0.6034699657033682,0.9998992515100384,7Networks_RH_Default_PFCdPFCm_4-rh,rh,Default,8.173263098639465,49.435463988704726,14.053490551931263,0.6595329330016311,0.440259032197599,0.6601523395895565,0.7539140094978664,0.6007465596640255,0.6037963236582321,57.29734983200423,76.76696897378491,-19.469619141780683,3,-6.398544865452658,-0.0483451741450277,-0.0531350189451423,-0.0203670593649803,0.0384658796614975,0.0005077457038672,-0.0210115469466885,0.0583497563403482,0.019334846911185,-0.0003675708549656,0.0110386619915997,106.879513,0.2568452110856745,0.0024031285685726,0.8152798384505426,1.6075183124423391,0.3808468611111111,0.2434667330677291,1.5642665269128908,84.08703370626002,0.020508,0.018971,-0.033236,-0.037504,0.023555,-0.027854,0.0083147,0.0028228,0.020162,0.0087734,0.014509,-0.013478,0.024721,-0.011104,-0.0079177,-0.0033207,0.016078,-0.021758,0.020445,-0.015947,3.0,1912.586376843903,0.0897107984335397,-0.3343621956613729,-1.140868699831277,0.036326236543201,0.2956982572222222,680.1428571428571,0.4004983901019497,0.794310001435549,1.0788177339901477,1.0638414156658489,0.5720740618307929,3.7386098477373215,-0.8559028708582962,33.22782694872594,0.9064193326761,5,0.0084886486394526,0.0086371696265241,0.9998994462129268,1966.015157622138,0.0865628371619469,0.3728230219678097,-1.0892550763163844,-0.1443564413914579,0.3673727449999999,807.3571428571429,223.7472,36.0,41.34973654399426,177.39440000000002,46.3528,3.8270482041994724,2.5102722982243457,0.47507906896226804,0.697487611018149
400,238,0.60560969992728,0.9998911040323276,7Networks_RH_Default_PFCdPFCm_5-rh,rh,Default,17.81460848293272,61.53761652827872,17.781020677881713,,,,,,,67.88502234408847,87.40156921980861,-19.51654687572013,3,-7.792672551754586,-0.0680983919482201,-0.1159425157408893,-0.0318988692246559,0.0034156726975638,-0.0171255613154106,-0.0019396932525028,0.0362362655747556,-0.0172868230502459,-0.0054001079905821,0.000162409334027,97.072274,0.2411214334789793,0.0024839372103174,0.8037658944492991,1.8232530325338083,0.35134675,0.2204440210526316,1.5938139222960988,94.59214354121802,0.0066124,-0.024906,-0.046218,-0.028331,0.047097,-0.022024,0.015929,0.029461,0.020428,0.0012651,0.023337,-0.016282,-0.018386,0.046376,-0.020211,0.003484,0.040568,-0.00012116,0.0049857,-0.0014726,2.0,2031.014710817121,0.0975589485621866,0.0358961289935693,-1.2076464932206157,-0.1169449301636101,0.3337621194444444,761.6428571428571,0.3203635776551558,0.6384830769073196,1.08128078817734,1.3254525588561532,0.5588259146080499,4.105236048264109,-1.137275147517245,30.37421765882329,0.8942362196916609,5,0.0095483142605099,0.0093608914315547,0.999891282808822,672.1662360524284,0.043009096822407,-0.416489024566504,-1.034772628455603,0.0156076303827427,0.2807763636111111,283.57142857142856,222.2237,35.0,38.674422722320905,178.74970000000002,43.474000000000004,4.111646041302591,2.4039544060488676,0.5886357295405262,0.5653478904365286
400,239,0.5984908501151989,0.999908983911552,7Networks_RH_Default_PFCdPFCm_6-rh,rh,Default,3.83684627462606,21.711594576913804,21.371467330807544,0.75118642970031,0.507366519114341,0.7972408826691018,0.6024446319620061,0.6120243925360299,0.6784060105753784,46.83709187694485,58.62908793351669,-11.79199605657184,3,6.309402025410386,-0.0695020783364063,-0.1163193156954183,-0.0316315362487754,0.0051401633675917,-0.0153167589177008,-0.0020541811839215,0.0316711506171272,-0.0078510662771873,-0.0035535929816477,9.225502557795786e-05,116.234803,0.2725178004292771,0.002344545638616,0.8071751181117183,1.7631064916024728,0.370952725,0.2833786736111111,1.309035433549124,68.37378597859848,0.023439,0.014871,-0.039688,-0.032483,0.022601,-0.012204,0.0089181,0.023158,0.033274,-0.010609,0.010212,-0.018507,0.0018715,0.044288,-0.022353,-0.013284,0.036481,-0.012339,0.013671,-0.0047812,3.0,1134.8249321664848,0.063358397659927,0.0852071746218031,-1.3585609259298077,-0.0957222631093227,0.2905553779166666,490.6428571428572,0.542661265661765,0.7581874773914528,1.0714285714285714,0.7047566694632375,0.5625244806053689,4.090718007916581,-1.0647871880111606,23.10893467788829,0.928629741408632,5,0.0060063613391908,0.0081176488320573,0.9999088850968464,1500.7964196830071,0.0810400243899848,-0.3678240800323716,-1.0734092858838502,-0.0069695698969848,0.2885404473055555,527.9285714285714,247.89697,50.0,38.28473284229218,198.79526,49.101710000000004,4.048642297785457,1.5837785011093772,0.6546420940385462,0.5035145851117099
400,240,0.6036640977468012,0.999889944708105,7Networks_RH_Default_PFCdPFCm_7-rh,rh,Default,6.198490611497347,54.50929613542986,30.654135791675465,,,,,,,71.88950983757145,88.5794350983841,-16.689925260812643,3,2.039692634376322,-0.0702583648684428,-0.1320738406341194,-0.0279197256445298,0.0025677304387048,-0.0106506249438914,0.0004786266339359,0.0319428818972857,-0.0286478934639358,-0.0054599367708819,0.0107414203137141,99.136527,0.2429066477009227,0.0024502234953285,0.7987415253591694,1.9166455365655608,0.3375433666666667,0.2250878716981132,1.4996070822039558,88.10187778841305,0.00078179,0.0078663,-0.03281,-0.017838,0.03878,-0.026456,0.010739,0.02525,0.025415,-0.015226,0.012692,-0.014938,-0.021231,0.01366,-0.016413,0.0052388,0.027899,-0.0067149,0.00095095,-0.012859,2.0,755.7582917544177,0.0463391952072901,0.0470677421207412,-0.956422902969325,0.0106055814504,0.3179217322222222,425.1428571428572,0.3542522388153004,0.7224322688397934,1.0985221674876848,1.308654688168108,0.5597466789980015,4.235345097996231,-1.126945818591166,24.157567864713684,0.9049566058522752,5,0.009872888568367,0.0086250180454133,0.9998900641396472,1622.5985934776213,0.0781940054171517,0.1304914464120511,-0.9648493332268182,0.0805710391118735,0.2170315030555556,762.6428571428571,160.9907,25.0,34.29747434521652,140.14620000000002,20.8445,6.723413850144052,2.789044861744668,0.5349924596230116,0.6304705799776011
400,241,0.6028782009137106,0.9998965291972418,7Networks_RH_Default_PFCdPFCm_8-rh,rh,Default,18.79265238505439,48.52408156955492,35.24343968205598,0.6967431625375305,0.6052929558445248,0.4539407538053895,0.5760505857841614,0.5295008208452017,-0.1381931289619525,69.48053531394395,83.73928348180155,-14.258748167857604,3,6.588839338367109,-0.0623220325026786,-0.1092088514915734,-0.0052089103341878,0.0432686326188835,-0.0209031491193086,0.0066209294358959,0.0311910676009151,-0.0352703669559162,-0.0002256186341503,-0.0002282635636806,99.3560124,0.23812710907961,0.0023967055775214,0.8022312902306226,1.857955433696975,0.3407029310344828,0.2244297328063241,1.5180828610471615,85.20231891829626,-0.0012298,0.0039358,-0.030509,-0.03282,0.043628,-0.03614,0.0055293,0.024122,0.030448,-0.017642,0.010097,0.0021867,-0.020273,0.019328,-0.019594,0.018487,0.020389,-0.00081552,-0.0069515,-0.012177,3.0,2149.732599392048,0.1000393660930798,0.1899413102994483,-1.0120762149776614,-0.0364678406370645,0.1271557552777777,857.7857142857143,0.4051568277911371,0.7082520597943032,1.0935960591133005,1.165520887646258,0.5619337689417897,4.053858727563722,-1.0768186214019226,24.832201182097407,0.9100988242076746,5,0.0090010949262215,0.0102626957331482,0.999896687060866,1335.1388042696783,0.069010834053677,-0.1810528512310061,-1.1024645571366076,-0.033933974435693,0.2999907888888889,505.07142857142856,150.1819,25.0,38.40409612332475,104.22970000000001,45.952200000000005,2.268220019928821,2.9595714667332698,0.5935939269565167,0.5237894846183195
400,242,0.6014371885152091,0.9998974741222432,7Networks_RH_Default_PFCdPFCm_9-rh,rh,Default,4.954849225102049,40.90822325330792,38.285303289240055,,,,,,,69.43190531028773,82.27698560960675,-12.845080299319022,3,10.698714997551654,-0.0640461077471234,-0.1182417128102749,-0.0196998540419826,-0.0130903947720737,0.0056865358904348,0.0075873882434814,-0.0078214672865392,-0.0152367474093658,-0.0059365003413229,0.0291909660499262,96.685158,0.2381108584255223,0.0024627446792327,0.7979878460561871,1.9263166387469053,0.3191732424242425,0.2321682130434782,1.374749962980487,81.02457039805223,0.018562,0.021941,-0.034522,-0.053568,0.02252,-0.016433,0.0005778,0.0050037,0.027644,0.0030787,0.0024798,-0.0016144,0.0047637,0.0040708,-0.016522,-0.010509,0.017265,-0.017018,0.013907,-0.0044421,2.0,983.2341057279629,0.0591184315236034,0.269447211714431,-1.254531278263059,-0.1414674607253082,0.3377080675,398.8571428571428,0.4323483577221971,0.8311804300200416,1.1280788177339902,1.1062038191808383,0.5665842713505148,4.043728383351612,-0.988940495112989,24.1633357644463,0.9140271975782256,5,0.0072445780323906,0.0090611192731511,0.9998975214672312,2270.620555413578,0.1056466204839609,-0.1804303807406787,-1.109540913806933,0.0275137686799942,0.2597652061111111,823.4285714285714,140.0453,22.0,33.26874901634323,114.72390000000001,25.3214,4.530709202474861,2.90336715864665,0.40760284677213343,0.7361018184830195
400,243,0.6038771849336791,0.999906848212412,7Networks_RH_Default_PFCv_1-rh,rh,Default,34.27081070623454,21.02159628896318,-17.531312066704565,,,,,,,20.988739933390526,41.865138745588496,-20.87639881219797,3,-16.825266126711693,-0.0701318419209631,-0.1312434868889035,-0.0234089318398148,0.0080846521513805,-0.0087223189414634,0.0015149751172915,0.0304535296813773,-0.0300410985128361,-0.0063615955251375,0.0139085215110054,109.045521,0.2569307163845958,0.0023561785392759,0.7963846063728721,1.947152847593216,0.3697053125,0.2563483052208835,1.4421991674071026,82.43977294591411,0.0081021,0.012588,-0.030485,-0.04516,0.037881,-0.040412,0.010141,0.018052,0.037015,-0.0029414,0.0061273,0.0018376,-0.0074474,0.0053397,-0.022871,0.014547,0.020395,-0.011736,0.0062129,-0.016745,3.0,2078.490217013836,0.0914968048387886,-0.2503427659700218,-0.9605278553478014,-0.0362963588766748,0.3069296083333334,797.9285714285714,0.4577257654250475,0.7133008267530667,1.019704433497537,0.6282886622006086,0.5636227016528607,4.225726952437445,-1.0603466022394208,39.606344690666106,0.907324660102624,5,0.0123904879184902,0.0159657940155175,0.9999070431813404,1622.5985934776213,0.0781940054171517,0.1304914464120511,-0.9648493332268182,0.0805710391118735,0.2170315030555556,762.6428571428571,165.40095000000002,30.0,29.541426355213563,154.22017000000002,11.180779999999999,13.79332837231577,2.605540491667663,0.7148697690207764,0.24052020257441079
400,244,0.60537316392698,0.9999014188874474,7Networks_RH_Default_PFCv_2-rh,rh,Default,34.08088187124471,36.03029393086507,-12.585957857593256,0.8123185712409132,0.6361671101994638,0.2169100677784073,0.395835086865013,0.430152315498381,0.2571403035427002,34.65832206562137,56.36234832689322,-21.70402626127185,3,-18.36066289381548,-0.0582204138297982,-0.1076752501318611,-0.0072394558080185,0.0043295451841255,0.0024801818310292,0.0060461303639896,0.0087796650161755,-0.0331145179524217,-0.007543964537204,0.0178688212860015,87.1863888,0.2167375008686126,0.0024859098289475,0.7910934165620465,1.9982984126354144,0.3227301785714285,0.2012162612781955,1.6038971023561652,86.85948221927777,-0.033427,-0.027459,0.013492,0.01643,0.020361,-0.02581,-0.041844,-0.020359,0.011899,-0.022605,0.009748,-0.0063316,0.0041806,0.0052679,-7.4204e-07,0.011131,0.010991,0.0053112,-0.010329,0.0090626,4.0,2099.783336971275,0.0960694396120502,-0.0931469658354392,-1.182884871537614,0.0659333808940682,0.2490591022222222,802.1428571428571,0.4127238720581692,0.7270186252502806,1.0024630541871922,0.7376316856053785,0.5591350409718413,4.369118722602933,-1.1675466529291825,37.321975899140135,0.8872954517127997,5,0.0130925907687412,0.0148030410357635,0.9999016181154676,717.2335742280892,0.0451544682843168,-0.4219764016788686,-0.9504306957469252,0.0176628721270891,0.2627518839722222,334.5,107.32001000000001,20.0,25.75988304672426,96.2861,11.033909999999999,8.72638076612256,3.2959870454176037,0.698034021145072,0.2936600546347321
400,245,0.6060099710166061,0.9998973800364596,7Networks_RH_Default_PFCv_3-rh,rh,Default,48.05995820126857,31.190751683007704,-6.094201975800245,0.8220776994042158,0.4698587812519988,0.5012226134721626,0.5884549296264072,0.5648891856243606,1.237258495405362,39.4994484155398,55.29713764030323,-15.797689224763424,3,-13.013746690382458,-0.0674075961593341,-0.1313158066946297,-0.0429446182420193,-0.0328407884671579,-0.0077975005017436,-0.0066432972319104,0.0218450605628793,-0.0089750266832113,-0.0003061608721975,-0.0108343204845913,102.099868,0.2460863743376761,0.0024102516404569,0.7853080493607355,2.122597363439461,0.2790306333333334,0.2480989852398524,1.1246746251344395,90.25147962473352,0.028759,0.025815,0.0039537,0.0071035,0.02746,-0.02851,-0.0041627,0.044377,0.066216,-0.059063,-0.024106,0.017894,-0.018899,0.011703,-0.025356,0.0055381,-0.015466,0.012733,-0.0042263,-0.011566,4.0,2377.370895197746,0.1054893326942727,-0.2067640640282703,-1.069312909218411,-0.011531846016185,0.2785353058333333,871.5714285714286,0.3916295844138327,0.7373282643396086,1.0517241379310345,0.807794409020624,0.5686260375979547,4.046093232397789,-0.9813263260737726,33.50364835102377,0.9138224358621124,5,0.0132738901369997,0.0106488190053696,0.9998974467106336,516.498622134335,0.0306669331877269,0.0124396541531112,-0.7890696238744308,0.0008754122333606,0.1409916505555555,308.6428571428572,196.58429999999998,31.0,39.69155063577216,144.64449999999997,51.939800000000005,2.7848489982580116,1.984665213504932,0.7437673100603948,0.22824457497368814
400,246,0.6068612306009034,0.999878956096328,7Networks_RH_Default_PFCv_4-rh,rh,Default,52.64648396056376,23.043459775712755,8.024921463448324,,,,,,,44.48771601861501,53.49005590480349,-9.002339886188473,3,-2.098085054644832,-0.0568810289458163,-0.0804295148170318,0.0161860315418511,5.1242311993556805e-05,0.0287950721433793,0.0118755014645998,-0.0088762736320167,-0.0292717452674035,-0.0121287389523293,0.0387799874227094,100.3028072,0.2396199526075287,0.0023889655663325,0.7990487226548265,1.8169439672590089,0.2652159999999999,0.2381095848,1.1138400838058826,84.75651296386089,0.02295,0.030792,0.014197,0.0074245,0.036276,-0.027142,0.0097371,0.043261,0.069877,-0.054037,-0.024666,0.0068516,-0.011821,0.0025715,-0.015039,0.0076433,-0.013846,0.0072886,-0.0015683,-0.011138,3.0,631.6576076747064,0.0394564062511528,0.4874872375843423,-0.5245126033565617,0.0211418506770018,0.2997749973333333,411.7857142857143,0.2722089988630433,0.7378166485019457,1.2339901477832511,1.410695359083557,0.559286526905073,4.2964732444641465,-1.130059901058837,25.603917264557705,0.8958562236128205,5,0.0139872887305536,0.007823446013993,0.9998790612740924,1037.6893048178406,0.062921530992241,-0.0498254972462637,-1.2238624859226404,-0.0922576955329067,0.2740585186111111,392.2857142857143,173.6459,29.0,38.235793952910775,119.46690000000001,54.179,2.205040698421519,1.9788157589163133,0.6724507506462291,0.2835984034175295
400,247,0.599959896593275,0.9998977114514078,7Networks_RH_Default_Par_1-rh,rh,Default,47.57667186737061,-49.14187300364176,16.539062418937682,0.8165234818449251,0.3049183957658988,0.8261943413556149,0.8787758327239968,0.7018200086916424,2.134401652483466,68.3459702025336,45.24348491567714,23.10248528685645,3,24.66599935245513,-0.0643275606969699,-0.126170552718618,-0.0412429727662916,-0.0268970653402794,-0.0089527033061303,-0.0078210868228222,0.0266912891222951,-0.0089386572188117,-0.0006590057553477,-0.0118433272594749,100.026285,0.2434885096373493,0.0024342452550057,0.7904269467740797,2.0482079727547,0.2259395737704917,0.2812847180851063,0.8032415526456245,78.26653566204716,-0.0024107,-0.0065039,0.016056,0.012915,0.035853,-0.030436,-0.073346,-0.036586,0.024474,-0.027147,0.0069023,0.0034424,0.0068163,-0.0047139,0.0028519,-0.0054415,-0.00028283,0.010375,-0.028476,-0.010552,4.0,2377.370895197746,0.1054893326942727,-0.2067640640282703,-1.069312909218411,-0.011531846016185,0.2785353058333333,871.5714285714286,0.449336341276662,0.7812956650010776,2.16256157635468,1.09598021082282,0.5635955996362778,4.112676807193726,-1.0704821656238297,16.004428031398344,0.8731909688943769,5,0.0087051766655413,0.0058099060500988,0.999897768395855,956.5196635023592,0.0564985034555439,0.2874838265657095,-1.0476844465255606,0.0092093775070327,0.2733984616666666,468.4285714285714,109.3842,17.0,19.351880030111435,109.38420000000002,0.0,1093842000000.0001,3.482705670421393,0.7070828979948389,0.39953119371901974
400,248,0.5992821737790309,0.9998971506128744,7Networks_RH_Default_Par_2-rh,rh,Default,42.55005280819932,-66.14002597676536,19.68927357100338,,,,,,,82.2338692799447,57.834385043120015,24.399484236824684,3,31.655571935631635,-0.0586212366696595,-0.1022733264425089,-0.01720781890166,-0.0369170555696474,0.0225298746005563,0.0076902546235215,-0.0266517313764904,-0.0133030946627385,-0.0103895096312745,0.0416935573012824,95.0237287,0.232075511084441,0.0024422900917399,0.7901835712640091,2.0011603181647923,0.2369339464285714,0.2632782244897959,0.8999374969112219,81.68762674892916,0.036063,0.037009,0.02048,-0.00018434,0.026022,-0.0063855,0.010719,0.04067,0.069871,-0.055525,-0.032578,0.015168,-0.010168,0.0055558,-0.016525,0.0048231,-0.016664,0.0049609,-0.0045475,-0.0055459,3.0,1924.2514619687547,0.0874196166564134,-0.1082098988351453,-1.1356754491208696,-0.0344926505185357,0.2667872566666667,741.5714285714286,0.4244239064567718,0.8427110797827374,4.679802955665025,1.2729064011863898,0.5656128262993616,3.919077294732526,-0.9805642738046652,23.327752747586125,0.8148530751676301,5,0.0104253248393744,0.0062814727483903,0.9998972549932112,1912.586376843903,0.0897107984335397,-0.3343621956613729,-1.140868699831277,0.036326236543201,0.2956982572222222,680.1428571428571,133.10750000000002,21.0,30.692643207402647,108.03479999999999,25.072699999999998,4.308861829781759,2.6370728034176185,0.7934902349268326,0.2388054767762898
400,249,0.6004402165403825,0.9998964515635436,7Networks_RH_Default_Par_3-rh,rh,Default,48.5526318569415,-57.537798985778565,24.66760673696696,0.4957342472530281,0.4386869957649051,0.5452067287330709,0.6348914644029882,0.6173047019487856,-0.1929220671955518,79.45103918266156,56.35610359810683,23.094935584554733,3,32.061903737913745,-0.0576692054665499,-0.038416839388108,-0.0023786516912018,0.0478634130284003,-0.0287382951457318,0.0144768439402186,0.006076986529397,-0.008295152090524,-0.0049693773632783,-0.0001191550898766,85.16399700000001,0.2201994120312565,0.0025855927362239,0.8179301861450663,1.574224415684062,0.2048713076923077,0.2312441262626262,0.8859524819715336,81.04578474086333,0.017801,0.010694,0.032544,0.024872,0.0074716,-0.008405,-0.024979,-0.022017,-0.028751,0.019592,0.0061645,0.00027797,-0.00052796,0.010032,-0.017431,-0.010165,0.017763,-0.0007978,-0.0028224,0.0038517,4.0,518.6423130529256,0.0304465231247657,0.1391961995365028,-0.6116396348434501,0.0177368044746362,0.193112455,307.42857142857144,0.4332272061890858,0.8181880863656557,2.6379310344827585,1.1528843118520362,0.5638296427372611,4.153084689284091,-1.0814761644602886,15.98927754538096,0.8635862795192132,5,0.0117205240103538,0.0058969840339294,0.999896483227272,1436.0399189747093,0.07636425084151,-0.5492140446128283,-1.1151066243572083,0.1546759197958304,0.3549738666666667,554.6428571428571,129.1762,19.0,24.51387018002054,118.492,10.6842,11.090395162847097,3.0761511598393625,0.7453347284663112,0.30572427428582044
400,250,0.6015242860645498,0.9998903700383118,7Networks_RH_Default_Par_4-rh,rh,Default,53.76739533201804,-51.02891871291666,26.71510990325597,0.8659781148783867,0.3503206590541773,0.4421269139298108,0.6951779083641795,0.490474944044321,2.1231391397408483,77.6967847118127,55.90717479456893,21.78960991724377,3,31.33774155582858,-0.0710003298333277,-0.1308292648088197,-0.0453872809512995,-0.04373024697887,-0.0013968649278009,-0.0060001667804056,0.0066511100034247,-0.0002175517400351,0.0011465868639478,-0.0046293337794647,113.504352,0.2637581962265748,0.0023237716579038,0.7873896087521759,2.062501394102642,0.26383236,0.3105190497512438,0.8496495146638849,81.89771709332526,0.035503,0.03403,0.018012,0.017307,0.024876,-0.021382,0.0027401,0.045753,0.067568,-0.067449,-0.034864,0.025866,-0.021128,0.002331,-0.025387,0.0030365,-0.02464,0.01512,-0.0018865,-0.0061242,4.0,803.5906475867479,0.0488318926682488,0.5019625111745101,-0.1901435301704142,0.0358683951193078,0.2270202897222222,529.0,0.3681199819489769,0.8168646291777141,1.98768472906404,1.3293252182852646,0.5586005869732945,4.256664818979562,-1.1505078682663248,17.20124321659874,0.8741619738770403,5,0.0085088300938221,0.006422891541625,0.9998903003080446,516.498622134335,0.0306669331877269,0.0124396541531112,-0.7890696238744308,0.0008754122333606,0.1409916505555555,308.6428571428572,95.3639,14.0,20.153306207679332,90.3681,4.9958,18.088814603905504,3.7088927260452955,0.7037764723683531,0.28372686100295813
400,251,0.6004472806812152,0.99989197837235,7Networks_RH_Default_Par_5-rh,rh,Default,44.072940162990406,-67.54807635619974,39.64125069103846,0.752306032230962,0.5119582370597817,0.2925019108145279,0.5326604670178843,0.5234277212939574,0.6581763372483396,94.4926224577278,72.01373302081174,22.478889436916063,3,44.049173321483,-0.081150324260603,-0.0688791551662394,-0.0316336542811006,0.0191495749991111,-0.0268413551890714,0.0034595288764731,0.0201838682307949,-0.0167687859097028,-0.0062399309118447,-0.0052920900929477,108.492561,0.2531426345541027,0.0023332718134828,0.7986794008814948,1.8566344013925644,0.287015909090909,0.3088242574257426,0.9293826572771224,86.34184422445384,-0.0072888,-0.0097491,0.023741,0.011328,0.033596,-0.027418,-0.079151,-0.041046,0.022981,-0.023635,0.0089632,-0.0051873,0.0084827,-0.0031777,0.0041508,0.001753,-0.0029116,0.004182,-0.028661,-0.0093076,4.0,653.5333163317349,0.0384497707250506,-0.0647186255076874,-1.062322927361742,-0.0053850160876874,0.3232354805555555,376.0,0.370350192181382,0.6628574844715036,3.958128078817734,1.4139301951331236,0.5725333647688793,3.863642340177909,-0.92387991190135,22.54101959776744,0.8377025634092423,5,0.0084510318838048,0.0056189108949264,0.9998919927731876,956.5196635023592,0.0564985034555439,0.2874838265657095,-1.0476844465255606,0.0092093775070327,0.2733984616666666,468.4285714285714,183.89659999999998,28.0,39.700538617437125,126.0214,57.8752,2.177468069221052,1.684478256363622,0.6788125017415428,0.13509657057281102
400,252,0.6103772334600629,0.9998867916490216,7Networks_RH_Default_Temp_1-rh,rh,Default,53.53213134896201,1.1876589927557926,-30.469456115386887,0.7938754955306118,0.3436100991716225,0.5789097965113179,0.593586286281422,0.6147215609434411,1.8061641456776,34.02457795715885,37.97271960252724,-3.948141645368388,3,-18.637971367058867,-0.0628095594377362,-0.1050082074137991,-0.0287885305011316,-0.0549770207597353,0.0221454301588668,0.0037467289252805,-0.031577965653655,0.0003433142686173,-0.0041951969872332,0.0281727472297084,104.806921,0.2497164432851961,0.0023826331400858,0.7897028029106654,2.000962113522805,0.3176689583333333,0.2629767636986301,1.2079734868765166,93.5342457356114,0.044421,0.051158,0.056127,0.058431,0.034817,-0.024041,0.0099147,0.052846,0.052611,-0.049328,-0.030888,0.019637,0.0038186,-0.0096255,-0.0065147,0.00029408,-0.012097,0.0085407,-0.0093509,0.0072589,4.0,803.5906475867479,0.0488318926682488,0.5019625111745101,-0.1901435301704142,0.0358683951193078,0.2270202897222222,529.0,0.3080194070017226,0.6806219038476101,1.0024630541871922,1.0425483715314474,0.5567763292281629,4.278217945498072,-1.1349842514717914,33.52642367594339,0.8871249756504427,5,0.0175325261730591,0.010749559119367,0.9998868057802964,1675.548287045832,0.0830496228242748,-0.2740979786023695,-1.1090086462702915,-0.0079958080751677,0.279514498611111,584.2857142857143,199.3818,34.0,53.33387732286797,111.8762,87.5056,1.2785033186432884,2.2036096941815897,0.718355665111839,0.2093666523223283
400,253,0.6102744544459924,0.999874804159862,7Networks_RH_Default_Temp_2-rh,rh,Default,61.84137821422965,-15.036201773383093,-22.79083654841069,0.5428161806258158,0.5358662000731561,0.447604201598766,0.4201564105325699,0.3027010555505176,-0.506052387553844,44.41468800745801,35.86530810808153,8.549379899376483,3,-9.163641397031489,-0.0592945781119695,-0.1166019900475345,-0.0369179429356104,-0.0478376861443196,0.0021092819932198,-0.0005267727589939,-0.02187070036111,0.0083834166513012,0.0063266423165231,-0.0109353806253485,88.74023,0.2248293377482521,0.0025335672191518,0.7946605230951349,1.98979831006638,0.23920921875,0.2252533450704225,1.0619563432854624,92.25553523755654,-0.018661,-0.016507,0.035968,0.036507,0.02179,-0.020459,-0.074748,-0.066649,-0.0090853,-0.0049521,0.01208,0.0023445,0.015857,0.0051792,-0.0014707,-0.0070242,0.0099578,0.0022348,-0.013186,-0.012777,4.0,1816.200033036009,0.0914971452123451,-0.064846852665787,-1.1534433815008278,0.1469234174498314,0.269995265,716.0,0.203793104343801,0.6647219751719796,1.0024630541871922,1.589321528535346,0.5608141247804779,4.33365286288108,-1.1539305991932596,31.4636102396632,0.8847236656254194,5,0.0154352836452562,0.0068895454711082,0.9998748701913106,1386.624861549319,0.072878226354121,-0.2597671137727382,-1.1165049448166835,0.1549128566255494,0.3431461377777778,585.9285714285714,150.5917,24.0,41.38274452918992,98.51160000000002,52.080099999999995,1.8915401468086825,1.9794065206727067,0.7849853227466326,0.32964233752590616
400,254,0.6079544543508402,0.999893783138242,7Networks_RH_Default_Temp_3-rh,rh,Default,50.75050901307713,9.91206988515044,-19.35705923873676,0.8538417354823358,0.3883531115522379,0.3421066024018719,0.4279240104477683,0.3524511050099256,1.850290592617148,29.38342983069493,38.294175873238345,-8.910746042543416,3,-14.587856508787189,-0.0654095126533963,-0.1222953798240574,-0.0453209107209248,-0.0600498135165607,0.0040817435172503,-0.0048284875975196,-0.0170626783908253,0.0134621729866219,0.0059949410691768,-0.0117951337150201,97.649087,0.237727249761214,0.0024345056063962,0.7842233494970385,2.1066415087436674,0.2866552857142857,0.2396854981412639,1.1959642440517728,88.41573115285489,0.038165,0.032117,-0.0044643,-0.0036052,0.001008,-0.0097868,-0.0085297,0.018257,0.054706,-0.050851,-0.03357,0.030519,-0.011195,-0.0010731,-0.032538,-0.0078708,-0.013785,0.0071581,-0.0015652,-0.01234,4.0,1457.0917823604052,0.0721037487477272,0.0936651263192001,-1.0439643027439178,0.0417467305236301,0.19984099,638.3571428571429,0.372082930076061,0.6661733557962036,1.0024630541871922,0.8252071057593205,0.5629596475724533,4.202124052295955,-1.06135762282917,32.561580459820604,0.90509264153999,5,0.0160098797085319,0.0105565239433744,0.9998938494159888,516.498622134335,0.0306669331877269,0.0124396541531112,-0.7890696238744308,0.0008754122333606,0.1409916505555555,308.6428571428572,146.2082,24.0,56.656586291194486,81.52940000000001,64.6788,1.2605274061960636,2.2962321261721335,0.7346940591429505,0.14110562882246003
400,255,0.6067332911327414,0.999886323287103,7Networks_RH_Default_Temp_4-rh,rh,Default,54.60705314975463,-11.22631081825231,-13.954414818114367,0.8388171459607165,0.3947663732915121,0.3378252627480571,0.6110675175435116,0.4725036728117676,1.740457608951385,36.21363300897665,28.08438420996709,8.129248799009556,3,-5.004755645392926,-0.0603729895139776,-0.1176777448823866,-0.0400432212777135,-0.0639469473361879,0.0093576525153932,-0.0015252317435796,-0.0301084261988184,0.0139513245449973,0.0040849887953712,-0.0055244365303718,98.268744,0.23894058462873,0.0024315013594606,0.7850705855291468,2.097042770583604,0.2552927560975609,0.2438288,1.0470164147666694,84.31223538930952,-0.0074477,-0.0079761,0.034725,0.02613,0.032051,-0.029761,-0.080293,-0.053614,0.017126,-0.028984,0.010068,0.0047583,0.013067,-0.0085261,0.0069915,-0.0091272,-0.0033415,0.0075489,-0.027184,-0.022587,4.0,875.8515703778428,0.0457163213200393,-0.0788662745331258,-1.1977969176709284,-0.0509934772660468,0.1510262561111111,389.57142857142856,0.3272422019443625,0.7849997791097754,1.0024630541871922,1.1177341990629108,0.5688648022756736,4.185315935932335,-0.9501410923082122,28.764553106705847,0.9093702209069352,5,0.0127769102765005,0.0080524971026182,0.9998862421217904,956.5196635023592,0.0564985034555439,0.2874838265657095,-1.0476844465255606,0.0092093775070327,0.2733984616666666,468.4285714285714,126.623,19.0,36.262933626541184,95.28079999999999,31.342200000000002,3.0400163357931476,2.8371746768688095,0.6908196344691968,0.4639394106915805
400,256,0.6098225690201698,0.9998711231136748,7Networks_RH_Default_Temp_5-rh,rh,Default,62.63798049217047,-29.721897098629974,-8.070959416840427,0.8372484271746459,0.5985829506485532,0.3366473265110842,0.5003592527991235,0.3779785232704686,0.5903920304258641,53.73264975147463,36.19036246953665,17.542287281937973,3,4.073993479484735,-0.0736409440183247,-0.0901945896744002,-0.0371620425883591,-0.0502093738112456,0.0125134745564226,0.0023520127611901,-0.0292532577385315,0.0060803822643128,0.002133093915716,0.0154115321731074,106.689979,0.253063998692411,0.0023719565892141,0.7921584480053252,1.9547522983215413,0.2517797435897435,0.2714333629032258,0.9275932066860598,87.3128767999468,0.051367,0.05219,0.069778,0.068791,0.032929,-0.021903,0.01512,0.044602,0.039006,-0.036107,-0.03267,0.021111,0.0025073,-0.0092882,-0.010953,0.00093735,-0.011526,0.0059251,-0.0055976,0.011757,3.0,2474.0370643051324,0.1075983286834029,0.1005256701871739,-1.0926526730684354,-0.098576499450149,0.2575362513888888,975.2142857142856,0.1498183586696896,0.7528494468074381,1.1330049261083743,1.9869314624504624,0.5726167998399685,4.0151420028782985,-0.8463179941507377,24.38985600094795,0.8660195245206289,5,0.0137949025134904,0.0048766174113248,0.9998710723065116,1912.586376843903,0.0897107984335397,-0.3343621956613729,-1.140868699831277,0.036326236543201,0.2956982572222222,680.1428571428571,141.0336,21.0,30.41812763956069,118.93690000000001,22.0967,5.382563912234033,2.790591471706625,0.6577632454900628,0.49131979896989086
400,257,0.6036913634734381,0.9998926304604188,7Networks_RH_Default_Temp_6-rh,rh,Default,48.59316793388626,-26.47810995320417,-6.890964917723239,,,,,,,41.94666169719272,22.18437994605616,19.76228175113656,3,3.808854035327308,-0.0612551318803238,-0.0873142937671366,-0.0129046622068489,-0.0301010039154077,0.0234944311852301,0.0114066966246111,-0.0373897425596383,-0.0053401535509384,-0.00557728188321,0.0399003083143716,98.21431,0.2387401779912012,0.0024308084839262,0.797667364222059,1.8682454356592064,0.220229875,0.2508422277227722,0.8779617248320692,78.37255878350815,0.062699,0.053727,0.087984,0.069237,0.024434,-0.016102,0.025237,0.03055,0.012217,-0.0088744,-0.023914,-0.0075132,0.011475,-0.014296,-0.0077888,-0.0018971,0.001159,-0.0028025,-0.0016019,0.0079494,3.0,1847.2161396725253,0.0885785048274923,0.2006168316808071,-1.1964564122628298,-0.1465408500617496,0.3182439905555555,730.6428571428571,0.3868222491616999,0.7826814126108258,1.1403940886699508,1.0286341790452542,0.5594453611917243,4.395492932041087,-1.1077845493522445,27.696315218336625,0.901325827979474,5,0.0104484849159886,0.0075379699111316,0.99989274433082,1074.325690323418,0.0596958153541443,-0.1630646535312875,-1.2670206632936163,0.034295606786027,0.1746737,482.0,85.9984,15.0,23.45957553043951,83.1284,2.87,28.96459930212667,3.3280964586843673,0.574929076145205,0.5941831475934436
400,258,0.607327630884484,0.999872629836778,7Networks_RH_Default_Temp_7-rh,rh,Default,61.80421009151617,-42.416495397892966,-0.9022873837826988,0.713133095226824,0.2903918231054725,0.2786021727028065,0.3707191191465681,0.2799180745499662,1.707366825501832,63.491715701648296,42.05214752122974,21.439568180418554,3,12.18357618909827,-0.0611489407071158,-0.1213389970263794,-0.0451435478233864,-0.0672488497500232,0.0037054344504953,-0.0041766575691448,-0.0281652834988886,0.0215193124589928,0.0095857783733723,-0.023865285053156,92.968155,0.2308243856964687,0.0024828328119044,0.7850460746946242,2.106129079003379,0.23110955,0.240117329059829,0.962485926395453,86.76858886673253,0.038946,0.034991,0.026705,0.030271,0.023567,-0.023043,0.0037076,0.041365,0.05851,-0.057456,-0.034274,0.024438,-0.017941,-0.0063113,-0.027992,-0.0053853,-0.023595,0.015097,-0.0042376,-0.0063651,4.0,1777.688299137081,0.0889348113499523,0.2444457760424933,-1.1334930640401142,-0.1041663226495299,0.3049415823055555,752.4285714285714,0.1837541649014557,0.769812790129465,1.1699507389162562,1.9224067710141928,0.5549378663031822,4.295703805651201,-1.1495460273790574,19.58733816267186,0.8592062095460394,5,0.0114423303026451,0.0042887316156525,0.9998727632046968,516.498622134335,0.0306669331877269,0.0124396541531112,-0.7890696238744308,0.0008754122333606,0.1409916505555555,308.6428571428572,95.1661,15.0,22.11094413794617,86.9836,8.1825,10.63044301850742,3.1931788888240726,0.7383972177318224,0.40308576268229973
400,259,0.6000841596378231,0.999904080241851,7Networks_RH_Default_Temp_8-rh,rh,Default,48.789136233172016,-37.17882288685476,0.8362984158140443,0.742944197367631,0.2905051496688851,0.3819732491357759,0.5334952113219488,0.5770275664555271,1.853336720525296,52.61330071831649,29.867552596741845,22.745748121574643,3,11.655425915544855,-0.0558181888516037,-0.1128656553915213,-0.0432905115133282,-0.0648752225973719,0.0012261088285169,-0.0048281839566981,-0.0284912673518497,0.0266303210502286,0.0126655510915382,-0.0352006561237698,84.396255,0.2169915454103119,0.002571103959649,0.7870350087083456,2.095590487629246,0.1882102156862745,0.2203986134020618,0.8539537191077373,77.40609972831,0.01701,0.018074,0.057629,0.049222,0.028861,-0.022575,-0.062815,-0.049258,-0.01976,0.010235,0.0057572,0.015074,0.0076195,0.0030852,-0.012189,-0.015428,0.0056541,0.00073432,-0.018885,-0.023519,4.0,1037.6893048178406,0.062921530992241,-0.0498254972462637,-1.2238624859226404,-0.0922576955329067,0.2740585186111111,392.2857142857143,0.5115505263102884,0.7818904546687662,1.3448275862068966,0.8194658399773352,0.5612647397001878,4.384579371616202,-1.0697622791810002,19.651086245797465,0.875910304058824,5,0.00978044785956,0.0063644344748728,0.999904267486901,956.5196635023592,0.0564985034555439,0.2874838265657095,-1.0476844465255606,0.0092093775070327,0.2733984616666666,468.4285714285714,110.2628,17.0,21.861234345900375,110.2628,0.0,1102628000000.0,3.308097018497205,0.7056020100843501,0.42589522486278236
400,260,0.6005121467604916,0.9998978886571832,7Networks_RH_Default_pCunPCC_1-rh,rh,Default,11.371401494780145,-56.735878458270776,13.294874331200278,0.8794285053738039,0.2822616881908776,0.1370875381011181,0.4095676593577358,0.2302976852958956,2.570742329518911,69.14610037947635,47.60111050994354,21.544989869532813,3,24.9976881362014,-0.0460948388968805,-0.0744185229530651,-0.0015678614601253,-0.0311639627537948,0.0312595043569203,0.0127366814249202,-0.0387913450070626,-0.0117750804259967,-0.0121560740374114,0.047003013445436,78.884637,0.2054490541588406,0.0026044241562343,0.7953139994856815,1.910742251512512,0.1909229402985074,0.2290437387387387,0.8335654197163158,67.39632480580111,-0.012042,-0.019178,0.049441,0.038945,0.022298,-0.020805,-0.068331,-0.061842,0.0019565,-0.01828,0.01259,-0.00014283,0.016312,0.00015464,0.0038344,0.0078572,0.0033667,0.00077989,-0.010438,0.0047159,4.0,875.8515703778428,0.0457163213200393,-0.0788662745331258,-1.1977969176709284,-0.0509934772660468,0.1510262561111111,389.57142857142856,0.4175341910690422,0.835820691527634,3.660098522167488,1.116594804936725,0.5635247747610426,4.120039435488943,-1.0040504133449772,21.32392804840149,0.8308980397115168,5,0.0072833165372614,0.0044152642585277,0.9998977768471824,1981.4500369398384,0.0874444326717454,0.0021926004255007,-1.2345593466000877,-0.0957081340928848,0.2556689091666667,810.0,237.50113,46.0,39.92386911514459,179.80253,57.6986,3.116237309045425,1.5242531682714062,0.6875303722080799,0.30263957059909563
400,261,0.6005438438420497,0.9998964462207316,7Networks_RH_Default_pCunPCC_2-rh,rh,Default,4.470121007799451,-44.1611646641799,20.471178127768265,,,,,,,64.084522201776,46.816604878210384,17.267917323565612,3,25.531056275914928,-0.0596796724524089,-0.1033013909304431,-0.0404323878121976,-0.0585478674299182,0.0033476775380364,-0.0012958959910924,-0.0333049847795736,0.0269809976450574,0.0108973881279045,-0.0217838096714095,100.860586,0.244629416782909,0.0024254213314075,0.7936231494477632,1.95446349076151,0.2504109830508474,0.3376531470588235,0.7416219429847648,61.913709757722565,0.061185,0.055705,0.091433,0.077203,0.014789,-0.0006365,0.001492,0.0082053,-0.028432,0.019692,-0.011731,0.035502,-0.020325,0.011679,-0.030528,0.010921,-0.0099049,-0.0010187,0.007747,0.00076985,3.0,1573.6707180629903,0.0734264470492469,-0.3361253707716449,-1.068261250138291,-0.0059095907554053,0.2821794838888889,574.3571428571429,0.410229842612734,0.7980010760957431,2.9827586206896552,1.1753143790813734,0.5650117655464156,4.363552412087111,-1.0184415302913188,18.949962199752232,0.8640224561466431,5,0.0071113281998488,0.0050876638105425,0.999896393013385,2099.783336971275,0.0960694396120502,-0.0931469658354392,-1.182884871537614,0.0659333808940682,0.2490591022222222,802.1428571428571,181.53534,40.0,32.23674464537543,160.71450000000002,20.82084,7.7189248848378895,1.5088100363470316,0.659453107403248,0.521180834541638
400,262,0.5942353128141653,0.9999241178188216,7Networks_RH_Default_pCunPCC_3-rh,rh,Default,16.043998142930327,-64.62959662265465,26.699371850686,,,,,,,82.1189949680073,60.269297795351726,21.84969717265557,3,35.408502097207986,-0.0592392967271821,-0.1175173233332839,-0.0413521318034803,-0.0446759629151386,-0.0072670818749813,-0.0052350442205742,-0.0078721739995302,0.0146531512891988,0.0114842196554071,-0.0372141532389223,88.137911,0.2242384537235092,0.0025441770876922,0.7940910972212661,1.9782211711832296,0.2345627746478873,0.2597591063829788,0.9030011606667484,71.81702780200298,0.002866,0.01003,0.036478,0.03377,0.034474,-0.027201,-0.076838,-0.042799,0.01284,-0.0098331,0.0066839,0.010671,0.010167,-0.0019077,0.0037867,-0.012759,-0.0045353,0.0084362,-0.02976,-0.024998,4.0,864.022823772613,0.0552995842254814,0.581693066637373,-0.4970489897675434,0.0138512416651382,0.2667644416666667,452.7857142857143,0.6569259331593733,0.8447401406664141,6.179802955665025,0.7596502968965331,0.5678536125933881,4.24047837455283,-0.9265927493567144,23.545581997627323,0.8042999053945072,5,0.0089171734816716,0.0064098450051515,0.9999239993027652,956.5196635023592,0.0564985034555439,0.2874838265657095,-1.0476844465255606,0.0092093775070327,0.2733984616666666,468.4285714285714,114.27260000000001,22.0,25.888142340689196,103.75909999999999,10.5135,9.869130165883204,2.8298396015586302,0.6902998777217142,0.29657503198492025
400,263,0.596138961082918,0.999913651915034,7Networks_RH_Default_pCunPCC_4-rh,rh,Default,4.632948196223766,-52.26327028337693,24.680937318612408,0.7968361560083936,0.3070248123136772,0.4635222424805402,0.4373424433123474,0.331060439595236,2.025777260810195,72.72435961719219,54.151905616982376,18.572454000209817,3,30.487543476180523,-0.0590312253759425,-0.1171265020000321,-0.0420589095022044,-0.0437136097998408,-0.0081032155100796,-0.0060418079029497,-0.0027120419286495,0.0140988221307937,0.0103158175717099,-0.0363382119135662,88.262642,0.2248158191047487,0.0025471231543748,0.7953320709610997,1.97376341826044,0.2214092957746478,0.2835828350515464,0.7807570428454421,64.61678283912168,0.049148,0.048443,0.05228,0.060447,0.021517,-0.01888,0.0089239,0.040947,0.037768,-0.040359,-0.031035,0.014775,-0.0057439,-0.010747,-0.024357,-0.00065712,-0.013349,0.012031,-0.0057017,0.004188,4.0,1306.2121420351289,0.0664238711827798,-0.0824673427084654,-1.1860358275041083,-0.0800260771453984,0.2222080258333333,519.7142857142857,0.5680250117388489,0.8212939046225172,5.588669950738916,0.9230191311285156,0.5724157925616051,3.901854028807836,-0.813858372356219,20.1012409450286,0.8303680599464976,5,0.0084416862218059,0.0052571410397759,0.9999135586479556,516.498622134335,0.0306669331877269,0.0124396541531112,-0.7890696238744308,0.0008754122333606,0.1409916505555555,308.6428571428572,151.919214,28.0,42.13418572292732,93.804614,58.1146,1.6141316295705137,2.373145469148623,0.5763524219815193,0.5994765744377798
400,264,0.5930089259571937,0.9999291874107982,7Networks_RH_Default_pCunPCC_5-rh,rh,Default,4.057480467457167,-62.76660713007752,31.82082361906347,0.987575937217211,0.6461029498060773,0.4401794818496667,0.5133455430323509,0.3002687019962213,1.0633327684067335,85.21636169726817,65.74565772458028,19.47070397268789,3,37.92247631046133,-0.0590925994194018,-0.1141416700446021,-0.0355615330561343,-0.0547132793161289,0.0055809846048148,0.0022796249675028,-0.0361525671477188,0.0193596614148486,0.0084426293293912,-0.0129793305775986,96.946259,0.2376083687493458,0.0024509287021493,0.7908818246004884,2.0118859150113964,0.2562110958904109,0.2997503984375,0.8547481409215137,69.68106255970909,0.058779,0.055801,0.080013,0.068214,0.027835,-0.010549,0.015522,0.035557,0.021335,-0.016776,-0.031836,0.020488,-0.01149,-0.0040576,-0.024929,0.0029399,-0.016944,0.0087143,0.00071607,0.0059084,3.0,1847.2161396725253,0.0885785048274923,0.2006168316808071,-1.1964564122628298,-0.1465408500617496,0.3182439905555555,730.6428571428571,0.7037583787816025,0.8555719971891863,6.352216748768473,0.7330167680141645,0.560305080509871,4.475733190306844,-1.0954659933488895,24.26766343664552,0.8069533792237675,5,0.0084738157038492,0.0064010382363876,0.9999290290546624,1912.586376843903,0.0897107984335397,-0.3343621956613729,-1.140868699831277,0.036326236543201,0.2956982572222222,680.1428571428571,156.087,27.0,47.15610920785751,103.1738,52.913199999999996,1.9498688417976047,2.490812844648098,0.6491772001978795,0.5458045833413419
400,265,0.597869105286797,0.9999084044023604,7Networks_RH_Default_pCunPCC_6-rh,rh,Default,5.061209592025379,-39.29035188483977,36.50329726726588,0.811365055679164,0.3833063041579814,0.4775910688699072,0.6845321765760732,0.73671939272973,1.669685075236106,71.63509335376409,57.01645049473609,14.618642859028,3,33.68908392581146,-0.0432416658763542,-0.0821890447425788,-0.006322972285393,-0.001253956243369,0.0006963118944035,0.0112560662880152,-0.0261230109915519,-0.0039718154031188,0.0048572480145288,0.0041421781951599,72.22569647,0.1925114232019199,0.0026654145631065,0.794614607204186,1.964701195989216,0.1980810769230769,0.2409319620253164,0.8221452860623307,61.73966048365366,0.008527,-0.0010017,0.053527,0.040231,0.029287,-0.01685,-0.066342,-0.05114,-0.0037663,-0.009603,0.0068105,-0.0011289,0.016772,-0.0024443,-0.001833,-0.00076748,0.0057729,0.0016351,-0.021367,-0.0060959,3.0,2080.8317247357286,0.1059270884104932,0.4851198491370017,-1.057981167461619,-0.0809979219971757,0.2817379008333333,888.7142857142857,0.5321263622544343,0.8253896209771124,3.238916256157636,0.9119108012022548,0.5744426877540421,3.7628542583646567,-0.8103555689218629,16.71492170267329,0.8890134742225426,5,0.0086498123199753,0.0043835886363674,0.999908228629055,1614.7175797092889,0.0766259200535267,0.3578822523939509,-1.134988718803861,-0.1140482166439852,0.3367940555555555,720.5714285714286,140.68314,28.0,25.89662284408639,124.96684,15.7163,7.951416045710814,2.65461816110306,0.6487523718761281,0.5166506803871451
400,266,0.5971717451034817,0.9999087535858626,7Networks_RH_Default_pCunPCC_7-rh,rh,Default,2.2020231840274147,-18.82170599525895,39.06002417837436,0.5858207250547649,0.2553571699441565,0.1445917204341445,0.4647951235051328,0.4522108593211619,1.277632111463906,64.5649789729424,57.21931538960635,7.345663583336048,3,29.0825263056023,-0.0485835784483778,-0.0653953899948313,0.006716314324904,-0.0096917140662907,0.0191398066717465,0.0188477223403382,-0.0363701570784289,0.0131065628852587,-0.0017312509710748,0.0189789185300171,96.129554,0.2349391858128753,0.0024439849769055,0.8029677201985557,1.7766334832374395,0.2167225714285714,0.2534451967213114,0.8551062483988171,60.18524419843087,0.068206,0.056597,0.10336,0.08868,0.016477,-0.013614,0.01597,0.011414,-0.034868,0.020167,-0.012242,0.033024,-0.0080422,0.0061932,-0.024567,0.0041194,0.0013155,-0.010754,0.0095555,0.0034815,3.0,1573.6707180629903,0.0734264470492469,-0.3361253707716449,-1.068261250138291,-0.0059095907554053,0.2821794838888889,574.3571428571429,0.5290644427311686,0.8103774463472802,1.5862068965517242,0.8904925466489033,0.5574173334632966,4.252475970196051,-1.0907274174053123,21.8561065994147,0.9081952949111368,5,0.0063258391635282,0.005152300552228,0.9999085744715844,1250.18095756841,0.0685940237228769,0.0947365517465361,-1.1128133692007267,-0.1089634475895491,0.2632592102777777,541.5714285714286,139.97737,29.0,26.241822198025652,137.09857,2.8788,47.62351326776353,2.4638566210127255,0.7486760769671644,0.3022938636438161
400,267,0.5933325235432376,0.999924710656966,7Networks_RH_Default_pCunPCC_8-rh,rh,Default,11.215948670823998,-51.38251839040596,36.54573605261116,0.7031192303555578,0.3322532516297268,0.2811218425914445,0.6353552845424403,0.5593338515766508,1.4234957417305738,78.47774479338128,60.1934824414934,18.284262351887875,3,37.34219714868848,-0.0529437908343122,-0.1087861010452071,-0.0423665274166063,-0.0689366350694485,0.0036109849873416,-0.0046773331751064,-0.0334069426083267,0.029764935645928,0.0130255772842207,-0.0348394147051378,81.55810679999999,0.2100307451997561,0.0025752283058083,0.780771045779284,2.1727208663142736,0.2177080219512194,0.248017125,0.8777943130476978,65.08577568136413,-0.00025049,0.0091989,0.030122,0.014376,0.031947,-0.019453,-0.081855,-0.046634,0.00030206,-0.0081072,0.0071115,0.005353,0.009353,-0.0091666,-3.895e-05,-0.015424,-0.0017774,0.010409,-0.028005,-0.026153,4.0,696.4003446294381,0.0375592104495581,-0.1450031336131649,-0.8887570266559748,0.0283634981078325,0.2248157011111111,391.1428571428572,0.6812868716365419,0.8429319963691019,5.798029556650246,0.7402494045194179,0.5652149592918043,4.265768781719751,-0.9948272180760366,21.64637806372902,0.832603688269551,5,0.0076839028276503,0.0061353220910033,0.999924616105194,956.5196635023592,0.0564985034555439,0.2874838265657095,-1.0476844465255606,0.0092093775070327,0.2733984616666666,468.4285714285714,133.5068,25.0,36.829054323399696,95.4073,38.0995,2.5041614719287546,3.006952370433714,0.6020393100068989,0.5666445454463742
400,268,0.5939439839061057,0.9999263593889725,7Networks_RH_Default_pCunPCC_9-rh,rh,Default,6.368820904090652,-49.40895337643831,44.86351006804502,0.9141362164043524,0.2365428286112253,0.2497865765726293,0.5493764256227863,0.3578031136196952,2.997672959776759,83.9563634203516,67.57405733737974,16.38230608297185,3,41.7407920537585,-0.0524106645255653,-0.1072031434230473,-0.0422949336148992,-0.0667790254386621,0.0020799276068907,-0.0053120415855154,-0.0305109225134047,0.0284820112205094,0.0130342977219595,-0.0370086297880977,78.786393,0.2053079039439814,0.0026058802304062,0.7771694892425426,2.242530729648706,0.2070749764705882,0.237146649122807,0.8731937691265227,66.00102179959842,0.010178,-0.00070213,0.049255,0.038903,0.032398,-0.02316,-0.072482,-0.044057,0.0018412,-0.014656,0.0054836,-0.0026527,0.0091066,-0.0047876,-0.0037753,-0.0076075,-0.0026999,0.0055157,-0.025795,-0.016557,4.0,696.4003446294381,0.0375592104495581,-0.1450031336131649,-0.8887570266559748,0.0283634981078325,0.2248157011111111,391.1428571428572,0.6934625868151555,0.8642309356742587,5.583743842364532,0.7079455886714532,0.5696313469299794,3.997121910870207,-0.8822325143980672,20.051623260600014,0.8453158884883757,5,0.0089199907086372,0.0056070790508863,0.999926134638792,956.5196635023592,0.0564985034555439,0.2874838265657095,-1.0476844465255606,0.0092093775070327,0.2733984616666666,468.4285714285714,139.1607,23.0,31.201504286267447,115.8149,23.3458,4.960845205540351,3.202600552965955,0.7187186698663675,0.4191370121018363
400,269,0.5978479133827452,0.9999111584754428,7Networks_RH_DorsAttn_FEF_1-rh,rh,DorsAttn,38.3135613531902,-3.6349047379636463,50.73709463662114,,,,,,,71.05780909559407,65.65157221396834,5.4062368816257305,3,31.53272820336177,-0.0604878456135971,-0.1144085154083795,-0.0456027109316324,-0.0621034344751558,0.0007591571579447,-0.0064892015199675,-0.0211631984773105,0.0268038579508339,0.0118955675025875,-0.0319153745512756,92.477838,0.2307083372826435,0.0024947419000257,0.7846034606876775,1.0834523307161037,0.1884347,0.2227892252747252,0.845798084189476,75.22231816753471,0.057442,0.049157,0.054579,0.051344,0.0015813,-0.013263,-0.005323,0.037613,0.0095155,-0.04473,-0.022083,0.029274,-0.020452,-0.0043084,-0.03701,0.0022021,-0.020052,0.016126,-0.0019369,-0.00024323,4.0,682.1651282660396,0.0392890402202057,0.2403158725232643,-0.8468791960823903,0.0115523075782874,0.3083898641666666,371.7857142857143,0.5183592501568246,0.8427847551563109,4.689655172413793,1.0080045337608734,0.586661208518287,3.38354907829775,-0.5476681106000312,14.796021498209871,0.8915676368150223,2,0.0124627199166922,0.0101452463715879,0.9999111307684756,516.498622134335,0.0306669331877269,0.0124396541531112,-0.7890696238744308,0.0008754122333606,0.1409916505555555,308.6428571428572,175.6191,27.0,38.154042000079066,104.60940000000001,71.0097,1.4731705668359774,2.400887400029615,0.715620900289955,0.2063437291274127
400,270,0.5975922499391086,0.9999223949872836,7Networks_RH_DorsAttn_FEF_2-rh,rh,DorsAttn,26.464219323712594,-3.432914727188832,49.81678637927657,0.5589500070270674,0.5271322228917225,0.5846119039495399,0.5538393843796098,0.4645636231043519,-0.3777572542698643,68.36880860688083,64.01673230479174,4.352076302089088,3,30.91994624572259,-0.0672184065839715,0.0915932420693941,0.0315763444127494,-0.0198200280194953,0.067377519094182,-0.0053062392611314,0.0226397917836275,-0.0087583704595211,0.0305798019453868,-0.0041367747084666,111.414889,0.2643460930527013,0.0023726280699562,0.8249924571004029,1.5214925258236638,0.2769238225806451,0.254355275862069,1.0887284391220635,68.15618150041438,0.044531,0.040309,-0.046142,-0.05413,-0.042431,0.033155,-0.0036729,-0.011611,0.0051401,0.0032821,0.0040468,0.0061771,0.030809,-0.012786,-0.020424,0.0012328,-0.00049403,0.0014101,-0.0096439,0.0005207,3.0,921.667811934189,0.0538776975019985,0.0821471150676504,-1.1368278306207975,0.0331970370685383,0.1516262913055555,404.2142857142857,0.6565730439476346,0.7993553387767413,2.0123152709359604,0.7045051195889076,0.5967427591330264,3.085320817383659,-0.3718207290858001,16.59277149461666,0.914830585475302,2,0.0131596551824374,0.0095689034697219,0.9999222797188788,1499.9894073700063,0.0763327490519408,0.3495794187751425,-1.2836691562252265,-0.1297750893358541,0.3636316455555555,640.1428571428571,151.4187,26.0,31.82814411979651,124.16649999999998,27.2522,4.55620096724464,2.390696926523704,0.794202436784001,0.25816692390041657
400,271,0.5993147574208222,0.9999095564064872,7Networks_RH_DorsAttn_FEF_3-rh,rh,DorsAttn,23.17010997404063,-4.056077748322879,59.61092115084983,,,,,,,78.03668770470594,73.5231971727537,4.513490531952243,3,36.98337601500676,-0.0312131641940145,0.0181103279877904,0.0856132474492542,0.0156458025523418,0.0578477102528552,0.0136717482029974,0.0012005274705435,0.0045761962890162,-0.0081867544449995,0.0026154961308682,109.16380398,0.2624201628688231,0.0024039118581527,0.8258458260028659,1.890942933760364,0.2738292075471698,0.2517316365116279,1.0877822558697063,70.84817912854842,0.033942,0.03367,-0.03276,-0.0090122,-0.0075812,-0.012255,0.0062402,0.02303,0.012929,-0.01511,0.011906,-0.0096783,0.031516,-0.022648,-0.012652,-0.0031103,-0.0011252,1.3763e-05,0.0050415,0.0054102,2.0,1862.569181414628,0.0880633487926728,-0.1040361547012645,-1.1425813708165713,0.0217773613317492,0.2744584333333333,706.5714285714286,0.5166531845978846,0.8119408544694021,2.9729064039408866,1.024135638399492,0.5895437533901403,3.279588621008243,-0.4966902795763634,15.01545931582282,0.9081018926071722,2,0.0116575008450756,0.0110907966823049,0.9999092671826568,2078.490217013836,0.0914968048387886,-0.2503427659700218,-0.9605278553478014,-0.0362963588766748,0.3069296083333334,797.9285714285714,141.91854999999998,27.0,29.30194181189719,121.77815000000001,20.1404,6.046461341353467,2.435125311823406,0.7141414318689867,0.3056499661249358
400,272,0.6064702130296121,0.999879990819614,7Networks_RH_DorsAttn_Post_1-rh,rh,DorsAttn,46.348202926374704,-53.78820482494301,-16.448455304788023,0.8069876398082074,0.433565673248287,0.5934546748385359,0.6165672145337107,0.6412025994859695,1.3664641577622414,62.72733768919839,38.70514294662176,24.02219474257663,2,6.267388264610087,-0.0396979981807927,0.054278969265077,0.0096531492852797,0.0190452722717847,0.0300040803738614,0.0011199476657435,0.0272821133972942,0.0334483711320765,0.0086603783138077,0.0096745496798852,110.287932,0.2641255821021565,0.0023948729231945,0.8311912125433432,1.3558705085075249,0.2634358823529411,0.2833011016949152,0.9298794839973664,86.09495603243668,0.051492,0.045047,-0.030405,-0.01102,-0.046764,0.028912,0.0033904,-0.00029762,0.015942,0.00091245,0.015254,-0.029653,0.026893,-0.0099003,-0.018364,-0.0044569,0.014324,-0.003593,-0.0086376,-0.001462,2.0,1348.7112597669757,0.0714016887952982,0.2631653415094667,-1.1682666984625871,-0.0976469859859164,0.3160779222222222,614.2857142857143,0.2467953287649637,0.7466771454816081,1.3226600985221677,1.5607190873940533,0.5987285226436583,2.914154604173401,-0.2126582397754268,23.09535970924156,0.8678135994690191,2,0.0126580381851128,0.0047907327194948,0.9998800039966768,2031.014710817121,0.0975589485621866,0.0358961289935693,-1.2076464932206157,-0.1169449301636101,0.3337621194444444,761.6428571428571,182.44009999999997,27.0,37.744600702371635,140.4708,41.9693,3.346989346967076,2.7651639767579823,0.7126026052183573,0.0798185267383651
400,273,0.5951206156050558,0.9999194091035704,7Networks_RH_DorsAttn_Post_10-rh,rh,DorsAttn,27.60359283239019,-61.39694359639738,46.25960829476861,0.6029119523896066,0.1074920216662891,0.4200547499356098,0.5909903437946354,0.6021499619783143,2.1904377888768223,91.8556353338144,71.47059560704464,20.385039726769747,2,46.17484805578037,0.0448115589182571,0.0250897823487286,0.0501810821714015,-0.0297651609206529,0.0008100027053714,0.0441424692760082,0.0235621572734555,0.0300975963488049,-0.0089190934090713,0.0061832116945673,99.534862,0.2410483012422593,0.0024217474802146,0.8354915969538492,1.4448143783801088,0.2836754666666667,0.2314307209302325,1.2257468040710515,71.25616099772567,0.069438,0.052356,0.049286,0.03863,-0.025013,0.025927,0.031327,-0.00051091,0.0052806,0.01861,0.0059228,-0.039328,0.036331,-0.010948,0.0064997,-0.00042111,0.021125,0.0062046,-0.0156,-0.0032123,3.0,1436.0399189747093,0.07636425084151,-0.5492140446128283,-1.1151066243572083,0.1546759197958304,0.3549738666666667,554.6428571428571,0.6209403156410185,0.7867697648218767,5.133004926108375,0.8525626694597104,0.5919163214276258,3.171026779146144,-0.4179707102823658,24.163146634019423,0.8270795325110857,2,0.0086942192110766,0.0056828782347976,0.9999192906740876,981.8290278862202,0.0522121729729013,0.0953305050732495,-1.1655274390228392,-0.0218160729075596,0.2567117966666666,482.57142857142856,103.9782,16.0,17.833164735577245,99.3491,4.6291,21.46186083641611,3.121581204253623,0.5778558409472061,0.6027349963742399
400,274,0.5937055370258466,0.9999295877331034,7Networks_RH_DorsAttn_Post_11-rh,rh,DorsAttn,33.524815552374896,-47.94944888703964,41.1034790207358,0.6969513731365992,0.5874009965469109,0.4612184595481656,0.6836739262082991,0.3855933968676902,-0.0368883566047493,79.52853478807441,60.26337829961685,19.26515648845756,2,39.046922078553365,-0.041669894173273,0.0756133645147661,0.0688716356606589,-0.0331241623382913,0.0660297736675742,0.0004055097748075,0.0212006077337169,-0.0066006822796617,0.0060266813534234,-0.0099032936378671,98.6255586,0.2379257244646981,0.00241241446783,0.8262633326209521,1.843870089474003,0.2948005714285714,0.2511184090909091,1.173950457787639,68.93780699938922,0.063632,0.057168,0.015764,0.02808,-0.044348,0.043768,0.021686,-0.0046014,0.011805,0.019277,0.013108,-0.027695,0.03541,-0.0011049,0.0050713,0.010185,0.018275,0.017295,-0.019086,-0.002651,2.0,1262.4770818601903,0.065000639215972,-0.0544771725929783,-1.2822686584876148,-0.0622959383665896,0.1559500130555555,500.9285714285714,0.7508190151453827,0.773363916447845,2.8793103448275863,0.5674931179563546,0.5766114380048415,3.712775594766823,-0.7855770449752215,16.999860520160194,0.8557329793854009,2,0.0081288898652734,0.0076377086371394,0.9999295378397764,1028.7121528072532,0.0614699646736969,-0.0464117570327584,-1.3524828484523057,0.1038485238801128,0.244049048611111,436.9285714285714,81.6112,13.0,16.169433064820183,81.61120000000001,0.0,816112000000.0001,3.317525671301972,0.6573811424047806,0.4893691062011097
400,275,0.5945490517989909,0.9999194058680094,7Networks_RH_DorsAttn_Post_12-rh,rh,DorsAttn,19.251976292190456,-66.94902267552264,50.07701479802366,0.7421808896436621,0.4303038080371131,0.4987005925382998,0.4433456662818063,0.2010601816818473,1.0660395562377554,98.36562101019258,78.3217365436517,20.043884466540888,2,50.13091568147099,-0.0324361238239203,0.0009995470153368,0.071695377718038,-0.0168310345416341,0.0670517460659706,0.011655120747902,-0.0141167292450247,-0.0166647265013389,-0.0210716787682268,0.0260095959481363,91.31351745,0.2221070219495163,0.0024323564369414,0.8036046263925022,1.9998730447606967,0.2756493728813559,0.2547733085714286,1.08193976173874,77.14997529652132,0.039933,0.032483,0.03766,0.034908,0.029174,-0.013606,0.024396,0.037795,0.063886,-0.039658,-0.027306,-0.013859,0.0069741,-0.011911,0.006189,-0.0030117,-0.0073369,0.0037557,-0.0051222,0.0022707,2.0,1746.3999465567254,0.0881548235064422,0.0675879677280754,-1.125010010312273,-0.0975574894449317,0.2968496002777778,716.3571428571429,0.6194416504424929,0.7901107337453693,5.948275862068965,0.9011958835936598,0.5878203683443961,3.352706155627729,-0.5001437226248864,24.622738912101497,0.806606666070673,2,0.0088172526022442,0.0074877421346056,0.9999192300499344,2190.7152703068364,0.100652816913349,-0.1158726421685881,-1.1251175094182382,-0.0417062824636129,0.2910271555555556,810.2857142857143,127.19501000000001,21.0,21.48483121813904,122.9968,4.19821,29.297438669592573,2.414843845928221,0.615833587710299,0.5830244441193093
400,276,0.5952110897944176,0.9999252316943676,7Networks_RH_DorsAttn_Post_13-rh,rh,DorsAttn,33.37628368430611,-39.10428724828372,46.32378680983373,,,,,,,78.2620531241374,61.60797290414615,16.654080219991243,2,39.52555826038535,-0.0086742592427796,0.0398712484616322,0.0765584029892533,-0.0092657809245307,0.0097507403624796,0.0243886262305699,0.001011866190935,0.0273666658296406,-0.0013711841910386,-0.0016797964765143,101.8730164,0.2596828170465029,0.002549083419957,0.8390967157022154,1.66765818367356,0.3115606438356164,0.2548028102564102,1.2227519916276242,67.97181613125753,0.074553,0.059048,0.074034,0.066923,-0.020018,0.013117,0.02605,0.0020677,-0.028092,0.033357,0.0073397,0.00723,0.012738,0.0050173,-0.0039597,0.010709,0.015905,-0.00029665,-0.0038476,-0.003757,2.0,1405.1475683674255,0.0718182279048364,-0.7457047349851812,-0.9996193460263588,0.1517390997976936,0.34160401175,518.4285714285714,0.6634231704818745,0.8111476058389955,4.068965517241379,0.7402784079990236,0.5613230711333239,4.155229550580452,-1.1190691708522202,17.223005210009163,0.8712875261383314,2,0.009128022666164,0.0078365394598238,0.9999250769650784,893.4518229876751,0.0587055707913474,0.6453671784359526,-0.3363870870477585,0.0157193171629241,0.2800884975,499.7857142857143,126.24158,19.0,20.65121652077078,120.82597999999999,5.4156,22.310728266077426,2.6425579798413112,0.7290390495409019,0.31255233022273643
400,277,0.5958351639814411,0.9999182225698048,7Networks_RH_DorsAttn_Post_14-rh,rh,DorsAttn,32.46562377660196,-52.07061060395514,49.57190646265659,0.6433486951415107,0.3122659341793656,0.545580291610672,0.4568149301869749,0.5225495927334146,1.2415810396468576,88.42740071681263,69.56698588893158,18.860414827881044,2,45.364327058780496,-0.0195311918270328,0.0286912134853654,0.0953357556680357,-0.0261262925922155,0.0674133567518678,0.0042917860834783,0.0033824149708911,-0.0085907902229256,-0.0226973898409796,0.0015257190970483,87.15538850000002,0.2300879546408503,0.002639973943098,0.8215161923369421,2.1787428516971827,0.2682108644067796,0.2217996899408284,1.2092481479906847,72.21798417375585,0.044133,0.035643,0.041052,0.037236,0.022813,-0.0030129,0.026096,0.019472,0.05239,-0.0055128,-0.022858,-0.026662,0.028359,-0.010551,0.0052921,-0.0034772,0.0095424,-0.00049092,-0.011319,0.005948,2.0,2061.011430234087,0.0956010212646889,-0.2185964655413752,-1.0998690054167308,0.1433412273031762,0.3271699102916666,829.1428571428571,0.6198130050359592,0.8317010015796448,3.7192118226600974,0.8289477392173644,0.5601335920736595,4.238327509088402,-1.1189424010667228,20.5290574609996,0.8421265029033701,2,0.0084050888716507,0.0065725206836926,0.9999181245809624,1866.559646932172,0.0843381028380874,0.0208543827013443,-1.0952964791151856,-0.0767057726265898,0.3083777458333333,709.0,185.87509999999997,28.0,30.00811323060207,155.70729999999998,30.1678,5.161374047808718,2.086684754454643,0.7256222005169555,0.3615094221872645
400,278,0.5976712048244249,0.9999080316026449,7Networks_RH_DorsAttn_Post_15-rh,rh,DorsAttn,6.615711579632885,-69.514271546751,51.981414178134266,0.7456094670590556,0.5144123058067649,0.60235306200077,0.4364896621489588,0.2648632878327727,0.6114894005642738,102.65682043401722,83.68137330544238,18.97544712857484,2,52.04312997090586,-0.0504258728513926,-0.0563682548235071,0.0171628213662745,-0.0326145255482083,0.0514499831226015,0.0140845741670985,-0.0324848175252316,-0.0158908686082875,-0.0141040287538911,0.0502962315187406,93.044362,0.2302300022003376,0.0024744111008046,0.8003994905983843,1.6763308847231482,0.2587227627118644,0.2583960409356725,1.00126442214394,77.32497884338572,0.048988,0.049805,0.059689,0.055959,0.023641,-0.00756,0.028684,0.033247,0.044213,-0.019737,-0.027349,-0.013988,0.018563,-0.010285,-0.00053194,-0.00027792,0.00085135,0.0047979,-0.0067154,0.014328,3.0,1675.548287045832,0.0830496228242748,-0.2740979786023695,-1.1090086462702915,-0.0079958080751677,0.279514498611111,584.2857142857143,0.4943730608899905,0.805234381949318,6.307881773399015,1.1800152736462215,0.5937068123646322,3.131002721710068,-0.3997482005066971,39.886068309038,0.7741743331431699,2,0.0095578085397061,0.0074439151672773,0.999907817457761,1912.586376843903,0.0897107984335397,-0.3343621956613729,-1.140868699831277,0.036326236543201,0.2956982572222222,680.1428571428571,117.42149999999998,23.0,25.535352806178153,113.3019,4.1196,27.503131371310246,2.0661861405271686,0.7255884439991513,0.39792712578190537
400,279,0.5962359953150822,0.9999146905832847,7Networks_RH_DorsAttn_Post_16-rh,rh,DorsAttn,25.68252445212056,-58.1057635309535,56.53086211464622,0.9513041844006628,0.6093845036028186,0.8128410560748303,0.670332968427816,0.5927520260066383,1.0907550139517894,97.08520102289322,78.4467906887759,18.63841033411731,2,51.35024632807378,-0.030130481358142,0.0624055006988758,0.0834426560348624,-0.0367892501764603,0.0653265159075126,-0.0017947788087629,0.018651262270295,-0.0078625150382599,-0.003711724308637,-0.0083321975497622,95.4543197,0.2314522031985635,0.0024247431014724,0.8268191382570811,1.9258551464608,0.3005280370370369,0.242119682183908,1.241237532620911,74.60782213766745,0.068446,0.043658,0.080367,0.059467,0.0038754,-0.007696,0.033337,-0.0044812,-0.0033531,0.02556,-0.0068368,-0.01021,0.029331,-0.0022582,0.00207,-0.0027071,0.020336,-0.0098207,-0.0069696,-0.0045715,2.0,1880.5706887951744,0.087163803798594,0.0453619243158748,-1.035426129597586,0.1031065237726337,0.22813558175,789.8571428571429,0.5750269887420505,0.7852073775005654,4.815270935960591,0.9531079131283248,0.5581349405478692,4.387398017740927,-1.1263713553579755,19.347182465468027,0.8206468548754215,2,0.0083208762359023,0.0059550655605727,0.999914531993685,674.596221618697,0.0388571402623532,-0.6382468464874097,-0.983686138110321,0.0204872866230732,0.3283501333333333,270.6428571428572,144.8705,23.0,31.77287843915308,120.8195,24.051000000000002,5.023470957527656,2.050201741855426,0.690514003808826,0.4900383445905136
400,280,0.5983495011420992,0.9999098369135068,7Networks_RH_DorsAttn_Post_17-rh,rh,DorsAttn,5.917152761611425,-54.19254711198761,58.621544873680094,0.7436699916222254,0.5287221162671027,0.5216937810563872,0.4866767788485455,0.5869663594408707,0.5217478361920801,97.54943184613435,81.51187042697958,16.03756141915477,2,51.43069105780434,0.0030708021718748,0.0284973250614256,0.1068421204233569,-0.0327804351970779,0.0350247814836265,-0.0045906257248243,0.0086863985183091,-0.0007832314441809,-0.022416405113894,-0.0086808657402594,89.760696,0.2402455770059029,0.0026765119669485,0.8307712876533713,2.0344579578259667,0.2650109999999999,0.2314841265822785,1.1448344376707025,70.73981093620374,0.050605,0.047737,0.044609,0.040205,0.012225,0.0055682,0.031151,0.01872,0.040319,-0.0060048,-0.013477,-0.028507,0.037601,-0.014866,0.01475,-0.0044654,0.017223,0.0021166,-0.012534,0.0033484,2.0,2061.011430234087,0.0956010212646889,-0.2185964655413752,-1.0998690054167308,0.1433412273031762,0.3271699102916666,829.1428571428571,0.5181383685243098,0.8589159563719092,5.229064039408867,1.1144750840655486,0.5904012730209331,3.2607852358497063,-0.4641111516951447,18.396649211450104,0.8468065218823964,2,0.0104816350711466,0.0066677092502752,0.999909584000181,926.618929226033,0.051571658386542,-0.6118419304030701,-1.056266272756179,0.0217237685885547,0.3289606319444444,336.6428571428572,159.3513,26.0,27.34871297646387,142.4474,16.9039,8.426895568428428,2.5550091053012007,0.7644115059710079,0.27386409775132053
400,281,0.5980464799053655,0.9999068534374328,7Networks_RH_DorsAttn_Post_18-rh,rh,DorsAttn,11.90911540499872,-63.07773404205382,63.018327955630426,0.7708689310592653,0.4763061734137491,0.2588634886388202,0.2773580690794819,0.3550510239482474,0.9492876271424316,105.66559430984252,87.99066579192417,17.67492851791836,2,56.7343169859944,-0.039472570734903,0.0608305388884211,0.0757873231688242,-0.0272486477643758,0.0771412294364381,0.0113294865708488,0.0106777609347426,-0.0011722237439282,-0.001952333462654,0.0004470295276611,103.8238863,0.2473502122450195,0.0023824017869073,0.8184897442320291,2.1481080605840543,0.34006188,0.2677506037634409,1.2700695165320322,77.49340617889511,0.074459,0.062096,0.097359,0.083891,0.0017444,0.0027828,0.024978,0.013512,-0.035094,0.028262,-0.0037216,0.023471,0.0033709,0.0077561,-0.014379,0.011917,0.010767,-0.0024864,0.0054356,0.0061913,2.0,1880.5706887951744,0.087163803798594,0.0453619243158748,-1.035426129597586,0.1031065237726337,0.22813558175,789.8571428571429,0.4950517505834335,0.7077169380130426,4.701970443349754,1.1619998877406683,0.5569293979035699,4.336766312544061,-1.1819791528698127,25.16147517220186,0.8081137721820123,2,0.0093276604451723,0.0075979083854104,0.9999065836766908,674.596221618697,0.0388571402623532,-0.6382468464874097,-0.983686138110321,0.0204872866230732,0.3283501333333333,270.6428571428572,102.87469999999999,18.0,25.556384514132585,96.5276,6.3471,15.208142300968818,2.381558479558089,0.5968088672095115,0.6056979996053451
400,282,0.5973359426384824,0.9999138909598488,7Networks_RH_DorsAttn_Post_19-rh,rh,DorsAttn,23.593890755899835,-50.32747355257527,63.883427716373056,0.6865261491345623,0.2590820261880102,0.821463673521577,0.8336460337676462,0.8058640092595792,1.7520042754732226,98.2797568420374,81.83803548924615,16.441721352791262,2,53.42829869559641,-0.048974881481062,-0.0237968724865691,0.032301821384986,-0.0254001059602471,0.0629253553352653,0.0145617494774818,-0.0273143349807441,-0.0129798897203889,-0.0101755022275686,0.0454501623565407,98.33201,0.237291463701212,0.0024131660046506,0.8013455659477766,1.811309437812004,0.2822767090909091,0.256485152173913,1.1005576992989128,77.03230233862415,0.054634,0.055757,0.058632,0.06523,0.020199,-0.009653,0.034036,0.033942,0.04184,-0.013828,-0.022336,-0.020258,0.026742,-0.017727,0.0096902,-0.0031167,0.0076343,-0.0013721,-0.0083399,0.013562,3.0,2474.0370643051324,0.1075983286834029,0.1005256701871739,-1.0926526730684354,-0.098576499450149,0.2575362513888888,975.2142857142856,0.55627846559022,0.7616074800407007,4.869458128078818,1.0245678760731023,0.5725278542836969,3.957471962671532,-0.8623656970312661,18.742062965464832,0.8356729434312687,2,0.0107374019348024,0.0066203900234008,0.9999136719457424,1866.559646932172,0.0843381028380874,0.0208543827013443,-1.0952964791151856,-0.0767057726265898,0.3083777458333333,709.0,132.7894,22.0,31.714246025629755,110.4432,22.3462,4.942370514875271,1.7834277361093154,0.612217090008631,0.4397564865870318
400,283,0.6067193761323988,0.999876073677098,7Networks_RH_DorsAttn_Post_2-rh,rh,DorsAttn,54.87458081135262,-57.92956979203933,-1.6242633325671365,0.7683574357887641,0.3837932580505365,0.6237012652528435,0.4346440521945872,0.5012321576883394,1.455452880909616,72.00121130613242,47.62931103624128,24.37190026989113,2,16.404312938071516,-0.0607182349187023,0.0803040351030225,0.0511271306274732,-0.0215286407528938,0.0736993875432334,-0.0003722834658176,0.0145711329171781,-0.0116515523186638,0.0125310376697908,-0.0040157850670447,109.310428,0.2536157241626518,0.0023201420834471,0.8198564293481769,1.85675867678238,0.2076981351351351,0.2827497872340426,0.7345651329872057,87.70265544451371,0.062114,0.054866,0.078297,0.073008,0.020088,-0.013548,0.033924,0.028581,0.024113,-0.0063289,-0.022895,-0.0038092,0.024112,-0.011456,0.0052743,-0.00066052,0.0073275,-0.0022746,-0.0067124,0.0066757,2.0,1782.1660029924883,0.0859673401001647,-0.1195539085733985,-1.0960252158441082,0.1524463022854391,0.3022861836111111,791.0714285714286,0.2210786803010343,0.7697406573815156,1.3916256157635467,1.7914023819891975,0.5889205453189439,3.262841766091047,-0.5240814770228088,17.858021700538323,0.8894518855700397,2,0.0125340514043726,0.0070100098549763,0.9998762151882368,857.6053067829175,0.0480497811243809,-0.0396741565131131,-1.173666983883615,0.0084664265582226,0.2476742747222222,404.2142857142857,106.57329999999999,15.0,26.628783337566237,100.2482,6.3251,15.849267205011,3.7924033957173364,0.7813491109086355,0.14529811875957677
400,284,0.6026295338683475,0.9998867980806472,7Networks_RH_DorsAttn_Post_3-rh,rh,DorsAttn,48.45947062045222,-59.93395796876396,10.310884260313331,0.7849347914322684,0.6300910544013432,0.744402925420904,0.6469933402241148,0.5783577026470869,0.1565273950355189,74.76068976853483,50.11074229740816,24.64994747112668,2,24.166717946817187,0.0277120225714575,0.0267127592271858,0.084583412998298,-0.0351122759838342,-0.0026156564105868,0.0200636205241323,0.01223722684017,0.0261852726917583,-0.0102678932820832,0.0018265464523133,101.524536,0.2477041214698316,0.0024398449008384,0.8371375535855003,1.6164148630362185,0.2238832115384615,0.2465169849514563,0.9081857442469112,79.82333124659746,0.062671,0.040592,0.089796,0.072671,0.0053202,-0.0059041,0.0086106,-0.021165,-0.051194,0.046659,0.00029275,0.019751,-0.0066881,0.013252,-0.024624,0.0007805,0.010589,-0.014511,0.0096255,-0.002994,2.0,990.6042600352577,0.0598010419580596,0.0350598059075249,-1.1065629797911896,-0.0538501635791657,0.1874733986111111,429.8571428571428,0.3424148039302216,0.8115288164643117,1.8497536945812807,1.3867177027147002,0.5886418599139166,3.374632319508861,-0.5390903244150375,19.85793356927639,0.876936165337477,2,0.0101011622332232,0.0063878934177329,0.9998869100373664,1338.2468033463283,0.0703252232517225,-0.0680811789578925,-1.1232031992345677,-0.0249249103189242,0.2718633883888889,512.8571428571429,106.33250000000001,15.0,18.7214225502728,106.3325,0.0,1063324999999.9999,3.9033749694201805,0.6996294495950259,0.13968448028589567
400,285,0.5995520078862646,0.999894506175842,7Networks_RH_DorsAttn_Post_4-rh,rh,DorsAttn,40.541916154660846,-77.21403955577411,30.873190266859154,,,,,,,96.5821495024517,72.58688880768022,23.99526069477148,2,41.688126026847726,-0.0911473677438867,0.1145045599399503,0.0007691121600397,-0.0134220384631456,0.0413685235626763,-0.0017235327791629,0.0088634794831474,-0.0113240464634088,0.0252702084176395,0.0017758455327812,110.371073,0.2553644084168737,0.0023136896423634,0.8063773207925826,1.672819028271904,0.3024751951219512,0.2923621176470588,1.0345909294022897,86.92559370944264,0.069128,0.061367,0.096711,0.088156,0.013285,-0.0039277,0.023022,0.0086741,-0.018813,0.031345,-0.010774,0.0011751,0.0096714,-0.00078751,-0.010289,0.00011537,0.0092079,-0.0096982,0.0011317,0.0040727,2.0,1880.5706887951744,0.087163803798594,0.0453619243158748,-1.035426129597586,0.1031065237726337,0.22813558175,789.8571428571429,0.3907680723731812,0.7155667351142145,4.647783251231527,1.4078816711112438,0.5666262989055751,3.883197672584988,-0.9063522404901984,28.48631470077936,0.7924992288249784,2,0.0092642051613489,0.0059357151745321,0.999894585137821,2277.4026394606253,0.1051749668780037,-0.1137921530358303,-1.162292709553666,0.0511095579171689,0.2400774,845.5714285714286,176.8258,26.0,43.83090965569259,108.2178,68.608,1.57733500466188,2.1114655042362345,0.8095925863039329,0.2858615654502906
400,286,0.5942373670186635,0.999926124712086,7Networks_RH_DorsAttn_Post_5-rh,rh,DorsAttn,28.38978977378355,-65.32357463311712,32.141261043023626,0.6008624547971745,0.2210419602431101,0.605852547431894,0.5189255445466876,0.5541244638753737,1.543934195000176,85.79471704161712,63.26791667235329,22.52680036926383,2,38.88182901574931,-0.0283423341533188,0.0162726425304263,0.0569311415570795,0.0333693224933819,0.0110149529817843,0.034770628000194,-0.0135777742248786,0.0324559491193085,-0.0052228283786242,0.0099029870597914,107.472238,0.2588575102134045,0.0024085988626491,0.8293598299574567,1.6748206469537528,0.2962955806451612,0.2934002662721893,1.0098681378472203,74.67753128114639,0.06437,0.053221,0.1001,0.082545,0.014138,-0.011894,0.011028,0.0013377,-0.048258,0.039384,-0.0065468,0.022379,-0.0076475,0.007569,-0.026984,0.0028633,0.0080048,-0.016513,0.011196,0.00078655,2.0,1529.6485377003728,0.0764880360076592,-0.2304695201464759,-1.1887815258666967,0.141013915469343,0.3385465077777778,616.4285714285714,0.7074427891696319,0.8089221357152898,5.448275862068965,0.712975966425967,0.5826145300657415,3.523319806639976,-0.6250063621857926,25.30243591788037,0.8161762500968673,2,0.0106628736496271,0.0053515648670171,0.999926200913098,680.7153296349363,0.0397409818338083,-0.2506225257488039,-1.0596312064675644,0.0119023360901173,0.1342611116388888,350.0,88.97649,18.0,22.037024403286043,86.16849,2.808,30.686784186941356,2.3292565896540856,0.6839863202734966,0.4191635340976026
400,287,0.6013717362062742,0.9998941750524596,7Networks_RH_DorsAttn_Post_6-rh,rh,DorsAttn,52.8949711313053,-28.002365602765764,42.98658286114128,,,,,,,75.48519016639041,60.88777987095612,14.597410295434294,2,34.1926593975145,-0.0316400251403012,0.0401455075498086,0.0729612262486467,-0.0049424359607886,0.0519909445788487,0.0260597831393461,-0.0076002100757076,0.0147421719336787,-0.0065291410844773,0.0056778936516069,99.52557785,0.2437110533543183,0.0024487278408107,0.8204751757584591,2.049331188362784,0.2356472352941176,0.2475988838541666,0.9517297959135332,76.50448253790898,0.070116,0.057072,0.10141,0.093382,0.0094683,-0.011061,0.015651,0.00073483,-0.043684,0.038337,-0.0075033,0.026482,-0.0092081,0.010381,-0.026905,0.0039576,0.0043806,-0.017747,0.010407,0.0039511,2.0,1612.196795266219,0.0759882352928026,0.145518580711455,-1.0728368726882815,-0.012553396989323,0.1062738251166666,659.3571428571429,0.4041155966108892,0.8500741466322729,1.9211822660098523,1.2224245399627158,0.5758173689678731,3.808798334655908,-0.8312443312943327,14.528596149789609,0.8885703855987989,2,0.009227868278248,0.0076457971094509,0.999894287056115,680.7153296349363,0.0397409818338083,-0.2506225257488039,-1.0596312064675644,0.0119023360901173,0.1342611116388888,350.0,109.4918,18.0,24.15007649407359,101.9819,7.5099,13.579661513288064,2.540485254676218,0.6967881071813218,0.29097978113429496
400,288,0.5969018927194732,0.999906910101497,7Networks_RH_DorsAttn_Post_7-rh,rh,DorsAttn,16.47575874889598,-75.87437212700938,45.44054128609452,0.7523445484798655,0.3381658976740007,0.3338769876607156,0.4416379706448547,0.4718842676074012,1.632436867802337,102.15250776538495,80.95782470052353,21.19468306486144,2,50.026636409759526,-0.0425537954161847,-0.0511139987554716,0.0350794628436288,-0.0040673564007439,0.041863738706454,0.0252774577351412,-0.0417712087907444,-0.0046647790964871,-0.0141223238545637,0.0450188652384399,96.101289,0.233692650784777,0.0024317327396569,0.7989109827230367,1.7386377242179705,0.2897712692307692,0.2670158918918918,1.0852210595748673,81.01796528728453,0.066747,0.055782,0.10116,0.088228,0.019887,-0.015056,0.016641,0.0083278,-0.025258,0.028763,-0.015708,0.01749,-0.0010032,0.0017127,-0.022403,1.9724e-05,0.0032541,-0.016891,0.0058615,0.0036306,2.0,1596.018721694705,0.0749241248014113,0.372912196826107,-0.9737126572074626,-0.1425123061811138,0.3253709294444444,742.0,0.4896339652980627,0.750296569556089,6.009852216748769,1.1772354798427256,0.5582912590245566,4.2464282302035805,-1.160775375595845,33.92905292987188,0.772924490671302,2,0.008687454687478,0.0067890264817941,0.9999069942850496,1250.18095756841,0.0685940237228769,0.0947365517465361,-1.1128133692007267,-0.1089634475895491,0.2632592102777777,541.5714285714286,126.4752,21.0,25.76539784152721,116.8046,9.6706,12.078319855933671,2.4174322659611067,0.7741098847307228,0.28983231495186407
400,289,0.5948792037900471,0.9999255740352712,7Networks_RH_DorsAttn_Post_8-rh,rh,DorsAttn,36.63401797503773,-41.28795124107683,38.286859454763245,0.8451742758171893,0.587764862476791,0.5687405943559429,0.5875961679560349,0.5684618563850932,0.6900029855799057,73.71135297217214,55.2855439356334,18.425809036538737,2,35.358501045180994,-0.0600657646025526,0.0476180576379587,0.0463253856236272,0.0182016617571447,0.0427564350218059,0.0110355336655432,0.002486508146453,-0.0066609001651772,0.0071136184477927,-0.002876743650985,101.3498719,0.2515843078930682,0.0024823347398115,0.8197618780513856,1.7338555572542955,0.2574640727272727,0.2750255287581699,0.936146087223948,69.97418675914136,-0.012374,-0.029288,0.034871,0.036479,0.025145,-0.0089582,-0.069727,-0.031757,0.0053704,-0.014501,0.010385,-0.015356,0.017782,-0.0050236,0.0023519,0.0065573,0.0064876,-0.0010657,-0.01959,0.016485,4.0,1684.1583140152434,0.0786614937747075,-0.2219510365742104,-0.99914346106049,-0.015944704663752,0.286814795,615.0714285714286,0.7157862394255182,0.7806853548902373,1.9630541871921183,0.5934781715882905,0.5620276898875127,4.151719700721256,-1.0401929900281617,17.803038828431358,0.8678472312499368,2,0.0103239285704193,0.0069556906054751,0.9999255252664636,932.4163018737928,0.0539180892994814,0.1743992789290598,-0.4176183553012849,0.0313721616000025,0.2790806583333333,624.3571428571429,96.321,17.0,17.9623371469002,96.32100000000001,0.0,963210000000.0001,2.9801918555305615,0.6415484283218387,0.49883722137436287
400,290,0.5948145515320441,0.9999249090432408,7Networks_RH_DorsAttn_Post_9-rh,rh,DorsAttn,40.97849275143211,-31.310590812225147,41.087894259436986,0.7070822770078742,0.6299394950554906,0.4128914244989783,0.3909291082129191,0.3944891049678053,-0.2254863178230309,71.40308297713038,55.809454893608574,15.593628083521809,2,34.04591379932974,-0.0263965549281566,0.0364374188479021,0.0815232519956891,-0.0160988943273335,0.0670734627598169,0.0136371442606219,-0.0013341584127649,0.0005764363698506,-0.0165523435908028,0.0007063962790584,85.54818460000001,0.2220214151877735,0.0025952790959343,0.8170859884186952,2.0797393964196944,0.2215464545454545,0.2156722261146497,1.027236832641392,69.61376364325528,-0.04478,-0.037884,0.021168,0.022897,0.0075288,-0.009476,-0.054227,-0.047406,0.011532,-0.017516,0.014583,-0.023646,0.017498,-0.0041171,0.0059761,0.0055611,0.0065149,0.0015367,-0.003579,0.010402,4.0,2270.620555413578,0.1056466204839609,-0.1804303807406787,-1.109540913806933,0.0275137686799942,0.2597652061111111,823.4285714285714,0.6819103987565659,0.8341007527276652,3.4532019704433496,0.6699542743250224,0.5637317966837222,4.256775352775487,-1.0358859112418572,15.978446650120912,0.8900358581140292,2,0.0095948649505937,0.0068888210683285,0.9999251085131587,798.3476435739009,0.0496077625067668,-0.2553004600734835,-1.074613339017992,0.0160880293902713,0.2298460894444444,339.07142857142856,93.99192,15.0,19.378622263607916,89.89582,4.0961,21.94668587139116,3.172513715542996,0.6131320553657986,0.3904027069560873
400,291,0.5999743183677122,0.9999040131934798,7Networks_RH_DorsAttn_PrCv_1-rh,rh,DorsAttn,46.47460315626796,7.09831048766041,25.061566590108807,,,,,,,49.62765604709861,49.489282791128645,0.1383732559699666,3,12.907446807767162,-0.0290608960487978,-0.0180629943703974,0.0565857942700615,0.0136730012404281,0.0431263403352557,0.0257180019578396,-0.0311919003520497,-0.0029040870175315,-0.0159753298372822,0.0313656532845473,78.20738030000001,0.2065196759554677,0.0026406673534262,0.807286041241636,1.8786422361539703,0.1819499787234043,0.1832157718749999,0.9930912429756954,75.15222371728629,-0.030737,-0.036496,0.045311,0.028572,0.015848,-0.017553,-0.064723,-0.061238,0.0013183,-0.014698,0.012165,-0.0035572,0.018303,0.0022724,0.0010196,0.00084984,0.0051189,0.0025222,-0.0049639,0.0010688,3.0,1386.624861549319,0.072878226354121,-0.2597671137727382,-1.1165049448166835,0.1549128566255494,0.3431461377777778,585.9285714285714,0.5091452267005826,0.8316836497537645,1.6724137931034482,0.9006853993319293,0.5582753186606013,4.245892866861616,-1.148041373207018,19.260180307498626,0.9072305669024244,2,0.0144279254875654,0.0092307567991126,0.999904289946668,798.3476435739009,0.0496077625067668,-0.2553004600734835,-1.074613339017992,0.0160880293902713,0.2298460894444444,339.07142857142856,143.2049,23.0,26.67389105989368,131.8707,11.334200000000001,11.634760282934527,2.2038655496668462,0.6934663900781758,0.07264695551618695
400,292,0.6044211804092888,0.9999035014107116,7Networks_RH_Limbic_OFC_1-rh,rh,Limbic,14.07984427417498,18.34913328941622,-21.006484159163243,0.7963753894287262,0.6462151784570428,0.411789766772007,0.3273718652309757,0.2739751525122837,0.1224175061691615,16.66329618887125,41.77970220561521,-25.11640601674396,4,-18.10863048232281,-0.0048464146831481,0.0159368616500043,0.098736173075737,-0.0187986694224673,0.0451844905458251,-0.0062599985180713,0.0027092823730604,-0.0092373290890951,-0.0239362012310297,-0.0060204759787229,90.6062723,0.2404230509964498,0.0026534923564688,0.8223570302873604,1.3374769557652375,0.3042775,0.2193529331797235,1.3871594760576047,79.32845136849866,-0.060892,-0.04587,0.0075105,0.012247,0.0080884,-0.012017,-0.016171,0.0052479,0.017661,-0.016332,0.0075442,-0.017786,0.00010029,0.0077438,-0.0030913,0.0089436,0.010362,0.0058882,-0.0019822,0.024123,4.0,1080.463225761165,0.0568720729981102,-0.2404921706634691,-1.0660030098853983,-0.0182171722040072,0.2678361222222222,417.5,0.4370586918068752,0.735234076017112,1.0172413793103448,0.6807023685070087,0.5940308452100201,3.1433792093630952,-0.382593446912346,47.693287161807575,0.9124348601405232,3,0.0115524889316869,0.01261044510682,0.9999035680450152,1083.736048224946,0.0671321111846962,0.0748911124885517,-1.3426424221875068,-0.101203149328964,0.2403578680833333,462.07142857142856,199.2926,35.0,35.73518673340645,163.9472,35.3454,4.6384310263722055,2.442035140202891,0.6349135761979026,0.40906185176970944
400,293,0.6035015210490787,0.9999094579939908,7Networks_RH_Limbic_OFC_2-rh,rh,Limbic,23.775841848137453,20.96035031559541,-21.036142926855184,0.7973992173864958,0.3084316728444661,0.4307115119195033,0.5793687805098808,0.3779925111761339,2.0206611142357085,17.32123728171883,42.15739186741512,-24.83615458569629,4,-18.909790850791733,0.0078679651533374,-0.0016297947091754,0.0090410238703015,0.0501055844603416,0.0146816016176187,-0.0221101339600849,0.0209666339948766,0.0478140806103183,0.0084141625201895,0.0168200216918428,102.775227,0.2524195656164231,0.0024560351067497,0.8378785778978011,1.2675560359412967,0.3298196153846154,0.2499114388185654,1.3197459740611888,82.64863618243501,0.045161,0.037545,-0.026277,-0.035232,-0.026174,0.019882,0.00607,0.0085326,0.027321,-0.011378,0.0081194,-0.0082815,0.031803,-0.009388,-0.021879,-0.0037056,0.010605,-0.014266,-0.0022991,0.0043376,2.0,516.498622134335,0.0306669331877269,0.0124396541531112,-0.7890696238744308,0.0008754122333606,0.1409916505555555,308.6428571428572,0.4611221272767451,0.6914423850171045,1.0024630541871922,0.6164864059507679,0.5717793175628527,3.830500359660612,-0.8436390610845018,45.01415054189377,0.9173713330928228,3,0.0095032382874525,0.0184142242917637,0.999909589204401,2031.014710817121,0.0975589485621866,0.0358961289935693,-1.2076464932206157,-0.1169449301636101,0.3337621194444444,761.6428571428571,191.5858,34.0,32.867326702170786,174.86589999999998,16.7199,10.458549393175447,2.4721587470740647,0.676083876972347,0.3745872606424902
400,294,0.605080040138725,0.9999109981105804,7Networks_RH_Limbic_OFC_3-rh,rh,Limbic,8.748649224337296,40.3155188328824,-24.00032773577733,,,,,,,39.12057180586489,64.44054767406517,-25.31997586820028,4,-26.49485229133112,-0.0328852499797001,-0.0048246382226478,-0.0147047358194277,0.0408937936888526,0.0095450701734094,-0.024331943009626,0.0442072291084359,0.0393708276471959,0.0009099589164208,0.0139630240533969,97.489546,0.2419680957280238,0.0024819901790062,0.8225080617131141,1.212903754434856,0.3420627999999999,0.2275189084249084,1.5034477890990383,90.24448261533529,0.022416,0.026314,-0.039709,-0.028295,0.017476,-0.0083241,0.0085935,0.014496,0.020517,-0.010898,0.012345,-0.011337,0.027165,-0.0038051,-0.016711,-0.015498,0.018746,-0.014949,0.016522,-0.005915,3.0,1657.7957520622242,0.082529409183012,0.1315281167414144,-1.1461167741878184,-0.1464069289460613,0.3206311341666666,657.3571428571429,0.4732142583944625,0.6542145130569873,1.0123152709359606,0.5396527100994803,0.5913646419457429,3.3174812037005355,-0.4732227177378262,49.70410496637746,0.9337640580659547,3,0.012793507970604,0.013905541419901,0.9999112280672664,811.7380365610571,0.0474711710543554,-0.3513395819438343,-1.0396882724737655,0.0166002982495403,0.2947389927777778,330.57142857142856,155.8073,26.0,31.35800857276682,135.55859999999998,20.2487,6.694681633849607,3.0352928746156924,0.6129853884926411,0.49910562598799935
400,295,0.6032339783848546,0.9999162164200704,7Networks_RH_Limbic_OFC_4-rh,rh,Limbic,21.647665709591983,39.92307148622663,-19.1825046475014,,,,,,,35.94425575384903,60.68537731852625,-24.741121564677226,4,-23.486424234368823,0.0136423336838442,-0.0038254562710965,0.0131728730675614,0.0539055928639262,0.0057188907277533,-0.0182011701286016,0.0122644007979761,0.0510665767590867,0.0102018258962017,0.017990131612807,102.672864,0.2509744696418333,0.0024444089690688,0.8386627467061958,1.3398700475736494,0.3330733333333334,0.2459488044280443,1.354238472402718,90.81856379950877,0.03415,0.029819,-0.0038125,-0.027493,0.0023137,0.0047632,0.016949,-0.0036446,0.017994,-0.0020201,0.01187,-0.024955,0.029035,-0.009126,0.0025383,-0.014573,0.019319,-0.021404,0.0056375,-0.013394,3.0,1912.586376843903,0.0897107984335397,-0.3343621956613729,-1.140868699831277,0.036326236543201,0.2956982572222222,680.1428571428571,0.5111503704396139,0.583743149136751,1.0098522167487685,0.4930262073993945,0.5661444718668021,3.99251357497684,-1.0083194850313868,41.30074669817718,0.9303465299278352,3,0.0105338955566091,0.0185084436149043,0.9999164330363182,1966.015157622138,0.0865628371619469,0.3728230219678097,-1.0892550763163844,-0.1443564413914579,0.3673727449999999,807.3571428571429,125.42394999999999,24.0,28.052093397191463,114.3892,11.03475,10.366270191799847,3.068259524106519,0.7038308932861334,0.32858796107123084
400,296,0.607314038055904,0.9999016885811772,7Networks_RH_Limbic_OFC_5-rh,rh,Limbic,4.75263882353461,19.991875132865456,-21.278777542904283,0.7431399725877262,0.7575181411358353,0.328315127035459,0.3462831297030325,0.2317659306487627,-0.7632144039894279,23.74788243175504,47.17929197224602,-23.431409540490986,4,-18.764829065602207,-0.0437734692712954,-0.0692403478506864,0.0368578184903816,0.0794155146863193,-0.0140396204222731,0.014598435949913,0.0029824069011794,-0.0140986142277921,0.0064190011103656,0.0023188976885205,111.0352207,0.2693364207202793,0.0024256845622682,0.8126522552496527,1.7220746668092304,0.4467885,0.2482085462962963,1.8000528446214163,76.86604965981759,0.025095,0.039151,-0.016154,0.010158,0.030475,-0.0054049,0.018151,0.023279,0.047317,-0.019266,0.0039865,-0.037753,0.013583,-0.0078922,-0.0092658,-0.013834,0.018931,-0.016189,0.010194,-0.0038958,3.0,1744.9386566740834,0.0888455606211473,-0.0264127733169413,-1.1859622973172537,-0.0968101706457857,0.3296799266666667,652.7142857142857,0.3954494062516746,0.7288672972755278,1.0123152709359606,0.7537189210370564,0.5684387040914324,3.966371602852184,-0.9719376860090848,48.54284081489487,0.9142040811640832,3,0.0141464280015224,0.0172421192939061,0.9999016166020662,862.3430459445294,0.0487197625966303,0.1155540289484253,-1.073281209600179,0.0071221593915326,0.2905291672222222,414.9285714285714,114.04407,23.0,29.267267890088394,105.21937000000001,8.8247,11.923280111370095,3.29905090442608,0.5801779190498086,0.47056107345169285
400,297,0.6063749445919576,0.999891146717269,7Networks_RH_Limbic_OFC_6-rh,rh,Limbic,9.64704330301122,60.16479338558054,-14.816802146084886,0.6335092846491078,0.838514792453709,0.484937977485871,0.7496965252577728,0.4722223498449349,-1.75632625313954,57.59524549630638,82.28705543646917,-24.69180994016279,4,-26.93951930332509,-0.0453286001304152,-0.0746980295110965,0.0413580538232484,0.0610265812954285,0.0008838282674352,0.0213529275198183,-0.0122621742797663,-0.0311849711073523,-4.517491000634479e-05,0.0165006051884541,105.1074328,0.2632170700493487,0.0025042669489412,0.8069478983885711,1.7124151240850134,0.3916363157894736,0.230763721192053,1.6971312197458517,96.39745760613336,0.0048767,0.011329,-0.013087,-0.033053,0.036031,-0.022619,-0.0051481,0.0075956,0.030304,-0.0067174,0.0077472,0.008004,0.0096387,0.0037166,-0.011474,-0.004599,0.01219,-0.0085704,0.0036902,-0.0043138,3.0,631.6576076747064,0.0394564062511528,0.4874872375843423,-0.5245126033565617,0.0211418506770018,0.2997749973333333,411.7857142857143,0.3159231067889608,0.7277297056705727,1.041871921182266,1.102146384207761,0.5855590709580436,3.462321450298912,-0.5622923755517765,47.55166614901204,0.8912246544822072,3,0.0092525523197638,0.0117607426587277,0.9998913217685969,1037.6893048178406,0.062921530992241,-0.0498254972462637,-1.2238624859226404,-0.0922576955329067,0.2740585186111111,392.2857142857143,155.80219999999997,26.0,33.86340366341332,138.3522,17.45,7.928492836630784,3.2383941062913535,0.6443400981656355,0.3888430330252077
400,298,0.6050310593156907,0.999901773668442,7Networks_RH_Limbic_TempPole_1-rh,rh,Limbic,29.57476182487297,-4.768859522915494,-38.516588140360106,0.6520792482969531,0.4970723093470597,0.7786495679616571,0.9616664012518558,0.7147900665674906,0.248713591486103,23.56268878878944,30.62020512085517,-7.057516332065735,4,-21.67929502734141,-0.010408921781004,-0.0141306078587321,0.1009838315301816,0.0476943492347653,0.0068385764467919,0.0167662723629359,-0.0283106104234069,0.0040731725333848,-0.0026795935841571,-0.0084812796809738,99.50091529,0.2703369442177705,0.002716929220496,0.8258322733197082,1.8910974364876552,0.3630443888888888,0.2426609351282051,1.4960973777978386,86.21755635711635,0.036134,0.035289,0.017341,0.017626,0.0212,-0.016373,0.023094,0.030879,0.052633,-0.032521,-0.0094054,-0.016924,0.018571,-0.015127,0.0080258,-0.0022339,0.0075515,-0.0057231,-4.5952e-05,0.00027206,2.0,1744.9386566740834,0.0888455606211473,-0.0264127733169413,-1.1859622973172537,-0.0968101706457857,0.3296799266666667,652.7142857142857,0.4177893214120101,0.7158983256784286,1.0049261083743843,0.7616307340907619,0.5948466583675373,3.1393253727264936,-0.3892286678162084,33.7921191175419,0.9048676515543422,3,0.0113992302118592,0.0114038143615868,0.9999017689520732,2017.270472693238,0.0952972133999696,0.202135859122645,-1.115150178166795,-0.1407299410587331,0.3257229277777778,825.5714285714286,223.622,39.0,58.95069730292978,94.0739,129.5481,0.7261696620786209,2.0314099657605516,0.6784144793374213,0.23415406355367543
400,299,0.6100340067575671,0.9998819161498343,7Networks_RH_Limbic_TempPole_2-rh,rh,Limbic,50.46374282550454,-11.901481811003816,-38.40162119668476,0.5354473907501723,0.6421089147435498,0.3594911800308542,0.3402715347520033,0.396901045102045,-1.1377596816614797,38.46125227908165,35.598473849325934,2.862778429755714,4,-19.470528174709703,0.0498246344294889,0.002600181424298,0.0703035660770942,0.0027059105771478,-0.0504221351088572,-0.0231770209102273,-0.0204957451764072,0.0198577495220363,0.0266288905966405,0.0134089762280367,82.3590684,0.2122318125159041,0.0025769088533746,0.8388784845681293,1.6022421039964658,0.2217511666666666,0.199085750167224,1.1138475072626737,93.0544317158682,0.036283,0.011122,0.023707,0.020186,-0.0072933,-0.0063474,0.021019,-0.008524,0.018092,-0.012925,0.005992,-0.03907,0.040677,-0.019333,0.015792,-0.0072413,0.023639,-0.014341,-0.0066492,0.0026542,2.0,882.2790538649828,0.0539259610616132,-0.2590316512514294,-1.1105617024927312,0.0161206206721196,0.27050800175,355.5,0.2458091838405308,0.7108233765027182,1.0024630541871922,1.2865182987625303,0.5569446847645652,4.386216247149478,-1.1868899084777036,34.37933208709776,0.8499425326007316,3,0.01552452057395,0.0103997509731614,0.9998818255236094,925.9117308541528,0.0543184166874429,-0.4545146898975477,-1.0208388081160713,0.019740514493199,0.3257377016666667,366.2142857142857,120.6584,18.0,38.47308715829951,94.2568,26.401600000000002,3.5701169625948044,3.639091332084657,0.7698306963998606,0.29058896852602056
400,300,0.6074807100405278,0.9998989884015392,7Networks_RH_Limbic_TempPole_3-rh,rh,Limbic,40.75116325458247,11.491265406882215,-37.33728399119926,0.887811393880801,0.5383033653247893,0.6079767238547149,0.7764472446317767,0.5453221540919511,1.1769055926021446,27.958106748359143,42.38242467488608,-14.424317926526935,4,-25.84975001678422,-0.0400780178017117,0.0175005371712735,0.0592506424905001,0.0402507057470751,0.0296388989592392,0.0040082108640906,-0.0030653813698474,-0.0081531904519082,0.0154167367381088,-0.0105554934376157,99.16088942,0.2511844022854053,0.0025330995290013,0.8267823765623797,1.539998834732538,0.3331114210526315,0.2396399270945945,1.3900497506917342,92.55956434019345,-0.035101,-0.051295,0.017226,0.020952,0.015979,-0.013068,-0.052561,-0.030612,0.014301,-0.023216,0.013112,-0.011658,0.015639,-0.00056531,0.0038823,0.0099898,0.0098368,0.0024076,-0.010087,0.018062,4.0,798.3476435739009,0.0496077625067668,-0.2553004600734835,-1.074613339017992,0.0160880293902713,0.2298460894444444,339.07142857142856,0.4078175373533168,0.6518078343757507,1.0024630541871922,0.7170330035605321,0.5782719922105346,3.8163716360090136,-0.7840786860970058,41.06729715298079,0.9191725275297316,3,0.0173175893374023,0.0119985612370893,0.9998990650999569,1298.336703461608,0.0722183512080518,-0.4402962660681306,-1.134322300523292,0.1569800220362349,0.3494030733333333,516.9285714285714,171.0325,29.0,50.16788932254019,97.56859999999999,73.4639,1.328116258459831,2.429310101975586,0.7504342571911062,0.3131504246268984
400,301,0.6087884600591263,0.9998823976489558,7Networks_RH_Limbic_TempPole_4-rh,rh,Limbic,39.96872856977906,-18.480383260926203,-28.571150450309965,0.141729050157716,0.7864717623404568,0.9526718784934696,0.8491695177882628,0.614114052420106,-3.8831128584820216,30.65928994310882,20.49787125185264,10.16141869125618,4,-11.598575291908116,-0.0462526757081942,-0.0554864479115716,0.0039159899298192,0.0570007294011297,-0.01260266371287,-0.0020873924164152,0.0326027156825571,-0.0050558589095956,-0.0023293916242684,0.0058436587579946,79.933818,0.2131613195985353,0.0026667226079238,0.8247679002017002,1.3936274983607304,0.2182031111111111,0.2003310119521912,1.0892128426639391,83.57114162998602,0.0060147,0.013391,-0.058369,-0.031568,0.041834,-0.011321,0.0035508,-0.0046987,-0.030617,-0.0022881,-0.021157,0.018953,0.010164,-0.01676,0.0094138,-0.015223,-0.011651,0.0040867,-0.0089808,0.0045038,1.0,1551.8434142084768,0.073013723489477,0.3861170203221544,-1.0312106575477888,-0.1407608286483416,0.3280382727777778,711.7857142857143,0.2568550335670599,0.7914562213686916,1.0049261083743843,1.32990998748575,0.5757423316453149,3.769040886095433,-0.8194326188798021,33.38400275616476,0.8857310474276185,3,0.0156830405864253,0.0089609206529497,0.9998823429082024,1966.06096435374,0.0927119024222743,0.0926245313161892,-1.3299076635853453,-0.1279350812216028,0.3455494238888889,764.9285714285714,151.4659,24.0,43.153777676819495,94.9357,56.530199999999994,1.6793802250802592,3.591446355842942,0.6011400497835601,0.2709910283436734
400,302,0.6082204200083284,0.9998983540169588,7Networks_RH_Limbic_TempPole_5-rh,rh,Limbic,30.64272738968509,8.083568287685285,-28.46018266790584,0.260997887698969,0.825495949292876,0.3138958807056287,0.5301436069563973,0.3982114523661299,-3.5152951718451626,14.169957238416758,32.65897165077465,-18.489014412357896,4,-19.50118008704909,-0.0176810032079764,-0.0452461645775998,0.0517137773724051,0.0705415114206957,-0.0239739726745814,0.0092920828241744,-0.0135448118532769,-0.0156610792930387,0.0136841487140048,-0.0128186043150702,62.701267300000005,0.1904576905813043,0.0030375413254366,0.828195804401173,1.92701145406374,0.2571862692307692,0.1442482265873015,1.782942328908434,81.35679968790674,0.0047924,0.0059446,-0.032068,0.027482,0.034274,-0.013025,-0.020497,-0.033184,-0.01533,0.0040261,-0.012643,0.0062241,0.013835,-0.0019241,0.01024,-0.010631,-0.0088312,0.00037949,-0.014942,-0.0065299,1.0,857.6053067829175,0.0480497811243809,-0.0396741565131131,-1.173666983883615,0.0084664265582226,0.2476742747222222,404.2142857142857,0.387279813722338,0.771370030214709,1.0098522167487685,0.7532740507905406,0.5709777759550608,3.799450483924405,-0.896588899542277,40.6754258372558,0.9300563508403884,3,0.0173915253192876,0.0130480402358976,0.9998983088858292,1809.9937556675588,0.0859538739054326,-0.0158227858165861,-1.0981055095455954,0.1381642724936262,0.2653321001055556,780.4285714285714,92.01820000000001,16.0,25.311697905944737,89.6229,2.3953,37.41614828883997,2.8112060275471626,0.7136276086911633,0.39010000195613476
400,303,0.6111171687895854,0.999873249318056,7Networks_RH_Limbic_TempPole_6-rh,rh,Limbic,47.899293777127525,-32.70247620545858,-26.52756239179969,0.3566860433137151,0.538453291065118,0.5419258298480388,0.5037138911546202,0.407982595420637,-1.4359034858953494,45.722691282472056,27.71975583633991,18.002935446132145,4,-6.105794573442241,-0.0343291604513172,-0.0522405406492566,0.0341548836206922,0.0682884885602859,-0.0215366479522548,0.0150447027814852,0.0034476927575582,-0.0103594475595608,0.0053006026820098,-0.003451993286498,76.60766559999999,0.2063972614051532,0.0026942116012589,0.8251178555189065,1.705640267304832,0.1925006566666666,0.1957573642023346,0.9833635498348956,87.23369612590098,0.001768,0.00039274,-0.055345,-0.052297,0.04786,-0.04142,0.010555,0.0048854,-0.016843,0.019067,0.0034602,0.00011598,-0.00978,0.013736,-0.00057777,0.014004,0.013507,0.0095698,-0.0089731,0.0069873,1.0,764.8465176462239,0.047700748250386,0.380975847461132,-0.4352483857455489,0.0129582400063935,0.269159095,423.6428571428572,0.1738955053595651,0.7804380728344579,1.0024630541871922,1.7015393351258772,0.5761175106624532,3.652696513216932,-0.7867114730134636,27.36227376681552,0.8675757860381016,3,0.0169848988622518,0.0071579191181679,0.9998732914416876,1965.8977072969883,0.0897836907597904,-0.208216794820277,-1.1602352360261745,0.1116966444836274,0.3139582844444444,754.3571428571429,96.30120000000001,15.0,33.32670389103688,81.11850000000001,15.182699999999999,5.342824398787155,3.8942908442825455,0.7569162575182697,0.24929699733752017
400,304,0.6042578790992769,0.9998975575006834,7Networks_RH_Limbic_TempPole_7-rh,rh,Limbic,22.43537580966949,-20.49568425392618,-25.147459710130885,0.3492945700149135,0.8299141689318486,0.6693944566732131,0.5937262318104635,0.6094230870611135,-3.1058328927726504,25.520859693036137,14.285182606068314,11.235677086967822,4,-8.939770549900677,-0.034790635667857,-0.066961604804676,0.0348033697817396,0.0661233113130976,-0.017350609792567,0.0121144348382797,0.001457117215566,-0.0283208178644101,0.0069654364557482,-0.0062681490558253,72.768474,0.2022037888999817,0.0027787278993881,0.8128832205692355,1.7294095311824351,0.2109860904761905,0.1874730642105263,1.12542082379748,75.97511033210554,-0.0016916,-0.0019435,-0.054175,-0.052328,0.05145,-0.039769,0.016825,0.017834,-0.012773,0.018779,0.012726,-0.011884,-0.0018796,0.029356,-0.010877,0.012376,0.011335,0.0077719,-0.0088672,0.003704,1.0,862.3430459445294,0.0487197625966303,0.1155540289484253,-1.073281209600179,0.0071221593915326,0.2905291672222222,414.9285714285714,0.4028879300649527,0.7957005507191433,1.1551724137931034,0.9158024191384688,0.572227894934992,3.944492517764297,-0.8709813717423072,27.374877130915863,0.8827244864266006,3,0.0120451528121171,0.0091292666501017,0.9998974870061772,1869.877310294864,0.0881366275061604,0.1536916752963457,-1.052059789713395,-0.1321018304206036,0.3138905222222223,744.7857142857143,123.6773,22.0,49.03372556744703,63.5404,60.1369,1.0565958670948177,2.741826042383374,0.6941424910021008,0.2660229484311187
400,305,0.6008352950952048,0.9999136364004876,7Networks_RH_SalVentAttn_FrOperIns_1-rh,rh,SalVentAttn,41.981187423676936,-0.3311610826986136,-14.979981759577306,0.4963172190531731,0.7778897164602911,0.4361133547136189,0.3321473873309996,0.3746268040659946,-2.0912181689787337,20.66705874953846,24.31495666083213,-3.647897911293679,3,-8.8886407309368,0.000124656013291,-0.0242569856601,0.0799510645932479,0.0651360889759247,-0.0295428867844055,0.0038738019278707,-0.0310652836277679,-0.0005803653118258,0.0193747280269982,-0.0186277711558718,83.70614731,0.2340012852353667,0.0027955089650522,0.8378558294459393,0.9070283600820872,0.2720122631578948,0.1936536031415929,1.4046331108982535,77.55714589427026,-0.0298,-0.03726,-0.036603,-0.032247,0.03421,-0.023429,0.020457,0.023868,0.0019714,0.014779,0.01692,-0.013299,-0.016056,0.045283,-0.014259,0.0034704,0.029764,0.01322,-0.014589,0.012775,1.0,1854.6996330643103,0.0871067257469524,-0.2029709672634014,-1.0801016186690704,-0.0138445281925741,0.3003507011111111,679.7142857142857,0.5624219107744897,0.7449651416461718,1.0,0.536298313610066,0.5757504411790729,3.722914127025344,-0.7774383380056016,33.41973985520972,0.9257417958259936,3,0.0107727508059892,0.0100844443041969,0.9999137048241754,2001.823590851324,0.0926741577814569,0.267481961703768,-1.151911015236099,-0.1495697349869335,0.3784087166666666,804.2142857142857,142.6438,24.0,28.351355324404253,125.4842,17.159599999999998,7.312769528384622,2.5182510528733375,0.7177592965597559,0.1556324214582057
400,306,0.6043903164636428,0.999901888538311,7Networks_RH_SalVentAttn_FrOperIns_2-rh,rh,SalVentAttn,40.967557941644,7.767952047509537,-2.0754919730171832,0.3410271012194996,0.8425680206551495,0.8059191487137223,0.6752260056137431,0.6150511878101269,-3.2174129534154368,25.051061310918428,32.21354652099532,-7.162485210076895,3,-3.575680798063172,-0.0348741394900208,-0.0683188879251296,0.0365401843286693,0.0717245980182628,-0.0190777328011738,0.0162027052691386,-0.0063198471644324,-0.0319301930346928,0.0108304886389014,-0.0065247282522839,68.91200429999999,0.2013530083006036,0.0029218858215724,0.8057267393060566,0.8315991500057419,0.205737219047619,0.1539211596059113,1.3366402607718768,73.87461481121424,-0.00094728,-0.0024217,-0.049078,-0.026307,0.046784,-0.026002,0.016089,0.028,0.0060945,-0.0020403,0.02496,-0.026064,-0.01132,0.052718,-0.017723,0.004867,0.033611,0.00067728,0.0010699,0.0019042,1.0,862.3430459445294,0.0487197625966303,0.1155540289484253,-1.073281209600179,0.0071221593915326,0.2905291672222222,414.9285714285714,0.4423504803522122,0.7394894543216269,1.064039408866995,0.719482234599409,0.5615679645090347,4.265433490292828,-1.0766247551094834,28.57562786817768,0.9213544721996928,3,0.0135208011101534,0.0116605735851445,0.9999019427874268,1012.3193479442256,0.059698261980757,0.1362826399448391,-1.1849609110690411,-0.1406079978838285,0.3534571905555555,394.7857142857143,173.2455,31.0,35.889624042804336,116.62490000000001,56.6206,2.0597609350623984,1.8305774592066022,0.7361643616238587,0.32093647454046426
400,307,0.6041303059575631,0.9998913197192308,7Networks_RH_SalVentAttn_FrOperIns_3-rh,rh,SalVentAttn,41.30119235476932,-13.839918048961742,-4.574036725030558,0.6640309455167526,0.716101590754533,0.8283482941158905,0.7261426385790931,0.7364807629546105,-0.9201254189828556,29.51364416960916,16.432080156306323,13.081564013302836,3,1.4075533796701882,-0.0338354821229779,-0.0687060371810796,0.0416548665437829,0.0827986397464079,-0.0231304397391132,0.0149267170765847,-0.0092868640036201,-0.0318356899267095,0.0146594223703733,-0.0121888850609516,88.9878563,0.2387331087830757,0.0026827605328302,0.8111652291393846,0.8350034348506986,0.2360434468085106,0.2186829229050279,1.0793867374961124,72.73020320667753,-0.0084852,-0.0026421,-0.052109,-0.047823,0.051955,-0.038679,0.018837,0.0041698,-0.0029388,0.008104,0.022488,-0.0087995,-0.013154,0.018462,-0.017016,0.022403,0.02409,0.0047509,-0.010284,0.0073475,3.0,2149.732599392048,0.1000393660930798,0.1899413102994483,-1.0120762149776614,-0.0364678406370645,0.1271557552777777,857.7857142857143,0.3666079824746285,0.7940578586357069,1.0541871921182266,1.004762022944619,0.5582554461581888,4.413680480704751,-1.1466632521864275,30.653442648608124,0.9270620366121344,3,0.0095854701729345,0.0071388580401712,0.999891361485196,1816.200033036009,0.0914971452123451,-0.064846852665787,-1.1534433815008278,0.1469234174498314,0.269995265,716.0,387.7037,63.0,51.0338273035214,178.6974,209.0063,0.854985710956629,1.0209066470996875,0.7975693025369132,0.08812606121633608
400,308,0.6059460493600112,0.999893769966928,7Networks_RH_SalVentAttn_FrOperIns_4-rh,rh,SalVentAttn,39.12488603397291,0.0287277889723072,6.171664282352644,,,,,,,29.88815950889924,29.24247610761045,0.6456834012887853,3,3.6943802327198942,0.0040904529068412,-0.0151469026511366,0.0940898188440819,0.0437939057271207,-0.0136881906035083,-0.0042059518241667,-0.0248613596870212,0.0012900559492166,0.001507766783725,-0.0175064456474883,77.2249041,0.2247383119352858,0.0029101792297984,0.836384287676764,0.9580341292990672,0.2192589847826087,0.173776034117647,1.2617331599822112,69.20309781645699,-0.054652,-0.073376,-0.0093534,0.0058314,0.016891,-0.014516,-0.0047345,-0.029997,0.0088268,-0.016246,0.014854,-0.011295,-0.0031493,0.0094314,-0.0054664,0.026416,0.018358,-0.0020481,-0.0049054,0.02985,3.0,2149.732599392048,0.1000393660930798,0.1899413102994483,-1.0120762149776614,-0.0364678406370645,0.1271557552777777,857.7857142857143,0.3857022418604582,0.7529480340395459,1.0492610837438423,0.8901166703165947,0.5611401121922798,4.034931371014214,-1.0863354721745675,24.83989912117797,0.9191216178532368,3,0.0140057968343406,0.0089972790053118,0.9998938167385786,1083.736048224946,0.0671321111846962,0.0748911124885517,-1.3426424221875068,-0.101203149328964,0.2403578680833333,462.07142857142856,237.78000000000003,43.0,35.4473420745805,173.63990000000004,64.14009999999999,2.707197213595385,1.5139924815590624,0.7407666086313116,0.309609302716797
400,309,0.6023479621735356,0.9999038402226904,7Networks_RH_SalVentAttn_FrOperIns_5-rh,rh,SalVentAttn,36.11202239439376,21.28192997667333,5.602545683507199,0.5511581062384346,0.5886086329879703,0.5013345978967052,0.2813023960027292,0.4133727956658554,-0.7606391883173851,32.47913857417643,45.60539731727006,-13.12625874309363,3,-3.0230515828976787,0.0034341762805619,-0.0177207368437611,0.0847506295857935,0.0571797641461692,-0.03144692421616,0.0149459330140562,-0.0345179320640709,0.015660336609508,0.0199889202807813,-0.0132587080379124,88.4082531,0.245587032095712,0.0027778745024816,0.8403808820175077,0.8968249942482217,0.2690359523809523,0.2011533009523809,1.3374672499701832,75.6446048926267,-0.15553,-0.14111,0.022102,0.015456,-0.038812,0.034865,0.031043,0.035708,0.0038039,0.0096236,-0.0069554,0.0051736,0.0028722,-0.0055878,-0.0075122,0.00025666,-0.0046535,-0.0052647,0.0085255,-0.0062893,2.0,1138.894871745803,0.0615162188652281,-0.4557658600020667,-1.08915007662897,0.0189817599109601,0.3120823944444444,457.7857142857143,0.4991571681906357,0.8116332130341567,1.0369458128078817,0.7247106394891988,0.567470474599912,4.319183234067489,-0.811713982895922,27.115874778759217,0.910409696805952,3,0.0140189646418994,0.0086467537799708,0.9999041142058944,782.2836655161178,0.0432774765167137,0.2000581353597831,-1.2348670635689494,-0.0077354485840736,0.3094465222222222,373.2857142857143,160.19911,29.0,34.01290302633585,115.78860999999999,44.4105,2.6072350007259377,1.6628346027809153,0.7204445784495952,0.35386401335188444
400,310,0.600943152995551,0.9998998950316338,7Networks_RH_SalVentAttn_FrOperIns_6-rh,rh,SalVentAttn,37.42141387129077,4.213974989060351,11.4872019834469,0.6732111081299215,0.6601795955725291,0.4871422368274659,0.6494188645206074,0.7030404657757059,-0.561547668247597,33.27703219787151,35.02468102804396,-1.7476488301724444,3,5.6281286933500345,-0.0258794945243665,-0.0377671924511497,0.0556521395240112,0.0893926686412909,-0.0254490556545935,0.0204307945183277,-0.0244737779693235,-0.0101379150703716,0.0175988384502206,-0.0176118492837821,94.0795231,0.2442976285461012,0.0025967141466711,0.8312836782713635,0.8432743795161194,0.2328049645833333,0.2162931905325443,1.0763397770521608,70.02212086223015,-0.040587,-0.031594,0.012234,0.010156,0.011729,-0.020221,-0.036187,-0.041774,-0.018226,-0.0036829,0.0031274,-0.0041691,0.0093038,0.0032728,-0.00071477,-0.010455,0.012319,0.01049,-0.015416,-0.013058,3.0,1529.8509498931223,0.0749973503204343,-0.1274808583699609,-1.0368275614318907,0.1456532309751423,0.3213777594444444,643.1428571428571,0.491640538724091,0.8264259738841627,1.3300492610837438,0.865872776223464,0.5614084527909609,4.187628488948381,-0.9799161816609904,22.44600629267956,0.92611171838067,3,0.0139772609572813,0.007278352560977,0.9999004838249296,764.8465176462239,0.047700748250386,0.380975847461132,-0.4352483857455489,0.0129582400063935,0.269159095,423.6428571428572,121.59949999999999,24.0,26.352914938278413,119.88859999999998,1.7109,70.07341165058895,2.2287390200321977,0.6777104593578513,0.4320659213236897
400,311,0.605625375344719,0.9998826788550608,7Networks_RH_SalVentAttn_FrOperIns_7-rh,rh,SalVentAttn,49.48076854091836,2.962070921519501,4.01449540630413,0.5353421274941982,0.6624837532789747,0.3840988521332423,0.3412271157006504,0.4558697961679369,-1.252474218332222,35.226523307951766,35.28660059047819,-0.0600772825264215,3,1.5200759673266275,-0.0435008504282196,-0.0788151568279828,0.0219932802912872,0.0570564511833086,-0.0137732460616288,0.0194999669669306,-0.0062376961276996,-0.0222088986830387,0.0044850877978473,0.0042553585540057,90.496105,0.2279137564942039,0.0025184924422322,0.8139856429328398,0.7531037855023612,0.2231821627906977,0.2180134784688995,1.0237080948193058,77.53212503620927,-0.020319,-0.030789,0.013219,0.019618,0.010818,-0.014785,-0.029129,-0.047086,-0.024106,-0.0012592,0.0027538,-0.0040616,0.0061429,0.0083309,-0.0038869,-0.012586,0.014897,0.011439,-0.0088912,-0.00058057,3.0,1816.200033036009,0.0914971452123451,-0.064846852665787,-1.1534433815008278,0.1469234174498314,0.269995265,716.0,0.3189446182945131,0.7880895863725126,1.192118226600985,1.2820120290153316,0.5573714378498668,4.154383579939197,-1.1213902784255607,24.375547149911394,0.9082396656795498,3,0.0140494291561135,0.0063103908043597,0.9998828810671432,1187.911377165822,0.0599156365838388,0.1266890023378979,-1.2402564012281203,-0.0105634145379621,0.1802871872222221,473.6428571428572,173.3357,31.0,35.199068064300725,129.55849999999998,43.77720000000001,2.95949718117431,1.9974759626122325,0.6835003467154016,0.31735124385801655
400,312,0.6041140097005882,0.999884814659363,7Networks_RH_SalVentAttn_FrOperIns_8-rh,rh,SalVentAttn,52.82435532654224,10.208086172739664,13.132418039148408,0.7660968594962689,0.5155816726709758,0.5593476986853781,0.4955783082197896,0.4074906230537229,0.7056882532436579,44.24826175330944,46.48027026699182,-2.2320085136823806,3,4.817024971667145,-0.0036401713652775,-0.0067947240440519,0.0807167773591406,0.0441976861655771,-0.0200729735825869,0.0269467394144623,-0.0268072145950885,0.0264084865854294,0.0073759724340518,-0.002602220563921,89.09428127000001,0.2322323682114054,0.0026065911852115,0.8385887653614869,0.8432034045828033,0.21945886,0.2125467815909091,1.0325202680280647,79.44787276963005,0.043523,0.035016,0.048859,0.026813,-0.0021574,-0.0079132,-0.0074224,-0.011959,-0.042781,0.036972,0.0057482,0.0085443,0.00082211,0.013959,-0.020472,-0.015285,0.017377,-0.0090968,0.00024085,-0.00026766,3.0,2017.270472693238,0.0952972133999696,0.202135859122645,-1.115150178166795,-0.1407299410587331,0.3257229277777778,825.5714285714286,0.3389077402849916,0.793343670381306,1.0911330049261083,1.231112276239117,0.5606551103542281,4.169644701629477,-1.0335214726428417,21.78636859987976,0.902823160956794,3,0.0116413341515124,0.0077407660828051,0.9998851702750746,1436.0399189747093,0.07636425084151,-0.5492140446128283,-1.1151066243572083,0.1546759197958304,0.3549738666666667,554.6428571428571,151.3377,27.0,40.03354659027639,101.79629999999999,49.5414,2.0547723721936504,1.7463579507434863,0.7820713503958453,0.23248932684981993
400,313,0.5970907735001204,0.9999241972484836,7Networks_RH_SalVentAttn_Med_1-rh,rh,SalVentAttn,7.585728896351961,16.395244640006116,36.34647055067254,,,,,,,57.57562125110055,63.86499441639513,-6.2893731652945775,3,16.88930893840169,-0.0261664434737182,-0.0333566850161646,0.0558428072704094,0.0787196113493247,-0.0163322536524918,0.0146929645317017,-0.0189803085066509,-0.0148644917421044,0.0142269914223584,-0.0203133278528791,83.6617498,0.2320587687726227,0.002773773789421,0.8281809588075848,0.8358081585916399,0.2358246799999999,0.1965733398550724,1.1996778406161208,66.94331519412592,-0.044185,-0.053758,0.041519,0.028803,0.0080311,-0.016246,-0.051753,-0.064848,-0.013105,-0.017284,0.0096268,0.0032899,0.010714,0.0020215,-0.0034193,-0.0038189,0.0074169,0.0032205,-0.00029411,-0.014007,3.0,1403.5827585147945,0.0736216880593971,-0.1910093662002035,-1.0890561660160365,-0.0096696527636059,0.2700497841666666,532.5714285714286,0.6870484620841412,0.7596929190615815,1.0935960591133005,0.5866770875218658,0.559500495406896,4.187417848010758,-1.0676531232107351,23.099728431396635,0.9141855783936532,3,0.0114232129896643,0.0087490434432012,0.999924155282502,783.1621259710887,0.0463698553321846,-0.6910493447608176,-0.8122013765038067,0.0199264506521616,0.3149162380555556,342.2857142857143,252.43558,43.0,38.313198152135506,179.43977999999998,72.99579999999999,2.458220609949534,2.058000457303271,0.7147005230220298,0.2597755831408552
400,314,0.5959693620347871,0.9999297639928102,7Networks_RH_SalVentAttn_Med_2-rh,rh,SalVentAttn,7.356912833743144,0.2745236418781872,43.25901147537145,,,,,,,63.0948941103257,62.375890421652414,0.7190036886732827,3,25.87304979265941,-0.0602321252564894,0.0491746332078063,0.0247188265882867,0.0398401391205178,-0.0081169289228433,0.0225222003567738,-0.0177934460887503,0.0151637198507225,-0.0072745241692209,0.0025849928981702,100.423775,0.2483053155774361,0.0024725750010611,0.8227456244457763,0.7318636848083386,0.2529900338983051,0.2272121,1.1134531734311677,63.72106155738174,0.054113,0.051775,0.0891,0.083418,0.017044,-0.0055652,-0.0052703,-0.0035432,-0.037854,0.031258,-0.0082867,0.027031,-0.011897,0.012004,-0.03152,0.0069807,0.0011157,-0.0090815,0.0075829,0.0041799,3.0,672.1662360524284,0.043009096822407,-0.416489024566504,-1.034772628455603,0.0156076303827427,0.2807763636111111,283.57142857142856,0.7318583926919568,0.7913918370885834,1.832512315270936,0.5859595880571752,0.5580478475045079,4.2601760649262825,-1.126316574828272,21.96056378204111,0.9169580076952089,3,0.0124610840214426,0.0090949248905083,0.9999296138531116,1513.902057598179,0.0769947746764473,-0.0085820311276641,-1.0303073671439038,0.0125743744605789,0.1862679127777777,600.0714285714286,187.53737,33.0,31.058842677054514,160.40677,27.1306,5.912393017456627,2.3756669022741246,0.7385919514151456,0.37088751964475136
400,315,0.601561753952214,0.9998914143964625,7Networks_RH_SalVentAttn_Med_3-rh,rh,SalVentAttn,12.931206527275124,-32.72201663002449,41.92644299917271,0.6585081338764507,0.3793125838971743,0.6373882650902166,0.2786423407450417,0.4375049882120751,0.9403491528419704,70.86556350555486,57.419330354866375,13.446233150688483,3,34.97247078851097,-0.0536767882892225,-0.0704682215208238,0.0049082402539928,0.0314507777610273,-0.0120888468462892,0.0181281130750765,-0.0119584705202634,-0.0042178633596959,0.0019565821242895,0.0073749715116376,90.9014584,0.227109222784622,0.0024984112112372,0.8100266794138795,0.724635061077554,0.2277373707317073,0.2751292688172043,0.8277467956353316,63.01386081596219,0.044816,0.044581,0.078811,0.074407,0.016666,-0.0097044,-0.013447,-0.016291,-0.046307,0.038912,-0.0036386,0.017328,-0.0070011,0.012844,-0.031982,-0.0040039,0.0099643,-0.0096265,0.0048334,-0.0023543,4.0,2017.270472693238,0.0952972133999696,0.202135859122645,-1.115150178166795,-0.1407299410587331,0.3257229277777778,825.5714285714286,0.3599597433975197,0.828784492312497,3.327586206896552,1.3003721095165497,0.5566354503868886,4.383080424253758,-1.1226477010481024,16.26381740713614,0.8946300401716742,3,0.0070061677941091,0.0078052539486461,0.9998912216088932,1513.902057598179,0.0769947746764473,-0.0085820311276641,-1.0303073671439038,0.0125743744605789,0.1862679127777777,600.0714285714286,166.81949999999998,29.0,29.110305824899648,150.2234,16.5961,9.05172902061899,2.861730827754262,0.7731705883634985,0.2759587458300738
400,316,0.6005615331699021,0.9999001381995192,7Networks_RH_SalVentAttn_Med_4-rh,rh,SalVentAttn,6.036390720934108,9.63839429282192,53.73862471096758,,,,,,,73.70928426485399,75.38170419743562,-1.672419932581633,3,29.35165653873397,-0.0474692741679506,-0.0831388893964437,0.0158970188406245,0.0589409765213024,-0.0184709901012694,0.0111595321893775,0.0033235744870695,-0.0302333843372212,0.0086556226799297,-0.0088854117957887,91.884499,0.2326719548599151,0.002532222054774,0.7987137452835145,0.7653327725997835,0.2368846981132075,0.2212318427672956,1.0707531747828056,70.51022237686425,-0.026559,-0.026965,0.044121,0.037182,0.016557,-0.024402,-0.066873,-0.06786,-0.013119,-0.013429,0.011227,0.0097411,0.013527,0.0044471,-0.0051783,-0.0026754,0.0072143,0.0036102,-0.0032209,-0.015875,4.0,1499.9894073700063,0.0763327490519408,0.3495794187751425,-1.2836691562252265,-0.1297750893358541,0.3636316455555555,640.1428571428571,0.4596420596235072,0.8390864873403158,1.3842364532019704,1.105908389360016,0.56754293922726,4.170112431300997,-0.9526626931222398,20.21221729059975,0.913853033992021,3,0.0110871624996637,0.0092304181618169,0.9999000180507048,783.1621259710887,0.0463698553321846,-0.6910493447608176,-0.8122013765038067,0.0199264506521616,0.3149162380555556,342.2857142857143,174.26126,32.0,26.935600089630693,162.44585999999998,11.815399999999999,13.748655144863918,2.3447406424706787,0.7176717273524007,0.37973385478792016
400,317,0.5936347158999596,0.999928582350508,7Networks_RH_SalVentAttn_Med_5-rh,rh,SalVentAttn,12.367558380722496,-43.91977046210052,52.13398835494717,,,,,,,85.48604947745017,70.21180180177828,15.274247675671887,3,44.45632415159846,-0.0077697186385449,-0.02961922649465,0.0645778027025094,0.0761604016975939,-0.0231644309706338,0.0129432278617917,-0.0286999966334876,0.0051896069057044,0.0207681939113766,-0.0155084258228183,70.176029,0.2097322374393468,0.002988659239169,0.8335923897987141,0.9076132945483754,0.1880153417721518,0.2065607485074627,0.910218146669513,68.56721857917829,-0.044428,-0.043046,0.055199,0.032039,0.00076046,-0.017318,-0.039108,-0.065837,-0.018579,-0.014563,0.0081926,0.0023052,0.0071207,0.0024867,-0.0094868,0.0023345,0.0032929,-0.00034957,0.018328,-0.0070422,3.0,1386.624861549319,0.072878226354121,-0.2597671137727382,-1.1165049448166835,0.1549128566255494,0.3431461377777778,585.9285714285714,0.720588689867565,0.855144385897903,4.965517241379311,0.6654046912777393,0.5935006900184112,3.3481451614540285,-0.4186134037601656,18.31271744463184,0.8481086683252915,3,0.009648869419718,0.0062051871111472,0.9999284379742912,555.8051057300172,0.034983725545607,-0.0707949054888681,-0.9851535026928442,0.0342263799004231,0.3041742861111111,312.2142857142857,175.3756,30.0,30.440910998195545,153.86849999999998,21.5071,7.154311831873407,2.5905934047525676,0.7945693516829526,0.2607215598977281
400,318,0.5972081321175033,0.9999070985108351,7Networks_RH_SalVentAttn_Med_6-rh,rh,SalVentAttn,11.300935133474844,-32.3369916845251,47.6872664670591,0.2449206309628707,0.7257889550721239,0.5280415513382942,0.5948822524402814,0.6725397221060094,-3.0355222678659937,75.82653842563161,63.19517315072548,12.63136527490613,3,38.313457385593,0.0233144080002352,0.0003040033536094,0.0294626675637123,-0.008010280146796,-0.026086668428339,-0.0104529539188416,-0.0039181780991535,0.0058163081752815,0.0096263849416078,0.0037618029724412,17.438485,0.0762722749608467,0.0043737902094367,0.8424973827041072,1.019595678334464,0.0452366098765432,0.0419746427184465,1.0777128008499235,62.043923969238925,-0.011696,-0.0057806,-0.042693,-0.033628,0.024414,-0.020765,0.0083477,-0.0078434,-0.029194,0.01698,-0.028142,0.0054175,-0.0027133,-0.00038744,0.011646,-0.034357,0.0043161,0.022912,-0.041931,0.01284,1.0,1902.338904261453,0.0987233076412059,-0.097042776813714,-1.137322177269338,0.0204291529361313,0.2700585847222222,726.6428571428571,0.5096223797529159,0.8130771679672298,3.955665024630542,0.9996009335615542,0.5829317174973037,3.711717559004416,-0.6971293368058307,16.128305003775644,0.8914191464233587,3,0.0063781703735679,0.0057834356245738,0.99990686089339,773.488880908374,0.0469137494890082,0.065232801377546,-0.8804405351157607,0.0102411052473474,0.2858266955555555,431.3571428571428,170.74763,31.0,23.699783401713134,165.57102999999995,5.1766,31.98451300019347,2.9033266681184084,0.601980714598252,0.2581160277305167
400,319,0.6006401896831812,0.999894827628624,7Networks_RH_SalVentAttn_Med_7-rh,rh,SalVentAttn,6.491606072125681,-2.784925786840172,65.25174341290437,0.3759361957454623,0.7596420068082723,0.5167939119486233,0.4501076838841159,0.4079110140810345,-2.580953341319664,84.95527224041557,82.01708145169783,2.938190788717733,3,39.986523783794674,0.0071270762030207,0.002146688638434,0.0652665163236762,0.0040927089103492,0.0022155219520255,-0.0113191498597447,-0.0010456331258603,-0.0028094650200788,-0.0090785263745832,-0.013363341779215,41.8439675,0.137554747442658,0.0032873256447856,0.8414232265998071,0.8974002358672621,0.1043214098039215,0.097659,1.0682211541905964,71.96530139922923,-0.015745,-0.011679,-0.041071,-0.031056,0.021324,-0.016904,0.012896,0.0025263,-0.028381,0.0098657,-0.023659,0.0055495,0.0086854,0.0019064,0.0023516,-0.034406,-0.011248,0.018218,-0.042862,0.0075871,1.0,1306.2248334630435,0.073799958951632,-0.1219783825050034,-1.1221441263466094,0.004862516002984,0.1747444052777777,525.0714285714286,0.3932752698404885,0.7575305327618151,2.0566502463054186,1.3274730389480174,0.5973399570176388,2.9638375907509205,-0.2985440497723058,16.41505352086566,0.9160184552333672,3,0.007482087578591,0.0081143708068032,0.9998946192349786,2028.7195786724408,0.093223315575781,-0.3346266426485033,-0.9691514778238056,-0.0127277355957929,0.3095208844444444,732.7142857142857,261.2445,42.0,30.285222316500622,239.0824,22.1621,10.787894648924121,2.170638802537324,0.6946227826176026,0.2610787978311505
400,320,0.6001141999561089,0.9998972136704024,7Networks_RH_SalVentAttn_Med_8-rh,rh,SalVentAttn,16.81648499379724,5.63756817630571,66.50696219428112,0.4555321570818534,0.6660382739518285,0.7519057967468601,0.613102761389243,0.5826239212426756,-1.6648861434558382,84.68162207148157,83.34086046389831,1.340761607583261,3,38.21290686367696,0.0748393360665045,0.0071790950858606,-0.0317689150202848,0.0014268895961136,0.0091449449993645,-0.0001635651594457,-0.0082273140391069,-0.0167329555873651,-9.412488261204557e-05,-0.0022153655987843,17.061490251,0.0735362772431204,0.0043100735141456,0.7897051983735015,0.8043908649854442,0.0425844318181818,0.0451510059701492,0.943155768268378,79.43596124054265,-0.039239,-0.029315,-0.034872,-0.019952,0.019393,-0.010982,0.02546,-0.0003312,-0.029027,0.012314,-0.02447,0.001178,-0.0026749,0.0021251,0.0031487,-0.021808,-0.0032157,0.03051,-0.052298,0.011667,2.0,680.7153296349363,0.0397409818338083,-0.2506225257488039,-1.0596312064675644,0.0119023360901173,0.1342611116388888,350.0,0.4224867965137259,0.6669631570240183,1.8497536945812807,1.2263576091043034,0.5864455432739286,3.4594316474860167,-0.5984505066184642,16.40291870428912,0.9234578044776636,3,0.0100827837276357,0.0109708068354915,0.999897020337441,773.488880908374,0.0469137494890082,0.065232801377546,-0.8804405351157607,0.0102411052473474,0.2858266955555555,431.3571428571428,181.96569999999997,31.0,39.150594784005904,116.2502,65.7155,1.7689920947086013,2.42029748348748,0.7616290448593744,0.31270014074081
400,321,0.6024948958433768,0.9999009196214924,7Networks_RH_SalVentAttn_PFCl_1-rh,rh,SalVentAttn,32.15586728276433,39.53848211614935,26.49043172801937,0.7340902761624463,0.7036705529899547,0.8809087611904629,0.7008010218708955,0.4985118831171226,-0.5059141063886249,57.8405036866947,71.0184160635557,-13.177912376861002,3,4.032714401966816,0.0405575401994895,0.0081342829112126,0.0718649786336801,-0.0305762863814884,-0.0469459076222977,-0.0239666681770254,-0.0009027545051177,0.0008073750801746,0.0057536895107576,0.0048258324925429,32.57849956,0.1205853397801228,0.0037013779458341,0.8285298752979906,0.9409475087332194,0.0810785833333333,0.0730347821097046,1.110136579863175,82.83962726739921,-0.072223,-0.041961,-0.017753,-0.028331,0.0026246,-0.0078395,0.035968,0.012654,-0.020099,0.021254,-0.020172,0.0026447,-0.0055002,0.0016547,-0.0034195,-0.021614,-0.0021614,0.023879,-0.048539,0.0049394,2.0,932.9491352098938,0.0532515345731403,0.1897106688188941,-0.9914454921698664,0.0137279132410836,0.3069669849999999,459.57142857142856,0.4272095754612524,0.7894096855687163,1.0517241379310345,1.01528422602644,0.5926496775558929,3.305798289054944,-0.3885150232912737,25.67639595367384,0.8809830731035778,3,0.0095714371509409,0.0085718213525727,0.999901157653679,1119.6901039523786,0.0571466781421021,-0.2374454281881608,-0.9492205270432909,0.0423285852164495,0.2018968541666666,514.9285714285714,189.186,31.0,45.26305910707776,111.8861,77.29990000000001,1.4474287806304438,2.395215658661039,0.6033119974849239,0.06411573795101116
400,322,0.5988126775737447,0.9999055463153456,7Networks_RH_SalVentAttn_PrC_1-rh,rh,SalVentAttn,47.79780671762865,2.261418284220232,39.861866790194846,0.0838677610174502,0.7565951138613051,0.2530891544154975,0.310761787081896,0.2929882648912424,-4.000210556508884,63.37621893319941,59.809506951800834,3.5667119813985693,3,23.23869458885084,0.0572676025982325,0.0058072493580509,-0.0300954669326502,0.005420630768382,0.0129413848220369,0.0188454511141855,-0.0010315811287802,-0.0026794968536281,-0.0013182215217449,-0.0080779386003675,15.93813704,0.0738526910369214,0.004633709124919,0.807988353829352,0.6833729880651541,0.0311688318181818,0.040812251005291,0.7637126346637862,79.28613773922318,-0.0049213,0.0089738,-0.044596,-0.036295,0.025203,-0.0010252,0.0022944,-0.011338,-0.028837,0.014374,-0.034489,0.0063013,-0.0038357,-0.0094051,0.020025,-0.02339,0.0077745,0.011535,-0.024701,0.0057839,1.0,1902.338904261453,0.0987233076412059,-0.097042776813714,-1.137322177269338,0.0204291529361313,0.2700585847222222,726.6428571428571,0.4956347037075408,0.7917496826865885,2.155172413793104,0.9841330023009508,0.5813023553776965,3.689942843853186,-0.727629431089363,17.10564571429937,0.9037598707836908,3,0.0106204913110039,0.0087137674017998,0.9999057174403294,773.488880908374,0.0469137494890082,0.065232801377546,-0.8804405351157607,0.0102411052473474,0.2858266955555555,431.3571428571428,151.55780000000001,26.0,34.758799721863525,117.8668,33.691,3.4984654655442147,1.829514251177961,0.7043548924828282,0.06353087732864952
400,323,0.6055288995419177,0.9998809730412,7Networks_RH_SalVentAttn_TempOccPar_1-rh,rh,SalVentAttn,56.839385596949136,-50.53383529395388,8.114580490562524,0.635482067347416,0.7936564533121147,0.7847440749845667,0.7216029491391455,0.6835454712261892,-1.4952025298618603,69.78318776638872,46.56846151290742,23.214726253481302,3,20.02889888252368,0.112688515980863,0.0115934531782737,-0.0595904096415616,0.0142856397786253,0.0256397267601487,0.0063774051084558,-0.0096760988593624,-0.0082421202651577,0.003115519543427,0.001974752789279,40.74320813,0.1339016776064314,0.0032864785016157,0.7894734199369099,0.5603231359491323,0.1337673260869565,0.0957386969266055,1.3972127284099447,77.6918829803973,-0.11404,-0.11698,-0.0017171,0.0014885,-0.016156,0.024301,0.042964,0.039399,-0.012239,0.019375,-0.016708,0.0040282,-0.0050516,-0.0014948,-0.0086137,-0.011668,-0.0034682,0.0082123,-0.034063,-0.0090713,2.0,1981.4500369398384,0.0874444326717454,0.0021926004255007,-1.2345593466000877,-0.0957081340928848,0.2556689091666667,810.0,0.2786437073670446,0.8070579815177047,1.2142857142857142,1.5702358428955077,0.5750443557133249,3.676918733115839,-0.7869016144303258,15.57500606952662,0.8805056129131327,3,0.0113821587803321,0.0062819536809149,0.9998811137960713,1502.0970615184035,0.070535780344473,-0.0025305539669951,-1.088022861256351,0.0697998554683565,0.1790060841666666,621.2857142857143,122.84370000000001,17.0,21.56847928663008,117.4459,5.3978,21.758105153548517,4.02409094993041,0.7416538145605336,0.19307949858234488
400,324,0.5991420468654096,0.9999003918145528,7Networks_RH_SalVentAttn_TempOccPar_2-rh,rh,SalVentAttn,48.91662306793791,-42.87915146740702,10.04337062687964,0.0714067768618956,0.7271061907843368,0.3973379493044797,0.3695423748147382,0.3392178740260004,-3.8962117126460623,60.898194355843366,38.03775599360095,22.86043836224241,3,18.889767816349888,-0.0218502879073971,0.0049043762762388,0.0002648023786397,0.00672197416053,0.024611003739766,-0.014972724185235,0.0320853755235324,0.019651717369009,0.0071539485231582,0.0039325897953488,45.213379,0.1467864109274104,0.0032465260100795,0.8314428901512134,0.7838563454703673,0.11559615,0.1144723894736841,1.009816868770722,75.11175586802975,0.0086785,0.018095,-0.060957,-0.047075,0.043325,-0.0051944,0.0080125,-0.01212,-0.033585,0.01185,-0.0089565,0.018056,0.036295,-0.018774,-0.003424,-0.0042281,-0.038692,0.0058248,-0.00017269,0.0064046,1.0,1413.393165400201,0.0713741208427277,-0.14833052305713,-1.1188317644827672,-0.0194804390957273,0.2977669394444444,535.0,0.4889791002034283,0.7648037060195018,1.623152709359606,0.9481485051890792,0.5860437829627937,3.4169452408907826,-0.5589592225551597,17.477236430962197,0.871714477063383,3,0.0069733980245577,0.005616804689073,0.9999005594687196,1746.8683598561934,0.0851258885949122,0.3994679293440413,-1.0438398378533134,-0.099145808385547,0.3126036102777778,748.4285714285714,97.499,15.0,16.92977444064576,97.499,0.0,974989999999.9999,4.0929594361927935,0.6656734217942486,0.2285572159714459
400,325,0.6043354510850047,0.9998850251918447,7Networks_RH_SalVentAttn_TempOccPar_3-rh,rh,SalVentAttn,58.09814796935924,-44.78331820751239,18.535297371133808,0.3051806280296576,0.6092485564191332,0.5992013808270928,0.6484319985974727,0.5383818634240864,-2.0859900946501475,70.83584104216129,49.52288115713614,21.31295988502515,3,24.556173884934,0.0847369554361619,0.0049352606350383,-0.0378581635367732,0.0247415885361458,0.0209492475177532,-0.0402263694514178,-0.012848463009494,0.0156976976080969,0.0078211154117634,0.0165261080418182,48.400171,0.1487284932177191,0.003072891895721,0.82907656417118,0.7504554066184588,0.1387955744680851,0.1127378536585366,1.2311355045427712,77.42345717799368,0.0070591,0.012823,-0.064366,-0.068518,0.050933,-0.049248,0.01231,0.0053924,-0.030425,0.033798,0.0013819,0.0044005,0.037087,-0.034108,-0.01027,0.025499,-0.035366,0.0037044,0.0046339,-0.0029183,3.0,1020.4482326681524,0.0553410420877991,0.0938291336720777,-1.0650235856964547,0.017571163296937,0.3061984286111111,471.3571428571428,0.3130955251669821,0.7873990634678243,1.4507389162561577,1.4623093292812297,0.5886770446566614,3.317648361932739,-0.4859851038408433,15.854628164227783,0.8783824502411254,3,0.0121072222398543,0.0061828842280782,0.9998851006581172,1931.599160166404,0.0932020066152289,0.1278031215584823,-1.1046934428780382,-0.1261408793232007,0.3204092152777777,727.0,107.40939999999999,16.0,17.803965999062356,107.4094,0.0,1074094000000.0,3.653908488064958,0.7253826094527146,0.34368221030933976
400,326,0.6020307652881793,0.9998945347776094,7Networks_RH_SalVentAttn_TempOccPar_4-rh,rh,SalVentAttn,54.739830735150505,-34.855605098672584,23.026261487589704,0.2497838074594482,0.8389771243631594,0.5868206927229889,0.3543339279588546,0.3782526781433573,-3.646003062163047,65.30550279875642,46.50318854002612,18.802314258730306,3,24.272438422155595,0.0921828246372174,0.0052189883786693,-0.0569443984528056,0.0284099047478621,0.037113439623084,-0.0233115795372692,-0.0082329377392792,0.0076357273064597,-0.0055778231903892,-0.0010071772029948,45.2618823,0.1447534209593819,0.0031981308245119,0.810375729492323,0.6280825205376561,0.1143923392156862,0.1085036379679144,1.0542719235283702,74.47590726922786,0.0019091,-0.020551,-0.062242,-0.029354,0.050679,-0.023167,0.015124,-0.0022395,-0.032158,0.014391,0.00094526,-0.00019471,0.032437,-0.02412,-0.0098718,0.0036134,-0.036922,0.010243,-0.0045223,-0.0067591,1.0,1734.378536152551,0.0852132093975724,-0.0515300877642647,-1.089988689679059,0.0090915889914834,0.1773964651388889,728.2857142857143,0.4147430405335164,0.8154037168738452,1.874384236453202,1.1549065894382204,0.5689297075386807,3.8490947839176735,-0.9220883399553396,15.952212206197958,0.8791492146892899,3,0.0122825487411646,0.0060568104575189,0.9998947391173216,990.6042600352577,0.0598010419580596,0.0350598059075249,-1.1065629797911896,-0.0538501635791657,0.1874733986111111,429.8571428571428,184.63330000000002,30.0,30.107790724304685,152.161,32.472300000000004,4.685870726728054,1.902426651541113,0.7014803381087461,0.34426184225705764
400,327,0.6024150579777402,0.9998892373657384,7Networks_RH_SalVentAttn_TempOccPar_5-rh,rh,SalVentAttn,57.69827638294981,-26.170714910608453,25.365206347647494,0.192807077958551,0.690167456448754,0.4438202619992228,0.4376506340314042,0.4353893060463014,-3.092155013574962,63.75876486025062,48.12716476199649,15.631600098254133,3,23.07033828177103,0.0047545561255875,0.02675889438781,0.0223239678282341,-0.0049805895344801,0.0347676322450121,3.0644115795421896e-05,0.0282312229111489,0.0228258784242558,0.0021994361022691,-0.0012361740358371,46.0172745,0.1467775143234879,0.0031896177233001,0.8326609282458614,0.7455017334674195,0.1115825277777778,0.1135784696969697,0.9824267572651773,76.92985654895855,0.0082145,-0.0060567,-0.059675,-0.050957,0.032589,-0.01884,0.013168,0.0090944,-0.018518,0.024271,0.007874,0.0054988,0.029209,-0.013728,-0.013214,-0.0016607,-0.025006,0.016421,0.0030297,0.012415,2.0,871.1069330965566,0.0479086455835167,0.1313984399658116,-1.2712247788382234,0.002530132989777,0.2595467861111111,403.0,0.3549197941739838,0.81221703998058,1.5467980295566504,1.315758186741273,0.5858287951302905,3.545308862704029,-0.6041830315418717,16.54075890840414,0.8858613088926494,3,0.0076883629495277,0.0059344929876004,0.999889401236432,2350.454191569507,0.1031606797444526,0.0206399544540658,-1.0735025663233342,-0.0289374469788756,0.2222931301388888,927.4285714285714,139.09009999999998,23.0,21.33369650640328,139.09009999999998,0.0,1390900999999.9998,3.002433908762882,0.49215782262451924,0.23507208636703836
400,328,0.6035253992863409,0.999887236613132,7Networks_RH_SalVentAttn_TempOccPar_6-rh,rh,SalVentAttn,59.34533298094891,-32.21774297913004,35.75224575922389,0.0473017575995152,0.7395006615883021,0.4853339210531338,0.3794285371650528,0.3450257833905512,-4.084223916760212,74.80442985626102,58.4130132610873,16.391416595173723,3,31.116670349273345,0.0338864659725958,-0.0094836802222666,-0.0315198594575672,0.0136140815514545,0.02136155272693,-0.0096420764701471,0.0126229753149697,0.0204877322993965,-0.0032442601310094,0.0014071002692792,30.31160494,0.1103652493061824,0.0036410229522415,0.8206129747793991,0.6820308897959229,0.0677325961538461,0.0754374156372549,0.8978647464509616,80.11788290644061,0.0071108,0.018193,-0.058066,-0.04734,0.045488,-0.0065312,0.0030269,-0.015009,-0.032216,-0.0032846,-0.011435,0.02545,0.025984,-0.012565,-0.00094858,-0.0060492,-0.030224,0.0023766,-0.011753,-0.0035352,1.0,1734.378536152551,0.0852132093975724,-0.0515300877642647,-1.089988689679059,0.0090915889914834,0.1773964651388889,728.2857142857143,0.3294512801706881,0.7500270716396145,1.692118226600985,1.4331929531953098,0.5667078223691482,3.972892013795049,-0.9610921342339908,14.24001968940396,0.8810020538274693,3,0.0111020090420204,0.00701325013121,0.9998873976628628,990.6042600352577,0.0598010419580596,0.0350598059075249,-1.1065629797911896,-0.0538501635791657,0.1874733986111111,429.8571428571428,145.7552,23.0,24.54582091423327,139.30949999999999,6.4457,21.612780613096902,2.260583238521923,0.7028421324491599,0.261466486272874
400,329,0.6033386674908193,0.9998882551371968,7Networks_RH_SalVentAttn_TempOccPar_7-rh,rh,SalVentAttn,57.98018251452363,-43.38525100004049,33.54077320859914,0.5162187403944897,0.6711525964211406,0.8143299991449385,0.8027508578648662,0.6451980428997807,-1.3951063529863024,78.71713186502365,59.32658200483241,19.39054986019124,3,33.140039225171634,-0.0167733726034142,0.0294433710146483,0.0237889882728751,0.0087731565014676,0.0344989597234191,0.0017747673632659,0.0207261058653707,0.0241185564304881,0.0089524792621348,0.0039230215057156,38.318202,0.1307496918626445,0.0034122084293595,0.8338017731980654,0.7756425317942967,0.1017836,0.0956951519607843,1.0636233686670815,80.12921928591005,0.021092,-0.0051953,-0.060488,-0.048499,0.018873,-0.027869,0.0071031,-0.003504,-0.016973,0.020132,0.012745,0.0012362,0.032994,-0.015499,-0.017097,0.0066156,-0.024204,0.01409,0.0029539,0.0092402,3.0,1948.931962782579,0.0892133916058015,0.0719828544810203,-1.2336329726478346,-0.1248190619697275,0.314713245,722.5,0.3451437118380818,0.7307704634647239,1.5665024630541873,1.351512746077792,0.5771237062997627,3.5602974914402283,-0.7448119975761507,14.803015448491935,0.8819708614198268,3,0.0099369798036358,0.007348988136281,0.9998882337816404,1957.79527246566,0.0914100125347372,0.0392109584823014,-1.182362995208876,-0.1278613056955015,0.3380469030555555,748.0,120.74119999999999,19.0,21.394898386225,120.74119999999999,0.0,1207411999999.9998,2.5771877968352044,0.7500510125372661,0.2579351538662859
400,330,0.6058102561952392,0.9998895643374608,7Networks_RH_SomMot_1-rh,rh,SomMot,54.16707049868234,-3.1325528045209343,-4.817231903234957,0.0952632234025044,0.7120108974282973,0.4999182712741395,0.4394116958706429,0.5764885841027915,-3.6942843723983945,35.487731805083925,31.95025056094541,3.537481244138519,1,-1.950573300584694,0.0604736193993643,0.0093185414871633,-0.0334644704053365,-0.0034857556118158,0.0020298727578377,0.0472053494677481,0.0174790993560466,0.0100638230871257,-0.0065032305530893,-0.0047415474646936,38.9784717,0.1298063643151415,0.003330206615433,0.8228084800472796,0.9669222264275478,0.0912192162790697,0.0978168163793103,0.9325514728683072,82.2992853989684,0.015207,0.016347,-0.051753,-0.057136,0.010792,-0.025915,-0.012444,-0.0065208,-0.023014,0.016769,-0.044325,0.019042,0.015296,-0.025193,0.0098901,0.0044861,-0.0089418,-0.00085755,0.0059119,0.001311,1.0,1502.0970615184035,0.070535780344473,-0.0025305539669951,-1.088022861256351,0.0697998554683565,0.1790060841666666,621.2857142857143,0.3652988314037422,0.7193254097712023,1.0369458128078817,1.0441469326012034,0.5991774102926177,2.972008192868819,-0.2717836629252769,26.89201765186996,0.910853975592748,1,0.0125478474323783,0.0090221532369141,0.999889580110798,1566.2104924519776,0.0745693788839891,0.2056257995643149,-1.0194433444972455,-0.0382741610402128,0.1374245230555555,654.5714285714286,100.1234,14.0,33.36605209840545,86.98919999999998,13.1342,6.6231060893954465,3.4955264021556274,0.6865745450872167,0.46194196361689677
400,331,0.5946163396695282,0.9999248555799932,7Networks_RH_SomMot_10-rh,rh,SomMot,40.146711502240336,-30.90476738529288,17.142110249696874,,,,,,,52.75048660788635,33.40238227808748,19.348104329798872,1,19.55669636540599,0.1050534345111568,0.0146147890323673,0.0109517853751205,-0.0373504657055905,-0.0492033900523204,-0.0134775547381692,0.0013167464739356,-0.0158985758100888,0.0242294642193519,0.0340265294922041,60.39409967,0.1457225930369623,0.0024128614191281,0.7421589657865839,2.736955052798081,0.1872523029850746,0.1181031861842105,1.5854974694286363,62.68456192660469,0.046212,0.01192,0.056627,0.027065,0.014806,-0.0095244,0.031912,-0.0017795,0.03023,-0.0050577,-0.010698,-0.035459,0.035719,-0.01736,0.018826,-0.011792,0.014819,-0.010303,-0.0058226,-0.011227,2.0,1360.3823808849563,0.0689615941644959,0.055495516408991,-0.9973143161164386,0.0035429259293746,0.1985823690277777,632.5,0.7304459739936179,0.8247369711974963,1.7167487684729064,0.5321596909838288,0.593143504165641,3.139420164624714,-0.4292973439683368,19.626000442018203,0.8901723641039553,1,0.0086645589125717,0.0071492471456293,0.9999250311405756,925.9117308541528,0.0543184166874429,-0.4545146898975477,-1.0208388081160713,0.019740514493199,0.3257377016666667,366.2142857142857,139.0978,23.0,24.325975936774057,133.6883,5.4095,24.713614936228602,3.2355146231357437,0.480350598661908,0.6172563476920554
400,332,0.6000415954377255,0.9999101836613576,7Networks_RH_SomMot_11-rh,rh,SomMot,49.124778318940926,-14.59144760785478,14.545440470234732,,,,,,,46.2666318031569,34.35358944508932,11.913042358067578,1,13.104698564497273,0.0778620377167151,0.0125755046613318,0.0567031381476592,-0.0469648706828622,-0.0666907100636705,-0.035393640894945,0.0012224589293989,-0.0056092574728723,0.0190617565497639,0.0281995374915217,65.70583830000001,0.1700790696257189,0.002588492499691,0.8026022349000331,2.269245841035358,0.2156731963636363,0.1470561960674157,1.4666039377089817,68.73724245865911,0.045916,0.0036076,0.045919,0.030363,0.019095,-0.014421,0.030005,0.00237,0.044782,-0.021761,-0.015768,-0.022977,0.032337,-0.016504,0.017422,-0.0030978,0.012255,-0.0029335,-0.0096947,0.0035431,2.0,925.9117308541528,0.0543184166874429,-0.4545146898975477,-1.0208388081160713,0.019740514493199,0.3257377016666667,366.2142857142857,0.567767009890356,0.8391366187456499,1.729064039408867,0.7566419030469835,0.5985790695387401,2.9516721711551783,-0.2878324743098827,22.274539757829725,0.8996935259764292,1,0.0125882111874756,0.0075445400235936,0.9999106655126676,925.9117308541528,0.0543184166874429,-0.4545146898975477,-1.0208388081160713,0.019740514493199,0.3257377016666667,366.2142857142857,116.658376,20.0,18.406095358869123,116.65837599999998,0.0,1166583759999.9998,3.71268545552855,0.4865539647841096,0.5819940095857326
400,333,0.6056541859312995,0.9998841367412692,7Networks_RH_SomMot_12-rh,rh,SomMot,59.36088851699255,-2.1840281121591505,9.89366909256555,0.7088906512898454,0.1539959971643746,0.7482172916018762,0.8312294464173894,0.2824925984220485,2.4509745078179987,47.03333891950121,42.19297250986627,4.840366409634939,1,6.591409889187076,0.0662743099102285,0.0211649593195793,0.0696533132814722,-0.0626887522023711,-0.0446539467104475,-0.0149194446257158,0.0242000190311682,-0.0118977768936711,-0.0087271538553714,0.0050569278476942,83.812792,0.2088414566338383,0.0024917611220204,0.8236574558739465,1.6479706948755963,0.2395384772727273,0.2038691402714932,1.1749619233015691,80.71037274505736,0.065627,0.05656,0.068368,0.062582,-0.0010436,0.007634,0.035873,0.0092589,0.0023336,0.019921,-0.0040091,-0.019084,0.035815,-0.007229,0.0067494,-0.0013521,0.023576,0.002272,-0.0090505,0.000367,2.0,1966.06096435374,0.0927119024222743,0.0926245313161892,-1.3299076635853453,-0.1279350812216028,0.3455494238888889,764.9285714285714,0.322797259276974,0.7763697119256805,1.438423645320197,1.3143778897041782,0.5832622920928419,3.3972071590012507,-0.5800872907483806,21.82529121836597,0.8978555518286959,1,0.0143910784659946,0.0091764305221883,0.9998843493218464,1889.291679145624,0.0952257551601949,-0.1473193712392641,-1.1681845746248358,-0.0421003536284593,0.3030075305555555,691.0714285714286,124.40549999999999,19.0,24.14736214317496,124.40549999999999,0.0,1244054999999.9998,3.4466503266184554,0.46588255352643215,0.6771822789185366
400,334,0.5983911095792317,0.9999105676569876,7Networks_RH_SomMot_13-rh,rh,SomMot,47.57107659748623,-25.19497849016773,17.386464291689347,,,,,,,52.5207443060632,35.68724035652956,16.833503949533643,1,17.990372122063928,0.0325972838671121,0.0182331557259212,0.1024518022206153,-0.0425756223052779,-0.0189395209198485,-0.0237824380141204,0.0078661729125702,-0.0040012243805612,-0.0129326161680996,-0.0038071913514337,89.42736380000001,0.2350871593938586,0.0026288056519183,0.8312242629433289,1.2636733018646775,0.2681911929824561,0.2142002461988304,1.252058284789752,69.33100907755927,0.054629,0.052057,0.062482,0.060187,0.020817,-0.013416,0.034694,0.03611,0.039025,-0.021977,-0.020829,-0.024233,0.028945,-0.020542,0.013444,-0.0068587,0.0090431,-0.0036622,-0.008165,0.0095491,2.0,925.9117308541528,0.0543184166874429,-0.4545146898975477,-1.0208388081160713,0.019740514493199,0.3257377016666667,366.2142857142857,0.5700460499991604,0.8452314918669874,1.7315270935960592,0.7763740146060842,0.5834338058816462,3.5184587222774266,-0.626830448587799,20.976870544860382,0.8865627673887778,1,0.0073621745315584,0.006255863304673,0.999910877121226,2017.270472693238,0.0952972133999696,0.202135859122645,-1.115150178166795,-0.1407299410587331,0.3257229277777778,825.5714285714286,113.79610000000001,19.0,18.405608177469123,113.7961,0.0,1137961000000.0,3.691417780750634,0.4799050338247095,0.6489870918247637
400,335,0.6047862793684675,0.9998836548918963,7Networks_RH_SomMot_14-rh,rh,SomMot,62.31803682872227,-15.638313655342374,16.307944854668207,,,,,,,56.46452458932748,44.70001903178171,11.764505557545768,1,14.476261009403636,0.0540581816265395,0.0128885414095027,0.0883644717119782,-0.0453709997246934,-0.0560345024059583,-0.030387774437568,0.0021517094490998,-0.0009202549526979,0.0044230041866632,0.0101811400999974,73.85022599999999,0.2029923320407103,0.0027487029225941,0.8277407599427937,1.6950958934995224,0.2288372553191489,0.1657877932692308,1.380302196371592,77.20068235507811,0.053158,0.034137,0.057842,0.028604,0.016921,-0.0090227,0.034081,0.013101,0.03811,-0.0094336,-0.01652,-0.051639,0.034706,-0.022724,0.017237,-0.01152,0.012911,-0.015968,-0.0098014,-0.00023654,2.0,2061.011430234087,0.0956010212646889,-0.2185964655413752,-1.0998690054167308,0.1433412273031762,0.3271699102916666,829.1428571428571,0.2886433249885634,0.7910152199133137,1.6477832512315271,1.4853742703571808,0.5889696889502725,3.301343128512127,-0.4742463895633039,21.35187710254944,0.88743522235012,1,0.0090874497490664,0.0081421243775111,0.9998839447336274,926.618929226033,0.051571658386542,-0.6118419304030701,-1.056266272756179,0.0217237685885547,0.3289606319444444,336.6428571428572,108.81649999999999,17.0,22.680454934052896,108.8165,0.0,1088165000000.0,3.731931315884161,0.5918204966315153,0.5203438816723567
400,336,0.6039468160921005,0.9998852199698658,7Networks_RH_SomMot_15-rh,rh,SomMot,59.97977982723352,4.343431564284996,31.272222819472805,,,,,,,62.21200497119714,59.05755028666074,3.1544546845363968,1,17.460304222398186,0.0709220111311655,0.0175591530215604,0.0718677522917529,-0.060734208128696,-0.0620131192464769,-0.0285690741426802,0.0152018356700967,-0.0087767884696146,0.002186348013441,0.0150642255924371,81.4901732,0.2047457937543615,0.002512521273597,0.8195023977107561,1.8602816913206297,0.2725384736842104,0.19037401,1.4315949616286956,80.98778836122112,0.061721,0.040386,0.072203,0.055993,0.013375,0.0042408,0.036046,0.0082838,0.017799,0.013747,-0.014705,-0.018,0.028946,-0.0065275,0.010089,-0.0031045,0.014026,3.9857e-05,-0.0061856,0.0019374,2.0,1782.1660029924883,0.0859673401001647,-0.1195539085733985,-1.0960252158441082,0.1524463022854391,0.3022861836111111,791.0714285714286,0.3320668946941925,0.6173745327458309,1.9334975369458127,1.4279144642072168,0.5869618347790253,3.38793544630132,-0.5654823516449118,18.817967605944443,0.8829939077340972,1,0.0145943526016492,0.0095282481327856,0.9998855128196844,1889.291679145624,0.0952257551601949,-0.1473193712392641,-1.1681845746248358,-0.0421003536284593,0.3030075305555555,691.0714285714286,101.313556,20.0,30.199500912699946,92.207656,9.1059,10.12614414818825,1.86483791105413,0.5259482735804377,0.6556314734427049
400,337,0.6010996905252299,0.9998959451993594,7Networks_RH_SomMot_16-rh,rh,SomMot,55.97383255349066,-8.665662223994998,28.3367738426692,0.4060962184785106,0.5429998295597092,0.567157369478567,0.5306192476590751,0.5342924615096672,-1.2183965115739726,58.83652698869665,50.37914096712994,8.457386021566705,1,19.601762972800017,0.0861850293741779,0.0136174435459607,0.0377481902485146,-0.050002373035665,-0.0565892631013915,-0.0313600310411955,0.0085467270562479,-0.0225730560404613,0.0074983835190551,0.0217808702881058,52.77409385,0.1454183211368802,0.002755486840758,0.7918721967895734,2.2996652342706008,0.1946997591836734,0.1227779228643216,1.5857880185858153,73.73949445405312,0.015358,0.019089,-0.060263,-0.057062,0.038984,-0.041904,0.012033,0.0023772,-0.011426,0.033447,0.017028,0.009917,0.040579,-0.028318,-0.019319,0.019339,-0.022967,0.00056509,0.016249,-0.0021594,3.0,1948.931962782579,0.0892133916058015,0.0719828544810203,-1.2336329726478346,-0.1248190619697275,0.314713245,722.5,0.4193125019889944,0.7863363495185466,2.061576354679803,1.1800676477915963,0.5944845599491192,3.2218642231055226,-0.3828105614371641,19.093134140870244,0.8965424085092191,1,0.0096997509004676,0.0088298508980541,0.999896321077565,2312.4277631960745,0.099471237963973,0.0323369676983174,-1.1338976694815246,-0.0733014842095116,0.1914719197222222,934.5,128.78769999999997,21.0,22.74951676219865,124.8803,3.9074,31.959947790552288,2.600266206518535,0.47511292059085763,0.6933169860165218
400,338,0.6021536944460495,0.999891066981994,7Networks_RH_SomMot_17-rh,rh,SomMot,58.6717884288666,-19.05908757287103,32.782994581967664,0.5352257225908014,0.5764350088701113,0.5730676818834363,0.6515308791049426,0.5566304003734969,-0.7707607651407531,66.74918819713875,54.28775668002156,12.461431517117193,1,25.387523021041908,0.066813593696192,0.0198522852459342,0.0654617844487076,-0.0617279056301949,-0.0432148876866028,-0.0266939548932956,0.0237873699088038,-0.0165608942476985,-0.0111580150800882,0.006413183815347,82.7656624,0.2083885584592601,0.0025178141806185,0.8239904212051394,1.677768723038558,0.2756793529411764,0.1935703132653061,1.424181984046872,75.54119548541786,0.021156,0.01575,-0.045864,-0.029909,0.014224,-0.018377,0.0081513,0.0083002,-0.00030722,0.0094,0.018069,-0.020075,0.033257,-0.021487,-0.0086476,0.0013411,-0.0056671,-0.016469,0.01188,-0.0041209,2.0,2149.877344304916,0.0988497831757993,0.2297788509090701,-1.1113979239695702,-0.1477543084341798,0.3465086022222222,848.9285714285714,0.3673094715207547,0.7562854939302066,1.8891625615763548,1.3260249383772853,0.580408992834621,3.729208110620226,-0.7538494006666824,15.700111248236878,0.904288471716134,1,0.0100556595138565,0.0079210927374321,0.9998912345864848,2312.4277631960745,0.099471237963973,0.0323369676983174,-1.1338976694815246,-0.0733014842095116,0.1914719197222222,934.5,114.4613,19.0,21.27891874676422,114.46129999999998,0.0,1144612999999.9998,3.128886864841543,0.5162230616210131,0.6499961122230833
400,339,0.5968532153383642,0.9999154532033214,7Networks_RH_SomMot_18-rh,rh,SomMot,47.22718268174391,-10.461100134712,36.27267553714606,0.0653844558370692,0.592486893549132,0.233798142144166,0.209977330996902,0.1826970452207546,-3.171314197798816,61.57156383530127,52.82921888530744,8.742344949993836,1,24.901935362701234,0.0484873339943162,0.0015751376555202,0.035403720449513,-0.0012399964455596,-0.0410852300131446,-0.0293691991855904,-0.0141797256488261,0.010771100511132,0.0279688130435979,0.0174997461554371,60.533361,0.1745305722918563,0.0028832129822027,0.8406889153317476,1.2300214161724383,0.1718058461538462,0.1480869314285714,1.1601688574437,72.49861035030517,-0.0061549,0.00020949,-0.049115,-0.042583,0.034401,-0.024153,0.010559,0.00099559,-0.020785,0.010783,-0.012146,-0.0031749,0.00025617,0.012337,0.0048141,-0.020554,0.0048108,0.0075757,-0.022153,0.013229,1.0,1012.3193479442256,0.059698261980757,0.1362826399448391,-1.1849609110690411,-0.1406079978838285,0.3534571905555555,394.7857142857143,0.6028572498246932,0.8196951433753726,2.793103448275862,0.7922962756447554,0.5740653318161211,3.94835229798868,-0.8816988650104436,17.872150740327555,0.9037757222387424,1,0.010213356906551,0.0088160566379791,0.9999156226722876,1952.7345680694373,0.0934537390438683,0.2054561645062977,-1.010567496605938,-0.110970368890333,0.2555085888888889,778.0,104.05409999999999,17.0,23.293334506840715,100.4182,3.6359,27.618526361351563,2.894644652862743,0.3506785931155486,0.7899842485783838
400,340,0.5992578594435997,0.999905517794423,7Networks_RH_SomMot_19-rh,rh,SomMot,51.366038976571495,-22.07235040114476,40.97237098522675,0.608004433876418,0.6830190194094536,0.7847492648727061,0.716102028525188,0.5911905979833016,-1.010231493401954,70.85105673335299,57.93391495002109,12.917141783331909,1,31.20512771147948,0.0590680084199619,0.0075501472971927,0.0564512546315067,-0.0273817033943822,-0.0625822015913796,-0.0270052149231057,-0.0092200118098561,0.006516643176817,0.0273386573270706,0.0218495484458776,46.984927,0.1465945726041721,0.0031200340612184,0.8300185325304713,1.726761084667429,0.1664882327272727,0.1096349536842105,1.518568914207452,70.98257458246115,-0.082548,-0.079509,-0.013628,-0.01073,-0.0018905,0.011683,0.039726,0.024372,-0.017026,0.019991,-0.018676,0.005883,-0.0065872,0.0027388,-0.0063813,-0.023349,-0.0021465,0.022099,-0.045391,-0.0063346,2.0,932.9491352098938,0.0532515345731403,0.1897106688188941,-0.9914454921698664,0.0137279132410836,0.3069669849999999,459.57142857142856,0.498092536451294,0.7999483492679579,3.044334975369458,1.0170424075322866,0.5618856810368292,4.421693655431308,-1.0705963350268604,15.373873310093742,0.9015531370593444,1,0.0115403380140113,0.0087201411462387,0.9999056148918336,1119.6901039523786,0.0571466781421021,-0.2374454281881608,-0.9492205270432909,0.0423285852164495,0.2018968541666666,514.9285714285714,117.9083,20.0,20.866550770357822,117.90829999999998,0.0,1179082999999.9998,2.893133890057728,0.630439360838879,0.5105357298850038
400,341,0.6078726545673432,0.9998771353647712,7Networks_RH_SomMot_2-rh,rh,SomMot,62.27627736473283,-24.248087418615007,-1.573212818450381,0.4522394854271231,0.4604227408211847,0.6020120349471876,0.7407336547268198,0.5121335855632468,-0.5286451302843376,51.86494286392812,36.0780726706627,15.786870193265422,1,6.330498534514273,0.0764276863565674,0.0116894728088366,0.0487602077946582,-0.0479965557255701,-0.06250487111723,-0.0400031011885501,0.0045550404621736,-0.014850033361076,0.0131851170592091,0.0262797881432923,58.5798375,0.1597295599303259,0.0027266985834512,0.8048626073257997,2.19914274924864,0.1877585555555555,0.1323465504310345,1.4186886987396568,80.00200966503293,-0.11712,-0.099903,0.00075599,-0.0090027,-0.017745,0.013034,0.041525,0.036512,-0.0082821,0.020088,-0.013707,0.0059102,-0.0031742,0.00055375,-0.010969,-0.0071966,-0.0015814,0.013741,-0.028072,-0.0067854,2.0,674.596221618697,0.0388571402623532,-0.6382468464874097,-0.983686138110321,0.0204872866230732,0.3283501333333333,270.6428571428572,0.2407233226437033,0.7525496709120286,1.167487684729064,1.601689503566442,0.5627780909954163,4.256047912932726,-1.1536922608115483,23.65071749709692,0.8528846662238634,1,0.0144638629699283,0.0066639155727837,0.999877217634588,1652.0918403311869,0.0793202066594791,-0.27895231435055,-1.0682836809467446,0.0188430438714895,0.2662724944444444,645.2142857142857,129.1084,20.0,29.22736724942301,104.5387,24.569699999999997,4.2547812956436,2.4138571372349213,0.6802345300483487,0.339699043594375
400,342,0.595229011214433,0.9999197121765928,7Networks_RH_SomMot_20-rh,rh,SomMot,10.85787755087762,-16.374574887003874,42.29369466047548,0.6577067246235841,0.7314313309799083,0.8225549503120513,0.5535542096125678,0.5972841352755831,-1.0371467901423803,64.611143081577,57.05086633168328,7.560276749893717,1,30.28858926238645,0.0922769986001123,0.0148048432772905,0.0283690792805404,-0.0437765135907027,-0.0588122976316719,-0.0068591198430224,0.0063931127951143,-0.0063075369389385,0.0243365652208151,0.032106663718931,76.243381,0.1960425767798395,0.0025712733906643,0.8148725608622157,1.781558142910758,0.2012036857142857,0.1689494691358024,1.1909104338970495,60.01943906028447,-0.1434,-0.13499,0.011968,0.0079689,-0.03183,0.033406,0.04354,0.043816,-0.0020669,0.017532,-0.012116,0.0076748,-0.0033655,-0.0040634,-0.010303,-0.0072871,-0.0050493,0.0029119,-0.011992,-0.00941,2.0,1868.8454498849164,0.0926663462879943,0.0991604697108349,-1.304025058851473,-0.1365114172468638,0.3573903294444444,717.6428571428571,0.6231596371393757,0.8294577461678705,2.6773399014778323,0.7605114090949131,0.5610603954396786,4.386357827068261,-1.1301043575184766,18.482865016716406,0.9170836801184288,1,0.0087197909792898,0.0070649086394426,0.9999196119674032,653.5333163317349,0.0384497707250506,-0.0647186255076874,-1.062322927361742,-0.0053850160876874,0.3232354805555555,376.0,123.90960000000001,23.0,22.84343122383117,123.90959999999998,0.0,1239095999999.9998,3.43322605866167,0.7122348372050742,0.32586821360088325
400,343,0.5979597763048123,0.9999094602295576,7Networks_RH_SomMot_21-rh,rh,SomMot,49.64813986717754,-15.760309406637786,47.72572051218269,0.7636622723107499,0.7904423727534231,0.8694148344673153,0.5427007677448119,0.5933125246260684,-0.846823515756056,73.99161981472376,63.66929108083178,10.32232873389198,1,33.36352512930095,0.0033374772032786,-0.0066271851789736,0.1033674378611518,0.0263638693873379,-0.0033080359409725,-0.0037182208614515,-0.0187272754013029,0.0015315607399733,-0.0095321482376932,-0.019872702082223,76.40629200000001,0.2255897970316971,0.0029525028780535,0.836691849222478,0.924168220491304,0.2279432978723404,0.1898015076923077,1.2009562016850246,74.98651259472271,-0.13187,-0.11227,0.011026,0.0088493,-0.027584,0.025758,0.038866,0.043666,0.0023028,0.011161,-0.010032,0.0038528,-0.0021294,-0.0039036,-0.010156,-0.0080703,-0.0051552,0.0029972,-0.0093895,-0.006903,2.0,1809.9937556675588,0.0859538739054326,-0.0158227858165861,-1.0981055095455954,0.1381642724936262,0.2653321001055556,780.4285714285714,0.5087661904315575,0.7658250408374134,4.596059113300493,1.0405775393557846,0.5574836512080933,4.439989851753305,-1.1710837047597245,18.81950109588328,0.8906167621388016,1,0.0100866758013392,0.0083446853481239,0.9999094499088466,2039.9625116381155,0.0916115171402662,-0.2374428973360669,-1.079096952888256,-0.017668394409462,0.3041703027777778,732.2857142857143,109.82400000000001,17.0,23.214235433869767,103.6329,6.1911,16.739012453090098,3.216061170386866,0.126026101925788,0.9336775203962703
400,344,0.5972880102476937,0.9999174553412354,7Networks_RH_SomMot_22-rh,rh,SomMot,41.20006065468514,-12.802968873091393,46.234237665905376,0.7002028697953838,0.739988709477873,0.8018335668423696,0.4951491039429627,0.5352566636925393,-0.8761215910669843,69.11598498620765,60.1437053635558,8.972279622651847,1,31.581433261470643,0.0436887558707239,0.0058695384563386,0.0942115792482526,-0.018161960392688,-0.0590111005066059,-0.0195281120729071,-0.0130987678411997,0.0101023227751912,0.0131405656494536,0.0002313494559801,78.0851844,0.2159376037723162,0.0027654106913018,0.837176818612249,1.3882794766175304,0.2728645178571429,0.1867733494047619,1.4609392538103303,68.83791809494967,-0.14512,-0.12491,0.013467,0.0054567,-0.031907,0.029138,0.039705,0.04265,-0.00060272,0.016181,-0.010711,0.0048566,-0.0015502,-0.0015693,-0.01002,-0.0069573,-0.0028529,0.0017508,-0.008341,-0.0073734,2.0,1809.9937556675588,0.0859538739054326,-0.0158227858165861,-1.0981055095455954,0.1381642724936262,0.2653321001055556,780.4285714285714,0.5627963826106446,0.823630403258101,5.660098522167488,0.9348170487946657,0.5563838299900873,4.409302461694031,-1.184050952681635,16.133759907855566,0.9073812345247874,1,0.0147919465988954,0.0088280407833553,0.9999173666682968,1782.1660029924883,0.0859673401001647,-0.1195539085733985,-1.0960252158441082,0.1524463022854391,0.3022861836111111,791.0714285714286,140.0978,23.0,26.023936571110795,122.0081,18.0897,6.744617102512786,2.194724939297177,0.49745336847325783,0.6757358074145345
400,345,0.5970094881201277,0.9999136492025122,7Networks_RH_SomMot_23-rh,rh,SomMot,46.0530230812598,-28.567303431632222,53.83086544379609,0.7259226948341939,0.5381960568044858,0.4159403112278136,0.5927298291395166,0.4232238815050512,0.3813706308276289,82.45514175938551,68.79689800813219,13.658243751253323,1,40.86871029576732,0.0289743957614893,0.0253109080004244,0.0851464902339832,-0.0499894130722737,-0.0010821748114891,-0.0287006191503322,0.0257601219343695,-0.0111233959504875,-0.0237215358105477,-0.0139881025944083,89.2806655,0.2250077398578323,0.0025202291962931,0.8355676570766758,1.2101825956683567,0.2697372083333333,0.2126178089005235,1.2686482360123892,74.53408138933216,-0.13994,-0.14347,0.016201,0.015155,-0.030841,0.036177,0.030359,0.034623,0.0050359,0.010877,-0.0050489,0.0070506,0.0014658,-0.0064886,-0.0092845,-0.00039207,-0.00099369,-0.0056468,0.0021709,-0.0065043,2.0,712.9553952075512,0.0419009239863544,0.1977125854818555,-1.0183135446691136,0.0104891791551308,0.3117441752777778,448.2857142857143,0.5369039203937497,0.7825668987624625,4.687192118226601,0.9875828959499924,0.5572545500330787,4.3241152730374965,-1.130241089704007,15.188652796258005,0.8893198945213424,1,0.0107703567013651,0.0088637856829687,0.9999137855150212,1854.6996330643103,0.0871067257469524,-0.2029709672634014,-1.0801016186690704,-0.0138445281925741,0.3003507011111111,679.7142857142857,161.23270000000002,25.0,26.688853067023814,143.89099999999996,17.341700000000003,8.297398755552813,2.434988521435176,0.44231961597752467,0.7113209665285019
400,346,0.5982412389302875,0.999908885766014,7Networks_RH_SomMot_24-rh,rh,SomMot,7.458931906394709,-9.311182114533056,49.57925182666654,0.8120615209412088,0.7417219739959215,0.6332212201854472,0.6132000184064872,0.6083576748612545,-0.3357376048050107,70.39591968318294,65.78898510956695,4.606934573615988,1,32.54090573035984,0.0164977637769632,0.0053080758171082,0.0383520825377985,0.0207243491673672,0.0189473513756065,-0.0309344733817275,0.0217152820109308,0.0285433155436468,-0.0026099187853688,0.0008098190455062,94.386117,0.2378883939079271,0.0025203748333843,0.8375742462736381,0.9904090421849632,0.2327892063492063,0.2330072211538461,0.9990643427123562,63.63038104415798,-0.10885,-0.11785,0.012657,0.01423,-0.016173,0.015909,0.0072909,0.0065827,0.011981,-0.00501,0.0060371,-0.0025916,0.0025468,0.0012044,-0.0038582,0.014667,0.006057,-0.0045358,0.010012,0.019399,2.0,1080.463225761165,0.0568720729981102,-0.2404921706634691,-1.0660030098853983,-0.0182171722040072,0.2678361222222222,417.5,0.5310194195645095,0.8214350877439288,1.908866995073892,0.9518235532171152,0.5734671094915167,3.5185848571092664,-0.7959315435652147,18.50994789659917,0.9121907582445626,1,0.0087792961615668,0.0077834215380106,0.9999086831796078,1134.8249321664848,0.063358397659927,0.0852071746218031,-1.3585609259298077,-0.0957222631093227,0.2905553779166666,490.6428571428572,198.1014,32.0,23.300877839636843,198.1014,0.0,1981014000000.0,2.9305005166950195,0.668277312950318,0.38196146014111965
400,347,0.5960985588843196,0.999926492822138,7Networks_RH_SomMot_25-rh,rh,SomMot,38.75372867638569,-22.786434736007298,51.48008764435423,0.5962841193691202,0.471185381614953,0.7936771518876216,0.8329854988139027,0.8586413144406105,0.1194152756815083,76.32616254925614,64.44477035662585,11.881392192630289,1,37.72398300741472,0.0559385992618778,0.0023948452534173,0.0287236550939922,0.0101422344444714,-0.0390133754706916,-0.0124030359677723,-0.0225367571331683,0.0221071587028424,0.0365474569867944,0.0170566897151034,65.451472,0.1809712448276737,0.002764968293263,0.8408117149372474,1.2658532852035873,0.196525737704918,0.1615936470588235,1.216172424846388,70.98338462984036,-0.15593,-0.13388,0.02324,0.015911,-0.039245,0.035133,0.029755,0.038594,0.0027232,0.011764,-0.0069635,0.0058831,0.0038287,-0.0072347,-0.0076683,-0.0024081,-0.0047088,-0.0048595,0.0093367,-0.0084116,2.0,1020.1307018656428,0.0576525261305215,-0.4760527737415516,-1.062465277950417,0.0195547750335101,0.3149506169444445,365.1428571428572,0.6235204931580783,0.8406299382568082,6.16256157635468,0.8314241254504284,0.5563632701344576,4.305708118255884,-1.1710062728744173,14.575706566475644,0.8781795929324647,1,0.0130996648788761,0.0093811109114969,0.9999266677425868,1348.7112597669757,0.0714016887952982,0.2631653415094667,-1.1682666984625871,-0.0976469859859164,0.3160779222222222,614.2857142857143,108.4321,19.0,22.319217608059237,94.5781,13.854,6.8267720513438235,2.5324155601044325,0.35506930937841774,0.7856649460814649
400,348,0.5995777159507977,0.9999192205892974,7Networks_RH_SomMot_26-rh,rh,SomMot,35.22973374826177,-19.34261807082767,59.3431970309482,0.8276492713841657,0.6429867970792023,0.640227525695604,0.4697062755815316,0.3035653887213517,0.294310662258245,81.86497297634992,71.71159574063496,10.153377235714956,1,41.40870363981722,0.0631557993542192,0.0172785075242893,0.0732733168009029,-0.0603086577979834,-0.050082665384771,-0.0336636659373214,0.019463519936801,-0.0131937951280392,-0.0073823198745079,0.0095043892447404,89.20563579999998,0.221229436875519,0.0024799939475939,0.8277868919183997,1.6128350787937435,0.2986626326530612,0.2073289211111111,1.440525667660954,70.72104103751522,-0.14812,-0.14214,0.02128,0.017716,-0.034153,0.030705,0.023437,0.02172,0.0076213,0.0020647,-0.0025153,0.0029164,0.0027843,-0.0042657,-0.0057688,0.0098918,-0.0016333,-0.010272,0.011099,0.0061509,2.0,712.9553952075512,0.0419009239863544,0.1977125854818555,-1.0183135446691136,0.0104891791551308,0.3117441752777778,448.2857142857143,0.5270864068510208,0.7900719791726265,6.955665024630542,1.079176688925546,0.5626968416615576,4.076141901822817,-1.002665656302806,13.2944612316185,0.8633282319115501,1,0.0144976207308535,0.0102421729516681,0.9999190697520428,928.7080967068656,0.0535033796289227,-0.2113119916034496,-1.3810568107021466,-0.0192346398964968,0.1322208659166666,391.9285714285714,196.25960000000003,29.0,29.954821902957782,158.79640000000003,37.4632,4.238730273964214,2.2996530888176454,0.44742364172835336,0.7196626305159084
400,349,0.5987125530171716,0.9999159465761976,7Networks_RH_SomMot_27-rh,rh,SomMot,31.363481462422143,-36.75099741151538,59.3115878730634,0.8669671146784356,0.6719927607057676,0.6806354095038496,0.5518374050194923,0.5729545713523245,0.3250953974618337,87.8942557542008,73.32974489800368,14.564510856197115,1,46.61225194729265,0.0418285848381498,0.020889673860299,0.0798843821594376,-0.0504229147906793,-0.0224569816965883,-0.0329480021606102,0.0212989934990506,-0.0076709308303074,-0.0128346004618233,-0.000464171310496,85.095495,0.2190766603844476,0.0025744801224105,0.8345970268440306,1.3539399795166676,0.2614968070175438,0.2036250804597701,1.284207261201238,70.88374955837033,-0.075811,-0.08681,0.0089301,0.012927,-0.0015784,0.0092391,-0.014101,0.007532,0.013835,-0.0079225,0.013096,-0.0066513,0.010019,0.0085722,-0.003327,0.012695,0.012672,-0.009748,0.0093216,0.023475,3.0,956.5196635023592,0.0564985034555439,0.2874838265657095,-1.0476844465255606,0.0092093775070327,0.2733984616666666,468.4285714285714,0.5538181647245233,0.8165687194806832,4.704433497536946,1.011244092100448,0.5580716617609136,4.190399663602251,-1.1519205001823345,12.879244932111035,0.8766501846834646,1,0.0129593507398749,0.0081955853355662,0.9999157684531448,961.6424976743348,0.0504687941595204,-0.5092950266818288,-0.939656546844052,0.1415899246535892,0.3121119897222222,430.7142857142857,145.53939999999997,23.0,27.736022238826948,124.30229999999997,21.2371,5.853073159678801,2.3693113589928596,0.4574762132670436,0.6996785750113029
400,350,0.5974369306865492,0.9999169015821276,7Networks_RH_SomMot_28-rh,rh,SomMot,29.776935271342367,-42.28359443751994,58.28797455161895,,,,,,,89.56844811349552,73.75713827544725,15.811309838048274,1,47.65786306222735,0.0558110651211454,0.0069189522482236,0.0752481642784105,-0.0194583883070232,-0.0651729594467997,-0.0153752551304607,-0.0132227172365013,0.0150381326640579,0.025056744861963,0.0128796361596878,82.234381651,0.2182210902385514,0.0026536478521162,0.8384181626595568,1.4205697506715864,0.2695419016949152,0.1970878369942196,1.3676232164750897,70.70760131911486,-0.15172,-0.13808,0.025616,0.019076,-0.036592,0.034922,0.0176,0.032177,0.0062895,0.0045574,-0.0016732,0.0070853,0.0065925,-0.005756,-0.0047996,0.003527,-0.0031814,-0.0091358,0.016382,-0.0054466,2.0,819.7400780464229,0.0456147748612438,0.3017428583540823,-1.1875784890787109,-0.0038645011256175,0.2763131141666666,392.4285714285714,0.588767161942032,0.8362255783201807,4.467980295566503,0.9252362383823428,0.5566173366125915,4.233893560105201,-1.1561473459026914,17.557122705572727,0.8580343234871176,1,0.0118686066086966,0.0056175592703424,0.9999167707281444,931.873715812514,0.051830270819043,-0.3671986981637258,-1.0759579826403802,0.0159435932302307,0.3112935625,354.0,158.905,27.0,29.694705812033817,126.97260000000001,31.9324,3.976293670366223,1.8541601558394802,0.6198494536415962,0.48187911016015855
400,351,0.5982255263382841,0.9999205123202126,7Networks_RH_SomMot_29-rh,rh,SomMot,32.21193271912869,-28.384141826029843,58.18446229538828,,,,,,,83.40916320708334,70.80884802821062,12.60031517887272,1,43.42591992504192,0.1091798059659676,0.0131178928804133,-0.0070439408544459,-0.0219872404795054,-0.0309435026742684,-0.0254150782522572,-0.0060765480922826,-0.0131994227288101,0.0232555976147787,0.0360634260483953,72.049251675,0.1789268101091609,0.0024833958153516,0.7858930014329925,2.101194510175916,0.2060330862068965,0.1657813550872093,1.2428001084575089,68.87741561362428,-0.11401,-0.12617,0.023212,0.018718,-0.018673,0.02009,-0.012603,0.00040853,0.011818,-0.0069838,0.0086158,-0.0014424,0.010923,-0.001659,0.0010401,0.013554,0.0033607,-0.0090706,0.015725,0.014961,3.0,1614.7175797092889,0.0766259200535267,0.3578822523939509,-1.134988718803861,-0.1140482166439852,0.3367940555555555,720.5714285714286,0.5716797091911392,0.7761465655729405,5.480295566502463,0.9566703737865352,0.5587558901878467,4.313303194151411,-1.161679614981577,15.189554140748298,0.8739627511050522,1,0.0125794223790784,0.0094168447069683,0.999920371948394,961.6424976743348,0.0504687941595204,-0.5092950266818288,-0.939656546844052,0.1415899246535892,0.3121119897222222,430.7142857142857,129.6026,20.0,24.988872587754145,116.4778,13.1248,8.874634280073794,2.6491582195505554,0.3617874783424848,0.7859402511986643
400,352,0.6041325797244639,0.9998918403271984,7Networks_RH_SomMot_3-rh,rh,SomMot,53.36903767549354,-18.244371210800782,6.734288401347194,,,,,,,45.72322821030306,31.585500897261827,14.137727313041236,2,9.51388440404855,0.0711785498297845,0.0084602777890755,0.0163969855039262,-0.0065563849603891,-0.023296670470791,-0.0388342199381435,0.004613038877166,0.0208466607622788,0.0165569975972524,0.030144896118014,84.344058,0.217347341103451,0.002576913492865,0.8369165600947615,1.382406179690202,0.21386392,0.2008508673469388,1.0647896258476406,74.50834225258465,-0.075972,-0.073418,0.022539,0.016983,-0.0012532,-0.0068957,-0.035803,-0.04472,0.0091413,-0.02294,0.012988,-0.0082166,0.010391,0.0014526,0.004169,0.015836,0.0053333,-0.0058377,0.0024944,0.024017,3.0,1386.0676366373084,0.0707581698030154,-0.2743503800855572,-1.1248538745381986,0.0312983787120197,0.2926705125,507.5,0.3945430315510551,0.8168594929787828,1.4605911330049262,1.079035698310417,0.5583599660282326,4.248948298351675,-1.0943828667426734,24.68891609924438,0.8920526367018228,1,0.0132602648229456,0.0074364959078196,0.9998920501792932,1239.9098605230229,0.073651886012828,-0.2224836183819853,-1.319990323035246,0.1398305234838337,0.29781404675,514.4285714285714,99.7905,15.0,25.86110897191563,86.94599999999998,12.8445,6.769122970868704,3.0799592795453368,0.4881429721435733,0.684636313075894
400,353,0.6007323140631321,0.9999236772889089,7Networks_RH_SomMot_30-rh,rh,SomMot,3.981809020042419,-24.704219892187027,56.86575749468263,0.6754353186034011,0.4037221993088705,0.74989242311308,0.719852127762839,0.6307058732960701,0.8867826926646878,82.17949312974545,73.08553713328105,9.093955996464402,2,41.53072046446569,0.0970552519382764,0.0174464972967491,0.0280089245711344,-0.0525128193579878,-0.0531689015006522,-0.0049169709736002,0.0170787010735006,-0.0168692368314356,0.0070738320451408,0.0218616450117249,75.3981402,0.1894755536459137,0.0025130003623837,0.8024074767660406,1.990073001166044,0.21255804,0.1522705669291338,1.3959233497786303,62.72659243550585,-0.090572,-0.092394,0.030835,0.026422,-0.0063139,-0.0032367,-0.048294,-0.05026,0.0093762,-0.02649,0.014408,-0.0072714,0.018008,0.00031239,0.0067142,0.021984,0.0024902,-0.0081905,0.011007,0.02303,3.0,1119.6901039523786,0.0571466781421021,-0.2374454281881608,-0.9492205270432909,0.0423285852164495,0.2018968541666666,514.9285714285714,0.6292789317637434,0.854841947151078,4.029556650246305,0.8269834258865483,0.5622691079248572,4.095374080589681,-1.0142529855562263,16.29458975159832,0.8954677463063447,1,0.016939917828939,0.0090239181752994,0.9999234351029992,1080.463225761165,0.0568720729981102,-0.2404921706634691,-1.0660030098853983,-0.0182171722040072,0.2678361222222222,417.5,208.78019999999998,32.0,21.493262965116383,208.7802,0.0,2087802000000.0,3.296750649933271,0.4757805352235104,0.6994255202361144
400,354,0.6001142684839443,0.9999154112570222,7Networks_RH_SomMot_31-rh,rh,SomMot,28.26973286867142,-11.522211138010023,60.640694184303285,0.8459740205174151,0.6686524268424442,0.6902755626553634,0.4979262783985114,0.5518378665331043,0.2405774378265847,80.40278210762719,73.13423351199079,7.268548595636403,2,39.84107985198498,0.0165469125907933,0.0161977449651255,0.0984861926164468,-0.0130874941009207,0.0058823852729677,0.0165147547895477,-0.0048929696168003,0.0251664213376732,-0.0136603361796263,-0.0051949551416209,83.8871327,0.2253630452857925,0.0026865031385859,0.8362689096326607,1.0251157531099149,0.250637604,0.1883164307262569,1.3309385851266546,70.42087216427272,-0.060293,-0.081136,0.031566,0.019613,0.006641,-0.0069225,-0.063179,-0.046765,0.0087099,-0.021437,0.018052,-0.006293,0.016926,0.0002327,0.0091839,0.014651,0.0039309,-0.0011834,0.0047698,0.020142,3.0,1119.6901039523786,0.0571466781421021,-0.2374454281881608,-0.9492205270432909,0.0423285852164495,0.2018968541666666,514.9285714285714,0.5470294492236923,0.8547417940447364,4.157635467980295,0.9870554449451908,0.5824607291680126,3.4700006634791976,-0.5885789347790044,15.401373344700966,0.8754391694727036,1,0.0143104392055435,0.0091702479491752,0.9999152014106936,798.3476435739009,0.0496077625067668,-0.2553004600734835,-1.074613339017992,0.0160880293902713,0.2298460894444444,339.07142857142856,145.97140000000002,24.0,27.262354898038176,130.85979999999998,15.1116,8.659559543604518,2.6454006056901944,0.6152530261962847,0.5595123428288006
400,355,0.5966817822424216,0.9999158080675736,7Networks_RH_SomMot_32-rh,rh,SomMot,8.84448964238402,-41.644575999333306,65.66025912267922,,,,,,,96.20568448590804,82.86457080232377,13.341113683584268,2,51.88952827340752,0.0566614224205512,0.015714732490743,0.0347144039623526,-0.0205275637368998,-0.0556750896320786,0.0193462434435935,-0.0002792255317572,0.0227442309897826,0.0265293161228769,0.0160678937509897,67.7321813,0.1793841004694239,0.0026484323555833,0.8362154647821154,1.3984638894199657,0.178746246875,0.1670056779141104,1.0703004173301078,71.13338673169332,0.065075,0.052255,0.05158,0.058609,-0.025822,0.011926,0.017997,-0.0094892,-0.026187,0.043657,0.012009,0.00048808,0.015619,0.00838,-0.0056249,0.0005175,0.019894,-0.00076499,-0.0063282,-0.0041565,2.0,932.4163018737928,0.0539180892994814,0.1743992789290598,-0.4176183553012849,0.0313721616000025,0.2790806583333333,624.3571428571429,0.5783575747818822,0.8549474459970549,5.054187192118227,0.9530407216957846,0.5698423510137346,3.867893973096993,-0.8529327283942921,17.527894416020196,0.8532603224072871,1,0.0101053837112737,0.0073474801466759,0.9999155058818564,893.4518229876751,0.0587055707913474,0.6453671784359526,-0.3363870870477585,0.0157193171629241,0.2800884975,499.7857142857143,176.6067,31.0,26.088766275937594,173.63780000000003,2.9689,58.48556704306358,2.4514551949515155,0.7015946418508262,0.4294848383441851
400,356,0.5985161140172341,0.9999126453076512,7Networks_RH_SomMot_33-rh,rh,SomMot,21.113430320995004,-26.097218609210728,60.7053500958978,0.5897732004891658,0.2367586551490455,0.6556545254950081,0.6855551298937119,0.6705826992050938,1.4013105346214878,84.26838498229446,73.284847337491,10.983537644803462,2,44.25237564030189,0.1096828483601849,0.0201661878163937,-0.0222240810038358,-0.0221496771647266,-0.017923951826235,0.062278511406216,0.0215471470295506,0.0131676341862406,0.0110314804061016,0.0135860651357915,90.692722,0.223130221070076,0.0024602880600477,0.8211783987744101,1.365739974050884,0.2350842923076923,0.2137814840764331,1.0996475827330212,68.2375990275479,0.052823,0.052029,0.078577,0.074778,0.011291,-0.0014708,-0.00073365,-0.0084806,-0.043792,0.045977,-0.0013132,0.013208,0.0012563,0.010479,-0.021891,0.0018416,0.015626,-0.0079309,0.0038396,-0.00116,2.0,2028.7195786724408,0.093223315575781,-0.3346266426485033,-0.9691514778238056,-0.0127277355957929,0.3095208844444444,732.7142857142857,0.5356200485191347,0.8179049494961403,4.554187192118227,1.0443131076037826,0.5584789443523025,4.001478889165999,-1.0686370940939407,13.819975846126804,0.9050092665342904,1,0.0117479764341116,0.0086716801937312,0.999912375927506,682.1651282660396,0.0392890402202057,0.2403158725232643,-0.8468791960823903,0.0115523075782874,0.3083898641666666,371.7857142857143,98.7206,18.0,17.582673157431593,98.7206,0.0,987206000000.0,2.988813263270038,0.05533849205414354,0.9715196220444364
400,357,0.5995861981845907,0.999914753981638,7Networks_RH_SomMot_34-rh,rh,SomMot,21.24476136853618,-30.0118748264928,62.39330081939697,0.2167342514704218,0.8340380365412517,0.6560892960498192,0.6790447135629624,0.597024131557951,-3.780851607259637,87.29525090886402,75.36732775755468,11.927923151309344,2,46.43954293958602,0.0313824026014717,0.0078944750034861,0.0468985097691938,0.0002076439803917,-0.0517207241653975,0.0140622655846677,-0.0108874083991087,0.0258809401778841,0.026035674569055,0.0043041649979111,52.73762903,0.1590351310619596,0.0030155912199084,0.8456722400158763,1.1095969545761828,0.1471644964516129,0.1329811490683229,1.1066568259636345,70.67623977638628,0.0015736,0.0080076,-0.037578,-0.039063,0.018893,-0.018008,-0.015933,-0.0062327,-0.019361,0.0015257,-0.046491,0.012838,0.0045633,-0.0078227,0.027378,-0.010828,0.011992,-0.0032691,0.016292,0.0091651,1.0,1716.2692951088222,0.0830793241961459,-0.0749623846765117,-1.163192882698629,-0.0261606992959973,0.2759328261111111,632.2857142857143,0.552520780348382,0.8396213400828122,4.374384236453202,1.0216944905042904,0.5704163929120588,3.816961330204472,-0.8005613558982414,12.49896514534396,0.9100833460048748,1,0.0117286298003491,0.005623282331273,0.9999144284047736,696.4003446294381,0.0375592104495581,-0.1450031336131649,-0.8887570266559748,0.0283634981078325,0.2248157011111111,391.1428571428572,92.3867,18.0,22.61197732474281,82.04390000000001,10.3428,7.932465096415551,2.6410517775319162,0.22532830443833718,0.8705885154464874
400,358,0.5994912479822408,0.9999071145027908,7Networks_RH_SomMot_35-rh,rh,SomMot,21.66870424984756,-36.93358524376748,66.25574120978044,0.2983471583735739,0.8104786189518851,0.7160807564409867,0.7355027955264983,0.5735250743861646,-3.2474497747346645,93.67335845688646,80.31682667645657,13.35653178042989,2,50.83352029899851,0.033652143380224,0.0074406748913853,0.0544054136201591,-0.0324933798922899,-0.0388203797045033,-0.0152786122106328,0.0115733528708546,0.0021857890653515,0.0002530353940739,0.0002682893609813,44.62936,0.1442889588244993,0.0032330501451102,0.8371666809491817,1.1679664220309434,0.1248683103448276,0.1110518409090909,1.1244145906109353,73.23764516398231,-0.0067118,0.002615,-0.028369,-0.025288,0.014669,-0.006447,-0.012159,-0.0058751,-0.015495,0.0043033,-0.036652,-0.0049428,-0.0014252,0.0022168,0.022654,-0.0020175,0.020718,0.0037866,0.0072325,0.012882,1.0,842.1220655779857,0.0496229944832169,0.2569430585391333,-0.6532814715499322,0.0304320122070206,0.2862356725,448.9285714285714,0.4777406378255309,0.807541412892068,4.800492610837439,1.224456121318063,0.5701484876343449,4.448641654985024,-0.7356074343320357,12.380486675424702,0.8974524221526436,1,0.0109331038226981,0.0070337894063164,0.9999067652215164,1360.5397197027687,0.0664302248146763,0.3529165496861423,-1.0168679185699128,-0.0041782351960011,0.236584355,647.4285714285714,120.7938,21.0,24.00227227914703,108.1089,12.684899999999999,8.522645034580307,2.463238107022669,0.3258523385192228,0.813259455369398
400,359,0.5995317443815315,0.9998986646207676,7Networks_RH_SomMot_36-rh,rh,SomMot,15.91704198134573,-9.38943478747418,66.94574837132504,0.3811515145997401,0.75855923422448,0.472111213534401,0.45575672881983,0.4754487407775078,-2.5492367184912155,86.2093933892891,80.56682415559393,5.64256923369517,2,42.98427945903728,0.0479763337545664,0.0030115946158185,0.0415676529873612,-0.0001973280197419,-0.0500640790161271,0.0010956057224391,-0.0174821034343061,0.0195451846913755,0.0355223005301905,0.0100918239839905,66.14855320000001,0.1804772864520284,0.0027283633234741,0.8399825141530858,1.261266243204639,0.1846582693877551,0.170214261452514,1.0848578004187084,73.88683547194537,-0.1125,-0.05366,0.021573,0.010558,-0.017759,-0.016449,-0.0079698,-0.047833,-0.0075803,-0.013522,-0.00094658,-0.0032138,0.0075747,0.013443,-0.00053148,-0.0074899,0.0046051,0.0092134,6.9078e-05,-0.0050601,2.0,928.7080967068656,0.0535033796289227,-0.2113119916034496,-1.3810568107021466,-0.0192346398964968,0.1322208659166666,391.9285714285714,0.4274146935740035,0.7743341602015186,2.694581280788177,1.2484599733472406,0.563269511607065,4.2386297451780255,-0.9776105206581392,14.089012214996067,0.908847722385802,1,0.0091680143852728,0.0084966696914774,0.9998983825834664,1551.8434142084768,0.073013723489477,0.3861170203221544,-1.0312106575477888,-0.1407608286483416,0.3280382727777778,711.7857142857143,146.28888,25.0,28.629427764957953,130.13188,16.157,8.054210558841033,2.609868747490854,0.6340360808480845,0.5253208582908011
400,360,0.5996272034887573,0.99990138605199,7Networks_RH_SomMot_37-rh,rh,SomMot,14.517009213356246,-48.4923494000637,69.88299911475069,0.669016357502281,0.5626372435548166,0.6090398770814788,0.8371923653761705,0.8022130181495634,-0.0354713482357115,102.63948280293816,87.74070069764825,14.898782105289897,2,56.477504288869525,0.0642053586713655,0.0104589439621942,0.0631880557190417,-0.0440776042479233,-0.0623533840309822,-0.0428498268675344,0.0030649516520949,-0.0060951100689522,0.0114017008231241,0.0192416411711978,70.7089948,0.1876410680432352,0.0026537086062913,0.8274699425546062,1.7261710033093782,0.2054434230769231,0.1705420317460317,1.2046497913335577,74.83835556395624,-0.085381,-0.05756,0.030218,0.030617,-0.0062815,-0.015508,-0.040807,-0.071259,-0.0052333,-0.017896,0.0085106,0.00092897,0.014481,0.0047821,0.00089518,0.0013231,0.0058083,0.0020899,0.0051009,-0.0058645,2.0,1889.291679145624,0.0952257551601949,-0.1473193712392641,-1.1681845746248358,-0.0421003536284593,0.3030075305555555,691.0714285714286,0.4310416714039279,0.7798322798974379,4.568965517241379,1.3479110406035872,0.5791952738191506,3.5799685249682915,-0.6904741593150702,21.739898381450097,0.8145787308948406,1,0.0095707023991585,0.0087314349568342,0.999901092203129,882.2790538649828,0.0539259610616132,-0.2590316512514294,-1.1105617024927312,0.0161206206721196,0.27050800175,355.5,164.09607999999997,27.0,25.88640642439907,159.52017999999998,4.5759,34.86094101630584,2.4199863293802855,0.6746909789128892,0.4136704545288346
400,361,0.601142317362988,0.9998989375660794,7Networks_RH_SomMot_38-rh,rh,SomMot,4.072558445913775,-24.10753179574992,70.02845520920701,0.8057791501879078,0.7042042715718597,0.6943112943783549,0.5592259809780462,0.6830512714965257,-0.1563538760581535,94.12988596000548,85.5456704970286,8.584215462976871,2,49.24933266424918,0.0766620006492016,0.0092525129849739,-0.0323040612945347,0.0218010097948182,0.0184604406111378,0.0047813894692847,0.0248900292764672,0.0510718189591049,0.0041893579413207,0.0192144511263531,99.03526,0.2443548052846497,0.0024673515804815,0.8338097961149185,1.0875301666285526,0.2602021754385965,0.2513793786982248,1.0350975353768117,72.61129772510904,0.031905,0.026392,-0.0081465,-0.023657,0.011239,-0.0078971,0.016923,0.011255,0.032655,0.0011945,0.00030051,-0.029563,0.042838,-0.007584,-0.006222,-0.012677,0.022598,-0.014121,0.0022775,-0.0080644,2.0,516.498622134335,0.0306669331877269,0.0124396541531112,-0.7890696238744308,0.0008754122333606,0.1409916505555555,308.6428571428572,0.3967259718256613,0.7837386848886874,3.921182266009852,1.4156141770756825,0.5973346799439344,3.020124987286,-0.3107313192319887,15.242642713687694,0.9034182939660826,1,0.0123982231527807,0.009282696431314,0.9998985187824064,2377.370895197746,0.1054893326942727,-0.2067640640282703,-1.069312909218411,-0.011531846016185,0.2785353058333333,871.5714285714286,192.928,30.0,23.335379606170335,192.92800000000003,0.0,1929280000000.0002,3.2222182847794576,0.3759485173840378,0.775689376347653
400,362,0.5993516674198252,0.99990504712462,7Networks_RH_SomMot_39-rh,rh,SomMot,15.58972176316259,-21.862215113010908,70.2278064983926,,,,,,,92.16339662329686,83.17989548310302,8.983501140193837,2,48.69534843293883,0.0623512287727386,0.030237930695426,-0.0226230007388716,-0.0013887913960226,0.0115790983707178,0.0524338852463212,0.0319876283627903,0.0371096110641976,0.0032258985799268,0.0070626068024786,103.821935,0.2505017320992159,0.0024128016117111,0.8333234473237676,1.0049045204918172,0.2654515490196079,0.2517155384615385,1.0545695769779078,73.22814879758064,0.056811,0.049385,0.015187,0.0075867,-0.027107,0.031756,0.025469,-0.0028263,0.017224,0.010363,0.013944,-0.040743,0.043289,-0.01003,0.011998,-0.0028397,0.025293,0.001458,-0.013126,-0.012381,3.0,1348.7112597669757,0.0714016887952982,0.2631653415094667,-1.1682666984625871,-0.0976469859859164,0.3160779222222222,614.2857142857143,0.4586611535329272,0.7747286204238194,4.87192118226601,1.248282562374173,0.5894053908657585,3.298594741379799,-0.4927017460469009,13.27300879658879,0.9092336755776652,1,0.0106063224898974,0.0100862917212941,0.9999047495897632,2377.370895197746,0.1054893326942727,-0.2067640640282703,-1.069312909218411,-0.011531846016185,0.2785353058333333,871.5714285714286,175.32697,27.0,24.169905661867773,168.3961,6.93087,24.296531315342857,2.9501865711940742,0.3094660697955166,0.8218313474532756
400,363,0.5986448970260791,0.9999095092364884,7Networks_RH_SomMot_4-rh,rh,SomMot,39.71924394478828,-21.259226856056166,3.87016308458452,0.5905724771247143,0.5112753605624841,0.6696502026313149,0.6668449025749603,0.6520557213485787,-0.1333697147294358,37.81936251031935,19.768368856427664,18.050993653891688,2,8.699865907567562,0.1360055130854368,0.0157973972455459,-0.0658411194954018,0.0073760604461141,0.0191693101266069,0.0188907169107137,-0.005941440942904,-0.013281519460825,0.0081646750724034,0.0082032298060383,74.8699512,0.1968764058314719,0.0026295783912733,0.7733298684310348,1.676417174682806,0.2161757249999999,0.1652336666666667,1.3083031396093792,68.21069156280923,0.048123,0.0040679,0.023,-0.0029111,-0.011351,0.00063938,0.028427,0.0077978,0.021724,0.01011,0.0067187,-0.037304,0.044113,-0.012756,0.013847,-0.014806,0.025742,-0.0083682,-0.011216,-0.01175,2.0,773.488880908374,0.0469137494890082,0.065232801377546,-0.8804405351157607,0.0102411052473474,0.2858266955555555,431.3571428571428,0.5772889900886982,0.8131641185128092,1.1945812807881773,0.6418055118219266,0.5895199351768359,3.2621431937337606,-0.460921240159694,25.68222730413874,0.9040451716084462,1,0.0080431292957528,0.0062964454857176,0.9999096162214698,2377.370895197746,0.1054893326942727,-0.2067640640282703,-1.069312909218411,-0.011531846016185,0.2785353058333333,871.5714285714286,150.0959,24.0,32.684248190042716,108.8768,41.2191,2.6414162366411653,2.409972827694263,0.5994389974451971,0.5791957008819029
400,364,0.5999293958733273,0.9999019849051682,7Networks_RH_SomMot_40-rh,rh,SomMot,10.677242035366314,-34.10032670977853,72.53431116032327,0.5679893122043218,0.3552959848382198,0.2889417911316898,0.365450632833576,0.2973610956632189,0.6298038103616892,98.8751801039663,87.43538711628221,11.439792987684086,2,53.75068470912752,0.107280586493932,0.0129560643692687,-0.0230477898015766,-0.0039315289258383,-0.0137234423697431,-0.008254281391104,-0.004696036176396,0.0086351392784654,0.0251619240311495,0.0342967935122228,83.515967,0.2065732817018212,0.0024734585387914,0.8110438916409302,1.6819544376570028,0.2555623076923077,0.204241871657754,1.2512728437752645,73.45781246674375,0.031363,0.013019,0.0030717,-0.012491,0.02436,-0.026221,0.02176,-0.0029434,0.029956,0.00038822,0.0068196,-0.021227,0.042115,-0.01626,0.005136,-0.0016438,0.017996,-0.009752,0.0044452,-0.0037982,2.0,882.2790538649828,0.0539259610616132,-0.2590316512514294,-1.1105617024927312,0.0161206206721196,0.27050800175,355.5,0.4252838827255363,0.7756110166642044,5.115763546798029,1.3556183054100062,0.5987761227878368,2.936328931657741,-0.2550796369863227,12.05858881574251,0.8957206511475436,1,0.0105320598265052,0.0076056446726293,0.9999016187796754,2377.370895197746,0.1054893326942727,-0.2067640640282703,-1.069312909218411,-0.011531846016185,0.2785353058333333,871.5714285714286,119.2517,19.0,20.658737682554687,119.2517,0.0,1192517000000.0,3.313298549754815,0.2823674218465527,0.841564522769906
400,365,0.6000998578555226,0.999905366920848,7Networks_RH_SomMot_5-rh,rh,SomMot,38.31698875996604,-9.508908070735078,13.669518731423278,0.7497754897071697,0.4935133654133876,0.5159738108161925,0.432388909172493,0.5283336175357122,0.7491114293191717,38.1010910097913,29.58762340649285,8.513467603298444,2,11.054383660074487,0.1201487564011713,0.0187066915766579,-0.0259263436001621,-0.0285982319175904,-0.0209730382779376,0.0361623512638478,0.0130964742278808,-0.0192619362057412,0.0102067773814952,0.0149948623193258,71.78512570000001,0.1843411819155208,0.0025679579177119,0.7601725959273364,2.176740486789557,0.2003876122448979,0.1742707541666666,1.1498636881910067,67.97243448894258,0.064331,0.033799,0.067982,0.02032,0.0016725,0.012485,0.040022,-0.0024951,0.0096868,0.0044414,-0.00096838,-0.041374,0.032025,-0.0094125,0.02568,-0.0055845,0.017967,-0.0075262,-0.0057123,-0.0070104,2.0,1931.599160166404,0.0932020066152289,0.1278031215584823,-1.1046934428780382,-0.1261408793232007,0.3204092152777777,727.0,0.5336497585664242,0.8040830479224835,1.3522167487684729,0.7841342224143598,0.5888965606239717,3.355356620872482,-0.4977474856793485,22.28967514564446,0.9237955382054612,1,0.0133943549254262,0.0069731913389035,0.9999056826932936,1734.378536152551,0.0852132093975724,-0.0515300877642647,-1.089988689679059,0.0090915889914834,0.1773964651388889,728.2857142857143,134.0283,20.0,21.3229942270006,134.0283,0.0,1340283000000.0,3.967175899483195,0.47603763002812616,0.6094585994151981
400,366,0.6041762228197386,0.9998891866104012,7Networks_RH_SomMot_6-rh,rh,SomMot,35.73026431974817,-23.47255503232362,13.909120812963266,0.310666378784333,0.7573866322403551,0.4995921083214871,0.4811040483124517,0.4128396585891599,-2.8892963908606184,44.28829901170833,27.25982696581939,17.028472045888943,2,15.387238997475045,0.1073965698898257,0.0074073861898585,-0.063384966434966,0.0311861217804495,0.0398355567207631,-0.0317208307977905,-0.0165879079658136,0.00564961153661,-0.0029531814437887,0.0027147295787255,54.96814124,0.1593615121177621,0.0028991613782549,0.8010034953719049,1.2466838529385424,0.1341725717460317,0.120385681832061,1.1145226707421172,65.15752585146014,-0.011896,-0.005826,-0.057982,-0.055317,0.049296,-0.047401,0.024972,0.0082702,-0.02384,0.030002,0.010545,0.0081281,0.032128,-0.017688,-0.019659,0.02053,-0.03,0.019455,-0.0027149,-0.0019547,1.0,1932.307987873569,0.1022720674440064,0.0675157431828629,-1.238494273322306,-0.10131604854484,0.1728062947222222,727.6428571428571,0.3591087013075258,0.8024354736166173,1.1995073891625616,1.1273824439589597,0.5834818965963774,3.517929916335301,-0.6591682315012183,22.55677868121964,0.9086170358858344,1,0.0112860090096975,0.006621616298354,0.9998891946063954,990.6042600352577,0.0598010419580596,0.0350598059075249,-1.1065629797911896,-0.0538501635791657,0.1874733986111111,429.8571428571428,115.4592,20.0,23.5218597846499,115.4592,0.0,1154592000000.0,3.2684892192342083,0.4020995424176004,0.7212469859482831
400,367,0.6044664942997486,0.9998862583942532,7Networks_RH_SomMot_7-rh,rh,SomMot,60.02697238660839,-27.96783253134113,10.53669749808638,0.3702998608581911,0.6249369369499624,0.6379744845590954,0.4691759735196001,0.4878504550145863,-1.8536768851580376,57.29167522198176,39.96393436112525,17.327740860856515,2,14.712368258254166,0.1317105696219099,0.0144589524095955,-0.0651309515632387,0.0062787032226002,0.0202464624882987,0.0165762893499329,-0.0103864937953917,-0.0251277580445536,0.0043240975471417,0.0006503095954761,52.64774184,0.162274528735156,0.0030822694965343,0.7563214284931705,1.8162086985318853,0.1522672549019607,0.1265927511538461,1.2028117992050873,76.54851871202543,0.0059851,0.0090325,-0.062667,-0.063179,0.049719,-0.050553,0.015905,0.0020148,-0.02285,0.030596,0.011162,0.010442,0.037278,-0.034244,-0.014723,0.028018,-0.03247,0.010146,0.011025,-0.00059921,2.0,2129.2361760343388,0.1027534372513169,-0.0827759220615508,-1.1158932641963557,0.0024445703666416,0.2518527402777778,837.8571428571429,0.3284742867990423,0.8126633980592397,1.3817733990147782,1.329961731965423,0.5783831462777379,3.909553681356217,-0.779504379498816,22.48352957301614,0.8621712128983176,1,0.0112266387630132,0.0064187519344992,0.9998864112251415,2129.2361760343388,0.1027534372513169,-0.0827759220615508,-1.1158932641963557,0.0024445703666416,0.2518527402777778,837.8571428571429,117.7251,18.0,24.71935755653253,104.96629999999999,12.7588,8.226972755994082,3.077921903883315,0.5704658238051928,0.545682271665091
400,368,0.6056837709357046,0.9998778696647164,7Networks_RH_SomMot_8-rh,rh,SomMot,62.91798085915415,-37.91018609937869,9.375149672360797,0.0667151717117458,0.8337217978755429,0.1639861348299334,0.3236225430005435,0.1508574373469717,-4.516843132095819,64.65403062500292,44.68710302660556,19.96692759839736,2,16.998145633230084,0.032919687286935,-0.0192666514370423,-0.0366912769953616,0.0355949581269074,0.0285039791325906,-0.0496607309168352,0.0287979409295859,0.0437444343328496,-0.0087605227095237,0.0107042364666495,64.1399567,0.178363081766262,0.0027808419422581,0.8211538488075849,0.8123903177971648,0.164931281632653,0.1655111764705882,0.996496339703755,83.34520203525292,0.0038819,-0.0040124,-0.064889,-0.05313,0.059383,-0.04797,0.017788,0.010482,-0.018899,0.02185,0.014284,-0.0014136,0.022632,-0.0055547,-0.016698,0.028323,-0.021601,0.0023682,0.0071375,-0.014923,1.0,1187.911377165822,0.0599156365838388,0.1266890023378979,-1.2402564012281203,-0.0105634145379621,0.1802871872222221,473.6428571428572,0.2476404395360821,0.7544204173724959,1.5541871921182266,1.6538379757142003,0.5688302862852523,4.079552286316762,-0.9694296460232722,20.559224869904074,0.8559245596351901,1,0.0105005005558524,0.0049055598144957,0.9998779847777796,1304.4297246945375,0.0688375212246581,-0.1515295459888626,-1.154966206038894,-0.0360457633071849,0.2660234261111111,495.0,112.5982,17.0,21.906039132643336,108.56049999999999,4.0377,26.886717685145335,3.3339987682942827,0.6643829380487656,0.2977010289684915
400,369,0.5927598130175726,0.9999326573011996,7Networks_RH_SomMot_9-rh,rh,SomMot,39.65330003591684,-15.134071417038257,17.82500345156743,0.4268418764680285,0.6778701656527575,0.5308336793318031,0.5117512839558329,0.4189029173795423,-1.8722946076372908,44.285240921273534,32.38838516486416,11.896855756409373,2,15.235223496051931,0.0849476684469301,0.0030478270118628,-0.0515557992870763,0.0307251354205771,0.0315706789669577,-0.0130786735276748,0.0196420151462053,0.0364972189362199,-0.0019791450008611,0.0108836481344217,83.420841,0.2140491946498643,0.0025658959090283,0.8191436114025834,1.0247495784475695,0.180220350877193,0.1981909530201342,0.9093268286971288,68.12589089072101,0.0091002,0.013381,-0.063039,-0.061774,0.055905,-0.05373,0.018451,0.01569,-0.0057079,0.021293,0.025666,0.0025688,0.028106,-0.0083487,-0.025708,0.036511,-0.0093023,0.0017505,0.017536,-0.00673,3.0,1298.336703461608,0.0722183512080518,-0.4402962660681306,-1.134322300523292,0.1569800220362349,0.3494030733333333,516.9285714285714,0.8226666316352476,0.8377322304527656,1.7413793103448276,0.4282534005454664,0.5761041263107307,3.7327347548281375,-0.7603738206320118,21.546708046747508,0.9220992412323288,1,0.0102626254950124,0.0076776114551185,0.9999330232157142,1924.2514619687547,0.0874196166564134,-0.1082098988351453,-1.1356754491208696,-0.0344926505185357,0.2667872566666667,741.5714285714286,107.3999,19.0,19.22101836090221,107.39989999999999,0.0,1073998999999.9999,3.535549445932191,0.4606371355156297,0.6482704360059925
400,370,0.6113718423677537,0.9998816739345636,7Networks_RH_Vis_1-rh,rh,Vis,33.73421924152402,-38.76331486486799,-23.52695965246342,0.7377917460392897,0.6261110443387732,0.7721554318504469,0.7531778643496302,0.4460192309680575,-0.0530055641907755,44.68713777408384,22.75552798459223,21.931609789491613,2,-2.487181332017656,0.1176993951705783,0.0116530423345685,-0.0353415348232192,0.0008638252294971,-0.0025059031942641,-0.0281770897402584,-0.0108081042171593,-0.0040244527140717,0.0186356087223392,0.030820204361203,76.720934,0.1915327548624907,0.002496486224506,0.7988381720888964,1.8699437740101608,0.2271812999999999,0.1778997882882882,1.2770183824173456,76.78479598654846,0.014659,0.009484,-0.053334,-0.058349,0.039464,-0.047335,0.013585,0.00073888,0.0020326,0.022785,0.015574,-0.00097217,0.036186,-0.030857,-0.020449,0.022667,-0.013082,-0.0054983,0.019753,-0.010814,2.0,1142.8329595060395,0.0566639707022817,0.2048221757726697,-1.0852637317045852,-0.0852696391808165,0.2547053999722222,477.3571428571428,0.2538777973265747,0.7388904810970426,1.1182266009852218,1.374262357568521,0.5664088622311683,3.957168353494133,-1.0177416519142497,22.8312626407164,0.8712548113598341,1,0.0198570712086374,0.0076965191501595,0.9998816758154988,1880.5706887951744,0.087163803798594,0.0453619243158748,-1.035426129597586,0.1031065237726337,0.22813558175,789.8571428571429,133.0946,20.0,36.54948699004731,95.62210000000002,37.4725,2.5517939822468434,3.72677359667433,0.5369537179489111,0.6375149705547782
400,371,0.6071735767364216,0.999869249298243,7Networks_RH_Vis_10-rh,rh,Vis,42.00011734654484,-85.393584712311,-10.430461916392192,0.5579384028290308,0.5529912351726682,0.5214962381212733,0.3838227177520704,0.4424207958173332,-0.5276666863839864,91.91580706489977,66.89385365666351,25.021953408236243,2,19.359798263857986,0.0459395916357358,-0.0116354639421566,-0.0265205975863936,0.0453903104869881,0.0238928090700351,-0.054038040577681,0.0244640966463422,0.0518249858674037,-0.0013039717886576,0.0185120274899616,82.395851,0.2154005158268883,0.0026142155607644,0.8331148286237625,0.9765482591957916,0.2217336666666666,0.206024223880597,1.076250464059746,95.9039777776842,0.013724,0.010187,-0.060192,-0.048278,0.04418,-0.038707,0.014341,0.012298,-0.00043316,0.026378,0.022071,-0.0097008,0.031523,0.0005203,-0.024363,0.016409,-0.0069931,0.0022187,0.023044,-0.00014148,3.0,791.1174937320556,0.048553681004811,-0.0306923909520533,-1.231847325553134,0.003581742046544,0.2594278395277777,381.2857142857143,0.1339614894407192,0.6743208578466622,1.7241379310344829,2.21967304563274,0.5927936143775523,3.219157114348149,-0.4164928045862837,25.48347482410335,0.7967150089174747,1,0.0081010700245235,0.0067782078179926,0.9998693456015368,1880.5706887951744,0.087163803798594,0.0453619243158748,-1.035426129597586,0.1031065237726337,0.22813558175,789.8571428571429,104.937,14.0,28.86948905905437,99.8718,5.0652,19.71724709745484,4.544943816897096,0.19783375816402038,0.8923630368697408
400,372,0.6041568938560753,0.99988568697488,7Networks_RH_Vis_11-rh,rh,Vis,9.3143160225989,-73.61334473694656,-5.402652717239465,0.5364052013744621,0.5305108884335392,0.5091528205584466,0.3188583573358536,0.3535873482768079,-0.50756486279373,79.64578468313985,57.15829345558986,22.487491227549988,2,18.84241179074029,0.1074252913158931,0.0089285995139666,-0.0392807133146988,0.0166436448766963,0.0127724017490635,-0.0397410458142932,-0.0089374206379671,0.0106830291088945,0.0111787781932179,0.0249283762508458,80.168147,0.2046356158292058,0.0025525800893084,0.8171360871851984,1.572107189850866,0.2731784042553192,0.1901789179487179,1.43642842780996,74.42892370097857,0.02739,0.017852,-0.042577,-0.050569,0.0098579,-0.028478,0.012673,0.0035625,0.0054677,0.01004,0.016091,-0.0059414,0.041787,-0.027081,-0.022826,0.0081029,-0.0045651,-0.0077072,0.0088236,0.0008038,2.0,1869.877310294864,0.0881366275061604,0.1536916752963457,-1.052059789713395,-0.1321018304206036,0.3138905222222223,744.7857142857143,0.2790884566936847,0.8176862142094223,2.1995073891625614,1.4920624217789078,0.5614089517370747,4.067372774676898,-1.066963930057251,24.86398586780057,0.8082145304940738,1,0.0056282908055773,0.004862069035908,0.9998857403243592,1880.5706887951744,0.087163803798594,0.0453619243158748,-1.035426129597586,0.1031065237726337,0.22813558175,789.8571428571429,109.57052,17.0,33.833067404355106,93.00711999999999,16.5634,5.615219097494383,4.548181187821569,0.27184627945263873,0.8488334270933459
400,373,0.6051930262747741,0.9998856358746584,7Networks_RH_Vis_12-rh,rh,Vis,11.603607693186133,-56.83899196154295,-3.7746265772944607,0.633188962302651,0.5396868751447992,0.479507375367469,0.4322824804951222,0.3129337627326715,-0.0830311478459419,63.3390019254273,41.15349046392689,22.18551146150041,2,14.78692164208621,0.0284360635799756,-0.0203751981468999,-0.0299583605714587,0.042790789175078,0.0253887205964713,-0.0578135295262718,0.0345012363461287,0.0522353900115946,-0.0059859710575797,0.0129620433337308,88.42791500000001,0.2250569124622684,0.0025450889853279,0.8261565854739932,0.8870407138772202,0.2102967333333333,0.2400500583941605,0.8760536641920834,71.19537314940997,0.018608,0.012705,-0.051627,-0.059962,0.028807,-0.0333,0.0099101,0.0038292,0.011752,0.017527,0.014334,0.00047711,0.026057,-0.013574,-0.019898,0.0042725,0.002366,-0.0048555,0.021131,0.00037631,3.0,1657.7957520622242,0.082529409183012,0.1315281167414144,-1.1461167741878184,-0.1464069289460613,0.3206311341666666,657.3571428571429,0.2860575112926058,0.8218662847925029,1.5738916256157636,1.42381069104012,0.5777659687612133,3.838501661317805,-0.7845587708437298,23.22838368486732,0.8350684820726595,1,0.0097709127449484,0.0042700061445114,0.9998855813698596,1868.8454498849164,0.0926663462879943,0.0991604697108349,-1.304025058851473,-0.1365114172468638,0.3573903294444444,717.6428571428571,97.7616,14.0,24.944736886453487,97.7616,0.0,977616000000.0,5.726867524898556,0.04244399793828779,0.9783074335935581
400,374,0.6075880685377121,0.9998693299709104,7Networks_RH_Vis_13-rh,rh,Vis,24.974504228786376,-97.4432663410708,-9.269698006822171,0.8412528690389754,0.7393433732167826,0.8641457035476929,0.4872280614072891,0.6316565366979244,-0.1788487851610398,101.8616813833572,77.55042021297893,24.31126117037828,2,23.67116109822793,0.0993177748748893,0.007586854803997,-0.0526215552959418,0.0236061952292607,0.0284821123181109,-0.0259611195074212,-0.019604735439125,0.0004517155281342,0.0036916164698884,0.0057672037551877,50.7124297,0.1493457583062186,0.0029449537162666,0.8168029802774901,1.889011144668064,0.23937,0.1127056425454545,2.1238510724170374,91.99850468354784,-0.0076152,-0.0036449,-0.035307,-0.03249,0.026446,-0.018634,0.0015444,-0.011299,-0.019816,0.0080568,-0.016897,0.0035754,0.0059256,0.0063778,0.0021561,-0.033682,-0.0020149,0.019953,-0.036827,0.014533,1.0,1012.3193479442256,0.059698261980757,0.1362826399448391,-1.1849609110690411,-0.1406079978838285,0.3534571905555555,394.7857142857143,0.1041399009848131,0.6537038834558319,2.2980295566502464,2.4202113903188085,0.5755567017282452,3.8689253877853176,-0.8066663609789568,24.526465888779008,0.7994219238582713,1,0.0071074844799234,0.0062082074599223,0.9998693565120786,1958.698604232469,0.0917394587631519,0.1716133937734508,-1.187137900140668,-0.0669324208325144,0.2504316311111111,825.5714285714286,118.51899999999999,17.0,43.63486861285803,83.71640000000001,34.8026,2.4054639595823146,3.454841425409614,0.4230301027878922,0.7407757405985539
400,375,0.6060000541667899,0.9998832426464808,7Networks_RH_Vis_14-rh,rh,Vis,17.59583367624755,-46.90128453061922,-2.5144432037822537,,,,,,,53.38670168837195,30.36283211467452,23.023869573697432,2,12.561719436916412,0.0717249133544382,0.0146062370724447,0.028746059969046,-0.0443786176892425,-0.0335767196501103,-0.0135656065495959,0.0205900724534713,-0.0199775781843643,-0.0121116489115852,0.0006590368653552,57.752235,0.166040577515437,0.0028750502472354,0.8211119919915342,1.2488547463227575,0.1522875365853658,0.1413505826086956,1.0773746642361557,66.36193809231114,-0.087769,-0.0649,-0.01393,-0.020343,-0.0019028,-0.002226,0.041163,0.031854,-0.010692,0.018695,-0.007992,-0.0029004,-0.0063791,0.01458,-0.011493,-0.010557,0.00014754,0.016588,-0.032147,0.0075169,2.0,1549.776735174744,0.0763772925609994,-0.1349667482917123,-1.1325123979014813,0.1230013959982128,0.3023289688888889,604.5,0.2806189314121012,0.8120109678122609,1.2684729064039408,1.4057768212114348,0.5618545799739353,4.316861948263425,-1.1040267928368912,21.97735530418468,0.8864886306449459,1,0.0110287000323504,0.0056179782881816,0.999883281134582,1652.0918403311869,0.0793202066594791,-0.27895231435055,-1.0682836809467446,0.0188430438714895,0.2662724944444444,645.2142857142857,149.7974,25.0,32.95184457298248,131.10330000000002,18.6941,7.0130843420811235,3.160725326147707,0.3956176305236132,0.7640800174101819
400,376,0.6026834322465457,0.9998840835988904,7Networks_RH_Vis_15-rh,rh,Vis,9.230852150714432,-92.25688443710716,0.04916290388899,0.7406403813944611,0.6891103936265571,0.6074459231082253,0.4422315194816059,0.450073767245804,-0.3920952269844616,98.76341032926436,75.62090045900177,23.14250987026257,2,27.706563073465546,0.0871387563978126,0.0039729857436571,-0.0344422968723911,0.0315267862609859,0.0212144422400529,-0.0580821899597992,-0.0169715491736066,0.0205686955946591,0.0075820342675468,0.0180014130305225,75.311803,0.1983901325662827,0.0026342502059872,0.8325126640192054,1.3719426777925805,0.2563316363636364,0.1864856218487394,1.3745383353688034,86.00450189346789,-0.053144,-0.049697,-0.026687,-0.025644,0.017839,-0.015283,0.027025,0.015897,-0.01228,0.018505,-0.0038549,-0.00010701,-0.0047044,0.0088848,-0.0068242,-0.0066232,0.0053747,0.020958,-0.034637,0.0097676,2.0,1335.1388042696783,0.069010834053677,-0.1810528512310061,-1.1024645571366076,-0.033933974435693,0.2999907888888889,505.07142857142856,0.2742897086934385,0.8205493701559097,3.692118226600985,1.6968782580521335,0.5556042992624796,4.507917191311739,-1.1918399537159363,25.343105267726006,0.8260754074137148,1,0.0068550639369568,0.0056908276555004,0.9998842532004526,871.1069330965566,0.0479086455835167,0.1313984399658116,-1.2712247788382234,0.002530132989777,0.2595467861111111,403.0,174.3906,25.0,45.60889746974599,130.6524,43.7382,2.9871462474381953,2.9065174455364446,0.3880239796739817,0.7723793598966916
400,377,0.6038283816886685,0.999881582204176,7Networks_RH_Vis_16-rh,rh,Vis,46.25512828862423,-70.0902906840518,5.295305901964921,0.7710620946311273,0.6979954709556377,0.3140404236285355,0.3685662564488682,0.3908101301542727,-0.2922863672874523,81.36555597432512,56.048323221033804,25.317232753291314,2,24.20427074639449,0.0689357106305373,0.0014644952016038,-0.0074219197237757,0.0255886484509297,0.0041616195358081,-0.0599580034469535,-0.0093022778016992,0.0250028006173072,0.0106098985725507,0.0197265603575634,83.360261,0.2157482643739741,0.0025881428607057,0.8367605573593517,1.1680079683749978,0.2186426666666666,0.2036002290748898,1.0738822227889315,82.94629460828602,-0.076479,-0.074335,-0.011482,0.0066814,0.0060077,-0.0074542,0.022387,-0.010673,0.0035329,-0.0071238,0.0050302,-0.0093397,-0.007014,0.013482,-0.010502,0.019776,0.012147,0.0015066,-0.010269,0.027313,2.0,728.3079812521318,0.0429035616842422,-0.7002786276462588,-0.9026578005129696,0.0208989803499833,0.3157206802777778,315.1428571428572,0.2766374543580667,0.784112434948545,2.5517241379310347,1.6838515204522593,0.5842999081734624,3.703794952552031,-0.665745224010747,18.56893776732353,0.8470340504808468,1,0.0118078079708041,0.007479644972511,0.999881648918422,871.1069330965566,0.0479086455835167,0.1313984399658116,-1.2712247788382234,0.002530132989777,0.2595467861111111,403.0,134.92748999999998,20.0,34.25281483054441,102.31228999999999,32.6152,3.1369511761291142,2.8580331224860926,0.7402898356267218,0.3834333537220622
400,378,0.6042046819554681,0.999887818084529,7Networks_RH_Vis_17-rh,rh,Vis,13.130108099305229,-48.858929297629366,2.5628123190546974,0.3889028942203038,0.8404255713442165,0.7719132190186846,0.5786989009605832,0.5521999627817775,-2.969961333621267,57.40706088357475,35.58127299555104,21.82578788802371,2,16.195366180721628,0.1068068880748466,0.0147500823902972,-0.055047277546734,-0.00048718489817,0.0144023881676352,0.0647673430688989,0.0096251101039684,-0.0096502051324664,-0.0010173486797315,-0.0141715019961831,46.9596641,0.1504267195411818,0.0032033176221305,0.7912468589339787,2.310551993559633,0.1764056122448979,0.1059727469999999,1.664631870667982,61.70324846989577,-0.077558,-0.062872,-0.01445,-0.020715,0.0031852,-0.0022187,0.024994,0.019797,-0.021008,0.022445,-0.019014,0.0039514,-0.0061967,0.0024007,0.0015259,-0.02057,0.0052663,0.027065,-0.038189,0.002301,1.0,1239.9098605230229,0.073651886012828,-0.2224836183819853,-1.319990323035246,0.1398305234838337,0.29781404675,514.4285714285714,0.3220462061806958,0.8268167306701402,1.6551724137931034,1.2990127214842222,0.5632494379030277,4.429786871451295,-1.160296023635094,21.49817353605495,0.8653901917701274,1,0.0080079874515755,0.0046094264239404,0.9998877698838906,982.6421389973736,0.0571250429609672,0.2126471393498467,-1.3284181179812389,-0.0300114066172221,0.1694371047222222,416.5,129.4833,24.0,32.39989814652956,108.79249999999999,20.690800000000003,5.2580132232429,2.707706086692697,0.6639016438314596,0.48310863254180264
400,379,0.6024887652701812,0.9998838045707388,7Networks_RH_Vis_18-rh,rh,Vis,32.3130364311509,-88.13911828982219,5.241248358444906,0.6472148616251996,0.8120205543292068,0.9735227757221618,0.822152135314688,0.6899601836005965,-1.5404300760105163,95.58311286474724,70.41876432832655,25.164348536420704,2,29.5864845020136,0.1187308836633675,0.0153069342626659,-0.0572432082077784,-0.002238353058143,0.0113970067891346,0.0510602727944887,0.0016881987456038,-0.0196728203809663,0.0055150220732842,-0.0049112867029097,50.018802400000006,0.1526000542329808,0.0030508538171772,0.7677247259547324,2.761505033361716,0.2336902727272727,0.0987893464135021,2.365541234705232,79.26439158331955,-0.15041,-0.14181,0.016248,0.012292,-0.03525,0.036598,0.038864,0.040472,-0.0029951,0.014732,-0.012686,0.0089845,-0.0015466,-0.006079,-0.007909,-0.0065127,-0.0044816,-5.4267e-05,-0.0070913,-0.013545,2.0,1201.9873432500583,0.067988016745481,-0.188736322855247,-1.2324650001473156,0.1027653437251129,0.2558632733333333,475.3571428571428,0.2837361572017144,0.7801859485289584,4.403940886699507,1.722640537196217,0.5732624814487468,4.03017008602093,-0.8716940629226931,34.44370087534598,0.7988324526784584,1,0.007860795418058,0.0068881502300643,0.9998840764601736,1413.393165400201,0.0713741208427277,-0.14833052305713,-1.1188317644827672,-0.0194804390957273,0.2977669394444444,535.0,118.7495,16.0,30.54918523216033,101.51209999999999,17.2374,5.889060995243545,4.303152284375993,0.26634553577064846,0.8522326409795409
400,380,0.5992151000536455,0.9999034137702776,7Networks_RH_Vis_19-rh,rh,Vis,10.339547792008158,-73.68011280291343,8.260370245892448,0.2491501037754164,0.8494918305606147,0.5284980947363247,0.5905654469612789,0.5542338959133837,-3.708052304659809,82.82374729640992,60.03273011637,22.79101718003992,2,27.06025598840949,0.0848504986435521,0.0120198555621572,-0.02867775120037,-0.0078462543467343,-0.0103459885076664,0.0529987368029981,0.0045935707747406,0.0035369563287272,0.0178979988625128,0.0042684276272589,52.8496855,0.1529307518257836,0.0028936927510286,0.8164604501256278,1.957000553535524,0.178496220338983,0.1173893195266272,1.5205490661903034,70.49426399120745,-0.107,-0.09197,0.0051972,0.0031363,-0.014345,0.0038558,0.018346,0.0017553,-0.013982,0.0058663,-0.013784,-0.0025968,0.001559,0.0049375,-0.0011991,-0.010257,0.0022392,0.011929,-0.02023,-0.0041272,1.0,981.8290278862202,0.0522121729729013,0.0953305050732495,-1.1655274390228392,-0.0218160729075596,0.2567117966666666,482.57142857142856,0.4659011951629322,0.8352969255564838,4.657635467980295,1.084019860934575,0.5664391028181701,4.195248726081427,-0.988156705250039,27.070569470970128,0.8156154875952956,1,0.0082433271158141,0.0055876538263225,0.999903474515268,1217.1047540052673,0.065553689111157,0.2075263658725157,-1.3810510253810464,-0.1352442704755038,0.3391504205555555,496.07142857142856,142.6336,19.0,27.216800082994293,133.83829999999998,8.795300000000001,15.217025001816681,4.320822869850486,0.11755516534008337,0.9383364088125098
400,381,0.6085544342789698,0.999888824899077,7Networks_RH_Vis_2-rh,rh,Vis,32.11541472952472,-35.21119974912049,-16.925132261768,0.5303907318928818,0.8679147663109099,0.5858693711001555,0.5129791244658912,0.54885583338228,-2.4282237155685973,40.5091982341098,16.509820229170888,23.999378004938908,2,0.4082805676753462,0.118832547757382,0.0133873527713083,-0.0627925221243207,0.0100087932134756,0.021951045148828,0.029066509927818,-0.0074599962267385,-0.0125387122676464,0.0074729018627343,-0.000699935819157,62.402031400000006,0.1692128044746299,0.0027116553848975,0.7836392991037013,2.655865902220642,0.2070148157894736,0.1386595619791666,1.492971798593162,71.85841297939616,-0.15,-0.13188,0.021512,0.011338,-0.035205,0.032458,0.024087,0.033771,-0.000812,0.013779,-0.0078373,0.0065564,0.0037701,-0.0054004,-0.0048839,-0.0094277,-0.0022656,0.00021883,0.0045738,-0.017906,2.0,981.8290278862202,0.0522121729729013,0.0953305050732495,-1.1655274390228392,-0.0218160729075596,0.2567117966666666,482.57142857142856,0.3386923359641073,0.7469540390109669,1.125615763546798,1.0463786740058183,0.5730391198325039,3.6254000920673,-0.8209983306675532,26.507696801732408,0.8840667945749842,1,0.0187243555874763,0.0097511670036934,0.9998889317119282,977.312973867066,0.0524071491418632,0.0712742281776736,-1.06519283034212,0.0411919800437293,0.1517967119444444,409.4285714285714,201.9731,35.0,41.1463520304937,127.74090000000001,74.2322,1.7208286969782374,2.4552000633594524,0.5689708734925928,0.6158384458128335
400,382,0.5998731623625129,0.999902589878152,7Networks_RH_Vis_20-rh,rh,Vis,22.964381222040803,-62.04981967264376,5.045612511913067,0.555822105682366,0.6048901518784996,0.7299738954981957,0.2386630738668478,0.3111867398828952,-0.8289572066542261,69.96148201674568,45.65191887407451,24.309563142671166,2,21.642313408940968,0.1309228827388391,0.0148743725506439,-0.0608505801230239,0.0057937799435299,0.0154115436942479,0.0130103786544496,-0.0082385258098886,-0.0139911606304095,0.0116605739987289,0.0124962089860165,61.8829695,0.1681563049854659,0.0027173276645231,0.7781567154419359,2.4915499610387952,0.2469584516129032,0.1193197639240506,2.0697195777484536,64.44785684636318,-0.15797,-0.14403,0.023656,0.015245,-0.03988,0.037862,0.029967,0.036513,0.0024921,0.012001,-0.0072764,0.0089818,0.002516,-0.0071068,-0.0066879,-0.0028091,-0.0054316,-0.0055375,0.0095947,-0.014101,2.0,1999.2119514115225,0.0925312625041203,-0.0406968209477713,-1.2678043123462976,-0.1031499242657224,0.2979199722222222,764.2857142857143,0.4694750036762998,0.8129260601206251,3.064039408866995,0.968594152499847,0.578262942390706,3.8446010856091215,-0.6111326388662852,28.344442748008564,0.8082833495680675,1,0.0079342232047133,0.0051048413493819,0.999902559371435,1413.393165400201,0.0713741208427277,-0.14833052305713,-1.1188317644827672,-0.0194804390957273,0.2977669394444444,535.0,220.66680000000002,37.0,32.71133614643478,194.14600000000002,26.5208,7.320518234716448,2.3136319603597686,0.38185944860806975,0.7771563280022186
400,383,0.6032177179443371,0.9998832329197528,7Networks_RH_Vis_21-rh,rh,Vis,22.953943878527312,-98.85429485424145,8.0702184019862,0.3420375377674923,0.8189359023184715,0.6477992305124146,0.558827994052256,0.5637247273160612,-3.079990556335563,106.11113168001684,81.52469666330643,24.586435016710425,2,34.49841949746415,0.0039200874661481,0.0024674214510613,0.004957163163651,0.0185237065649797,-0.0287739934205896,0.0229655806252021,0.0001708086619621,0.0230496776432266,0.0021722744102398,-0.003209216252957,54.579508,0.166731142825537,0.0030548304470833,0.8388239894248455,1.0258637082791442,0.1386222592592592,0.1379784453125,1.0046660465323731,94.45496581321406,0.003512,-0.018429,-0.041642,-0.018766,0.025719,-0.010391,-0.0067293,0.0041145,-0.023516,0.0094963,-0.03807,-0.0063866,0.00054047,0.0055959,0.023072,-0.0037106,0.015316,0.0083635,0.0038726,0.010062,1.0,2016.577948461755,0.0899040561945173,-0.2022384604027261,-1.1179728662425936,-0.0190937212338505,0.2957309478611111,727.4285714285714,0.2783818838187272,0.5942616813045094,4.032019704433497,1.7487058660734922,0.5696955841693048,4.062991188650836,-0.8541142621508113,26.69518359945237,0.8475956012586672,1,0.0090037533841089,0.0077446074794167,0.9998834550347092,1596.018721694705,0.0749241248014113,0.372912196826107,-0.9737126572074626,-0.1425123061811138,0.3253709294444444,742.0,89.98660000000001,12.0,35.3639536182764,77.40360000000001,12.583,6.151442422266936,4.20723818901524,0.2502080005617291,0.8601680694681209
400,384,0.6022644893670153,0.9998837118002896,7Networks_RH_Vis_22-rh,rh,Vis,40.80733049657356,-80.73856837441477,12.199606854949842,,,,,,,91.90406359212984,66.62448779957754,25.279575792552308,2,31.541334625294333,0.1136201192124603,0.00971374572414,-0.0660742640767474,0.0255196243228077,0.037189284119834,-0.0145750860640509,-0.021595298429404,-0.0091024727835312,-0.0001087635277131,-0.0023940989412671,50.9422912,0.1600045998910547,0.0031408991649504,0.7738710108323305,2.8885085248010096,0.2167391,0.1056265504347826,2.051937688986902,77.57319322231223,-0.14569,-0.12891,0.026189,0.016949,-0.033995,0.02645,0.011436,0.011637,-9.3584e-05,0.0023777,-0.0038432,0.0068451,0.0085747,-0.0058,-0.0035242,0.0012404,-0.0014898,-0.006292,0.012746,-0.010292,2.0,1500.7964196830071,0.0810400243899848,-0.3678240800323716,-1.0734092858838502,-0.0069695698969848,0.2885404473055555,527.9285714285714,0.2908462871140378,0.74258363900776,3.48768472906404,1.6876056786475286,0.5773966370314284,3.510440797939924,-0.6759502648066186,25.11355790852867,0.8248896935923957,1,0.0080164134999584,0.0082660853501501,0.9998837619432565,977.312973867066,0.0524071491418632,0.0712742281776736,-1.06519283034212,0.0411919800437293,0.1517967119444444,409.4285714285714,179.9426,28.0,44.58394632386444,111.86449999999999,68.07809999999999,1.6431789371300856,2.6660079551391624,0.6714122606639539,0.5125267724263182
400,385,0.5999596417769022,0.9998952941805792,7Networks_RH_Vis_23-rh,rh,Vis,12.053622078929484,-93.16523015549988,17.63867736100133,0.3933651885926796,0.5598454672742271,0.6059380638918932,0.7745044599744472,0.7118808038350596,-1.3754215949439248,103.9717639985086,80.53501765206491,23.43674634644369,2,38.532775463250765,0.1150801571783009,0.0110438295458733,-0.0485178256553132,0.0097965359591555,0.0122376070743021,-0.022054811357092,-0.0218955893727173,-0.0144975994939753,0.013019730430771,0.0157511790875294,54.2449389,0.1461217199886806,0.0026937392308208,0.7772266397987582,2.4923109877036085,0.2344610555555555,0.1167914383259911,2.0075192044503303,77.17167743433875,-0.15467,-0.14384,0.026364,0.01932,-0.038015,0.035501,0.018315,0.023972,0.0035237,0.0053136,-0.0039407,0.0072866,0.0072267,-0.007033,-0.0043404,0.0027147,-0.003145,-0.0098954,0.014367,-0.0082634,2.0,1500.7964196830071,0.0810400243899848,-0.3678240800323716,-1.0734092858838502,-0.0069695698969848,0.2885404473055555,527.9285714285714,0.3797247767157965,0.7733446608700842,6.167487684729064,1.487924251046554,0.565849004582908,4.262248106407688,-0.9197726396414382,33.47600250938317,0.7993301860486194,1,0.0086942043379718,0.0071485764957174,0.9998953568439024,755.7582917544177,0.0463391952072901,0.0470677421207412,-0.956422902969325,0.0106055814504,0.3179217322222222,425.1428571428572,136.1997,20.0,32.219630482774804,115.22879999999999,20.970899999999997,5.494699798265718,2.851693681952546,0.19522933046134316,0.8939483713987622
400,386,0.5962705234551577,0.9999142348062826,7Networks_RH_Vis_24-rh,rh,Vis,16.748238741801334,-67.17483728848971,18.483881677480845,0.534421657450013,0.7609829868024616,0.7533086314622578,0.7500931943171674,0.620054037734294,-1.809069304054245,80.15305410034308,57.28293329372748,22.870120806615603,2,31.24278019303542,0.1092436993549364,0.0118805068660897,-0.0227856468056723,-0.0080438669977759,-0.0142049949606317,-0.0244904822344723,-0.0103375616205945,-0.0074240400172977,0.021984745470506,0.0327211133882913,61.82289,0.1667369390260835,0.0026970097810991,0.7985285787896295,1.9014562239650048,0.1735567352941176,0.1222960714285713,1.4191521700152936,65.7485677452791,-0.12264,-0.10976,0.026958,0.020488,-0.022978,0.013039,-0.0091795,-0.015776,-0.0038092,-0.0059591,0.00063969,0.0028136,0.010721,-0.004591,-0.0010966,0.0018719,0.0025928,-0.0056469,0.0096274,-0.011384,2.0,1217.1047540052673,0.065553689111157,0.2075263658725157,-1.3810510253810464,-0.1352442704755038,0.3391504205555555,496.07142857142856,0.5624044696201055,0.8421819530354115,5.615763546798029,0.9091407604041593,0.5737420727598495,3.581429858220099,-0.7756291833244727,33.29127812086404,0.8009550857992493,1,0.0074444008685253,0.005694040646114,0.9999141923964456,882.2790538649828,0.0539259610616132,-0.2590316512514294,-1.1105617024927312,0.0161206206721196,0.27050800175,355.5,153.999454,29.0,27.336110400850448,138.822854,15.1766,9.1471643186936,2.6446607371401383,0.46664833390856386,0.6990265043407232
400,387,0.5965289821546543,0.9999146412496718,7Networks_RH_Vis_25-rh,rh,Vis,3.802205753045451,-80.82202438714127,21.99782957532992,0.61530366046774,0.6620918730942055,0.5232203265480101,0.4462722737380644,0.312342750039582,-0.8570429026727417,95.52885379467511,73.76113009438733,21.767723700287803,2,37.445305061340335,0.1037615485893138,0.0186898474569947,-0.0267621133972486,-0.0190061040665258,-0.0137566911126058,0.0695166730481822,0.0200839553210919,0.0087944966184374,0.0100803054802651,0.0091864262646987,80.497294,0.2046653929424687,0.0025425127078459,0.8159008694229044,1.7300546216451267,0.2491787187499999,0.1694016448087431,1.4709344698762097,72.05649686861953,-0.15143,-0.13766,0.027007,0.02173,-0.036825,0.03152,0.012981,0.016468,0.0070466,0.0037485,-0.00028649,0.004789,0.0077121,-0.0062516,-0.0026605,0.007631,-0.0028358,-0.011413,0.020288,0.00071659,2.0,1912.6621749685844,0.0885316870264169,0.437793952679494,-1.1505960292859203,-0.1474310363691033,0.3793823938888889,813.7142857142857,0.5428639058166608,0.8380090201950777,7.4088669950738915,1.113841264293107,0.5662048432792228,3.9487776157413776,-0.942667429821684,32.37723815849057,0.807309725257724,1,0.0095742213965428,0.0069893566847259,0.9999146371106992,1262.4770818601903,0.065000639215972,-0.0544771725929783,-1.2822686584876148,-0.0622959383665896,0.1559500130555555,500.9285714285714,135.4665,20.0,28.900401436333766,126.28960000000001,9.1769,13.761684228729074,3.939985529332971,0.12999969244404075,0.9314657129253359
400,388,0.5975845313963537,0.999907147063012,7Networks_RH_Vis_26-rh,rh,Vis,25.90658140854097,-85.26218314909599,18.995517891897283,,,,,,,96.70401782208434,72.27902240741872,24.424995414665617,2,36.975965679867166,0.1270351504701753,0.0127552105530327,-0.0594715670659892,0.0099511952001701,0.019728319353385,-0.0125094253997066,-0.0193108384081903,-0.0227271222902477,0.0062527668753091,0.008317614675763,51.89258059,0.1476635992222767,0.0028455628443047,0.7430302859701662,2.9932198892536266,0.2212886904761904,0.0940446980382775,2.3530161174085675,72.1929512336845,-0.12537,-0.10434,0.033679,0.022276,-0.024777,0.0080319,-0.016531,-0.030424,-0.00020542,-0.013296,0.0047267,0.0017972,0.013651,-0.002769,0.0011042,0.0071511,7.5458e-05,-0.0062092,0.02038,-0.0037609,2.0,1217.1047540052673,0.065553689111157,0.2075263658725157,-1.3810510253810464,-0.1352442704755038,0.3391504205555555,496.07142857142856,0.5087720836864735,0.81386535017081,5.647783251231527,1.130598324779047,0.5664371412966094,3.922261537666104,-0.9248895923490358,32.508471098832494,0.8222110137530411,1,0.0086815897901428,0.0084504796310722,0.9999072646097008,1042.6894839788115,0.0577066260060884,-0.3234546077850421,-1.0788134802597105,0.0134328430622901,0.3047959819444444,405.2857142857143,179.39889999999997,26.0,41.49965165897212,125.4684,53.9305,2.326483158876097,3.170739319073302,0.4141484226393912,0.7553312757213116
400,389,0.597327807551871,0.9999061037014008,7Networks_RH_Vis_27-rh,rh,Vis,32.80195320238213,-77.03491728430505,22.98504142338047,0.7160918134810274,0.4803834013188606,0.513970153128622,0.5123958399792491,0.5842327261459914,0.6570526215422225,91.45006086786836,67.08199212591285,24.36806874195551,2,36.9015000393198,0.1150720229981518,0.0186928399924674,-0.0250209978592746,-0.0275494769396246,-0.0201177911529542,0.0439788278354783,0.0156919718843611,-0.0130742250313741,0.0099461219883973,0.0139828710617351,66.99627100000001,0.1760121128233865,0.0026271926809646,0.7864283603791653,2.0209343878523227,0.2104829090909091,0.1334038781094527,1.5777870322513212,73.19819100625872,-0.11701,-0.098731,0.028623,0.023146,-0.020901,0.0077281,-0.019871,-0.026676,0.0075,-0.0089585,0.0087785,-0.00044166,0.014399,0.00051643,0.0020358,0.0097808,0.0013962,-0.0051441,0.018473,0.011304,3.0,2261.965953177309,0.1094291386402576,0.0414608447285936,-1.187900799450285,-0.1029671091207656,0.2989629441666666,841.4285714285714,0.5170799775168772,0.8070109079562742,4.987684729064039,1.076951686219696,0.5624614578928202,4.231365252129348,-1.05058832939954,28.887054264645244,0.7957569234696608,1,0.0104600627540172,0.0060280178387258,0.9999062425547274,1262.4770818601903,0.065000639215972,-0.0544771725929783,-1.2822686584876148,-0.0622959383665896,0.1559500130555555,500.9285714285714,106.56949999999999,16.0,33.01330317175055,84.97229999999999,21.5972,3.9344127942328893,3.1776921062708556,0.7287119351140835,0.37008055775808274
400,390,0.59460524593747,0.9999210157450484,7Networks_RH_Vis_28-rh,rh,Vis,14.670695726346162,-77.49335751291049,32.26194643246925,,,,,,,96.02681541654523,73.77178601957367,22.25502939697158,2,42.6051751133547,0.0838426574935403,0.0042699920803063,-0.0271341286238515,0.0235965433277586,0.0091498278545778,-0.0499551306463081,-0.021386348462586,0.0148897121813071,0.0146754477354631,0.0194436675234454,63.161172,0.1750062106400051,0.0027707878922786,0.8270069381507168,1.680849945162914,0.1691523333333333,0.1335927556818181,1.2661789357021016,73.12198910576808,-0.084577,-0.080174,0.035316,0.027528,-0.0060568,-0.0043078,-0.049114,-0.051869,-0.0023506,-0.015181,0.012206,0.0027542,0.016236,6.2922e-05,0.0048083,0.0012945,0.0033009,-0.0011772,0.014528,-0.011635,3.0,782.2836655161178,0.0432774765167137,0.2000581353597831,-1.2348670635689494,-0.0077354485840736,0.3094465222222222,373.2857142857143,0.6227387925937952,0.861557052103258,6.58128078817734,0.9165703271176974,0.5527710860468965,4.244651477467395,-1.1638813828722283,43.81585516044093,0.7422846073718996,1,0.0091307800792808,0.0082929124708452,0.9999210916042852,1201.9873432500583,0.067988016745481,-0.188736322855247,-1.2324650001473156,0.1027653437251129,0.2558632733333333,475.3571428571428,171.79749999999999,27.0,33.057107922397904,150.3754,21.4221,7.019638597490352,2.947522742030492,0.5684199964413069,0.6169303977066023
400,391,0.5975234540263805,0.9999059187356552,7Networks_RH_Vis_29-rh,rh,Vis,16.143456727149132,-86.62943916770764,35.24504573317061,0.4944003527076387,0.477457037453432,0.3967711835583787,0.2283727630733389,0.3648176314920277,-0.4167801827202314,105.27596704893014,82.53577484045098,22.74019220847916,2,47.13585919021466,0.071026886308677,0.0269008599535807,-0.0321742459029625,-0.0096324479770524,-0.0115678067710018,0.076475547058114,0.025417730559877,0.0266165444377715,-0.01087502962447,-0.0005035344518523,88.43395100000001,0.2233810280688236,0.0025259645819575,0.825861371583679,1.3192439120501451,0.258769347826087,0.2051992222222222,1.261063979178947,81.28212846817364,0.034555,0.027051,-0.054941,-0.051309,-0.027887,0.012153,-0.02054,-0.0092008,-0.0033059,-0.00091024,-0.04779,0.011974,0.01091,-0.003008,-0.0018851,-0.029339,0.022691,-0.020939,0.020444,0.010894,2.0,1338.2468033463283,0.0703252232517225,-0.0680811789578925,-1.1232031992345677,-0.0249249103189242,0.2718633883888889,512.8571428571429,0.4630726720022761,0.7066415441889156,6.785714285714286,1.2939279663705416,0.5657121850580581,3.872566950498513,-0.9451808021048476,55.98347149949314,0.7132066059483683,1,0.008469594785473,0.0085854720630923,0.9999059163049988,1020.1307018656428,0.0576525261305215,-0.4760527737415516,-1.062465277950417,0.0195547750335101,0.3149506169444445,365.1428571428572,293.09000000000003,42.0,50.60283621344833,172.62610000000004,120.46390000000001,1.4330110514424381,2.2079319790278107,0.5328168720661925,0.6636760039578286
400,392,0.6030671137804376,0.9998890396831924,7Networks_RH_Vis_3-rh,rh,Vis,34.348148072284204,-56.77809410095215,-19.407818172288977,0.3080484670219754,0.1218782158589499,0.863143812399479,0.4593148469910157,0.7020335004523901,0.6597261229912428,62.03575932770935,38.050006040996,23.985753286713354,2,5.388737326912258,0.0554214397188122,0.0162327202837454,0.0014265006985187,-0.012047595109609,-0.0268908080121574,0.0517766030711913,0.0106281440615564,0.0251541623691249,0.0132830259061267,0.0059451539790616,43.485097,0.1373166415292909,0.003157786253276,0.8341075669002067,1.4202363498997923,0.1303933225806451,0.1055670307017543,1.2351708823326897,81.08274442910451,0.015553,0.0094046,-0.047308,-0.036517,0.0099392,-0.0079977,-0.023125,-0.0091389,-0.021336,-0.0067413,-0.064175,0.017785,0.0087283,-0.0058456,0.027929,-0.013725,0.016117,-0.011999,0.024346,0.008814,1.0,2080.744873036256,0.0960941049376653,0.3130588640726056,-1.1152557252211464,-0.1416897909628999,0.3716716172222222,851.3571428571429,0.3332492012942049,0.7396077458465355,1.977832512315271,1.305182958391435,0.5631771788307901,4.096746671738989,-0.9667371162046252,22.415557487897743,0.849322527994827,1,0.0106405335777828,0.0044734993849062,0.9998892006622032,696.4003446294381,0.0375592104495581,-0.1450031336131649,-0.8887570266559748,0.0283634981078325,0.2248157011111111,391.1428571428572,105.94069999999999,17.0,27.594403574246538,98.87769999999999,7.063,13.99939119334561,3.7360831145934728,0.4157503084492612,0.7436603684891642
400,393,0.595158566204356,0.9999177904138494,7Networks_RH_Vis_30-rh,rh,Vis,26.223940292994182,-74.16139449013605,34.68717503106153,,,,,,,94.35562343069525,71.52833951364987,22.827283917045364,2,43.06072336567773,0.0621004146333894,0.028548624993359,-0.0054376438557346,-0.0139068801636978,-0.0238418864419584,0.0710544934533842,0.0224841749734438,0.0347476783137293,0.0027245388191815,0.0072735029526539,87.52033,0.2212896936185403,0.0025284376055059,0.8336885022068177,1.2349460369025542,0.2350735714285714,0.2071654867724867,1.1347139669710642,75.82818108545672,0.049786,0.051016,-0.021446,0.01709,-0.044959,0.037271,-0.0040648,-0.010761,0.0037916,0.023109,-0.0038496,-0.012798,0.01846,0.0051237,-0.021463,0.00037269,0.023867,0.010244,-0.0055091,-0.0053841,2.0,1866.559646932172,0.0843381028380874,0.0208543827013443,-1.0952964791151856,-0.0767057726265898,0.3083777458333333,709.0,0.612488817595118,0.838324116001334,5.899014778325123,0.9056183777870273,0.5557499304013427,4.142515164071029,-1.0948801874634626,29.35099132210273,0.7771774645077626,1,0.0087574689312013,0.0065139780766999,0.9999178889882788,893.4518229876751,0.0587055707913474,0.6453671784359526,-0.3363870870477585,0.0157193171629241,0.2800884975,499.7857142857143,130.41160000000002,22.0,27.066573950671753,114.36970000000001,16.0419,7.129436039327454,2.150109511865709,0.6524874857658567,0.3931260716071269
400,394,0.6072527711906938,0.999873321587638,7Networks_RH_Vis_4-rh,rh,Vis,35.16700399588354,-74.64857728140694,-15.22465385117146,,,,,,,79.79142340416588,55.210790047044185,24.58063335712169,2,13.259780873719206,0.119531471220296,0.0169172359521973,-0.0611504870421288,-0.0005055756825024,0.0147731541224897,0.0692829791324029,0.0096288791260224,-0.0092443325001758,0.0007597564185624,-0.0113593355585296,59.55008755,0.1746315954033629,0.0029325161823892,0.7742969994053339,2.763509796283286,0.2941972413793103,0.1203340794715447,2.444837259958391,80.30408206630598,0.030021,0.011978,-0.028434,0.0034318,-0.0091392,0.0083419,-0.0042176,-0.02188,-0.011332,0.017806,-0.0040721,-0.012146,0.017484,0.0069732,-0.016974,-0.015962,0.016723,0.019583,0.0014665,0.0022861,1.0,1082.4498551382826,0.0584528767062343,0.0033580193935292,-1.2479037263409474,-0.0190228082488739,0.1861182233333333,502.7857142857143,0.1631642142732894,0.795892028174288,1.896551724137931,1.9935725060379688,0.5671375614362631,3.875541041177863,-0.8859801394781195,18.81656303299824,0.8413399868089109,1,0.0107910851466904,0.0046407361476204,0.9998732960457946,503.8949184987768,0.0338517725612757,-0.3156101878417391,-0.7681765411947139,0.0108941027194101,0.1524286283055555,296.35714285714283,153.18995,24.0,34.0314891586611,126.0688,27.12115,4.648357462701072,3.5593002892687244,0.3466126820460862,0.7967774648402196
400,395,0.6018447727605607,0.9998931913041148,7Networks_RH_Vis_5-rh,rh,Vis,27.712463258849787,-53.399379567567465,-9.545823355737676,,,,,,,58.29917764392376,33.49065863606145,24.80851900786232,2,10.292319856827632,0.1202705869293498,0.017579777247969,-0.058555174032963,-0.0018722486995387,0.0111084286555969,0.069735622293714,0.0131726821034832,-0.0019630021505843,0.0037034808885932,-0.0048393740106688,71.7885474,0.1927153572390472,0.0026844860944878,0.7940011066849486,2.259859387691008,0.2711834975,0.1589926378531073,1.7056355626980777,70.07217305169249,0.056448,0.036383,0.022015,0.036697,-0.032022,-0.0029213,0.0068175,-0.018407,-0.018725,0.040535,0.0045373,-0.0037871,0.020314,0.0048641,-0.01581,-0.0067616,0.024115,0.00029358,-0.0067119,-0.0073789,2.0,932.4163018737928,0.0539180892994814,0.1743992789290598,-0.4176183553012849,0.0313721616000025,0.2790806583333333,624.3571428571429,0.3823131787173594,0.7512151521487902,2.3817733990147785,1.1989206966687491,0.5549807409787892,4.169442722583144,-1.1581264134965843,23.60455553248503,0.8624662827437889,1,0.0094138318968807,0.0065603875510025,0.9998933130895102,682.1651282660396,0.0392890402202057,0.2403158725232643,-0.8468791960823903,0.0115523075782874,0.3083898641666666,371.7857142857143,200.8398,31.0,35.13894657712892,160.9679,39.8719,4.037126397277187,3.1916569651616227,0.3170234705921262,0.8166424184847823
400,396,0.6058222750738831,0.99988228672526,7Networks_RH_Vis_6-rh,rh,Vis,23.59006001016368,-73.18717395533686,-10.34537283130314,0.6442305147604535,0.4595534744172563,0.6747755923573233,0.3327409996887914,0.6746789396125402,0.420400607253887,77.58209478442244,53.39532596713509,24.186768817287344,2,15.748928487819173,0.1047340199894716,0.0183217090035164,-0.0159989374065894,-0.0319601810921305,-0.0267756956420632,0.0533679855455223,0.020581871192805,-0.0085860829029389,0.008265716157155,0.00815541450373,63.761033,0.1697226986187158,0.0026618561625005,0.7962194311425744,1.9406004447749088,0.2454619444444444,0.146233407762557,1.678562703504462,77.11823277361111,0.01893,0.014583,0.014967,0.021746,0.0085904,-0.0095677,-0.026009,-0.032492,-0.028579,0.019918,0.0019635,-0.00034179,0.0095084,0.010981,-0.012055,-0.021262,0.017518,0.011602,-0.0047693,-0.0085281,1.0,798.4480112484886,0.047074971773724,0.1745546378206053,-1.1009781217074286,0.0036129801059438,0.3172297116666666,431.4285714285714,0.22712837862058,0.8062800260739417,2.1379310344827585,1.7022238217473589,0.5534088492187234,4.267002384081993,-1.1985167474387886,29.440818552596912,0.7765937872818407,1,0.0100332439644696,0.0061607756954972,0.9998822588396382,920.2420309655256,0.0527337168809825,-0.414312344690833,-1.113127940484505,0.0194759448378367,0.2876122419444444,381.1428571428572,168.87960000000004,24.0,39.8821711659844,125.46109999999999,43.4185,2.8895770236123086,3.4724172114258054,0.42749327038149876,0.7429026359607672
400,397,0.6062566946428978,0.9998862409674928,7Networks_RH_Vis_7-rh,rh,Vis,18.001350845446428,-37.05780879390296,-10.671143614504324,0.530472260840096,0.5967601421794609,0.754055894736251,0.755075666694385,0.6850168710790483,-0.9080556291737316,41.89803090763488,19.816853561009136,22.081177346625747,2,4.714656469468293,0.0780596767072789,0.0099334296402582,-0.0060013475577917,-0.0109343203794188,-0.0279055823244833,0.0196538272937226,-0.0047089627095816,0.0076629368308079,0.0284831899109009,0.0185189882176785,50.681804,0.1483960362939179,0.0029279943605327,0.8189259097778159,1.8050510217027875,0.1722197037037037,0.1162236341463414,1.4817958913475031,66.80649660647255,0.013109,0.016385,-0.047348,-0.048042,0.020449,-0.010474,-0.0085063,-0.0068302,-0.023099,0.0087334,-0.031633,0.013512,0.0050156,0.0055122,0.010444,-0.029792,0.016753,-0.0059376,0.0042039,0.012855,1.0,518.6423130529256,0.0304465231247657,0.1391961995365028,-0.6116396348434501,0.0177368044746362,0.193112455,307.42857142857144,0.3057875333770095,0.8165442902169335,1.145320197044335,1.2884697543787458,0.5546816106346758,4.168225436189803,-1.159915102034155,24.150841792837618,0.899947088696766,1,0.0128418446309742,0.0068496554559684,0.9998862817852614,819.7400780464229,0.0456147748612438,0.3017428583540823,-1.1875784890787109,-0.0038645011256175,0.2763131141666666,392.4285714285714,138.3705,24.0,36.87206678004018,108.06320000000001,30.307299999999998,3.565583209314042,3.584891856063494,0.5589340994849454,0.6173815950654221
400,398,0.6072129081543943,0.999875783756868,7Networks_RH_Vis_8-rh,rh,Vis,20.84336173317649,-88.07011144464666,-11.322577492107044,0.614687081935704,0.4915741176752605,0.9701804771656732,0.5775430126603942,0.7570623998904793,0.0956426174530123,92.31918113186909,68.44864092604745,23.87054020582164,2,19.62748693812977,0.1240023502685203,0.0163877794395592,-0.0505626052673226,-0.0035267253013534,0.0016274838272386,0.0385256872051839,0.0041834881086182,-0.0030715298872529,0.0152619494268347,0.0135116809019438,62.68393542300001,0.1685193838686119,0.0026883982751106,0.7812017126808515,2.5016717518944462,0.3374684615384615,0.1337395968379446,2.5233249483699827,82.0558926564817,0.05786,0.047651,0.061222,0.034405,-0.0062043,0.015529,0.0076396,0.00079214,-0.029732,0.015999,0.0033079,-0.03068,0.01244,-0.0035774,-0.019504,-0.005947,0.019279,0.0069395,-0.0039827,0.00088995,2.0,798.4480112484886,0.047074971773724,0.1745546378206053,-1.1009781217074286,0.0036129801059438,0.3172297116666666,431.4285714285714,0.1594845159154512,0.7471335595789832,3.5073891625615765,2.145974985863788,0.5545682397465093,4.258326221543053,-1.1625521171424118,24.40038800551679,0.8000218425603517,1,0.0119290755011409,0.0048970438522956,0.99987583779488,1847.2161396725253,0.0885785048274923,0.2006168316808071,-1.1964564122628298,-0.1465408500617496,0.3182439905555555,730.6428571428571,112.875,18.0,43.387432948879294,75.08810000000001,37.7869,1.9871463390699233,3.739596579763064,0.4088149407316328,0.7534343300110742
400,399,0.6068661527714578,0.999873583491216,7Networks_RH_Vis_9-rh,rh,Vis,47.3416371365811,-67.99293328549,-7.595575102717007,0.4511805395210358,0.5263316967090169,0.5354154160184433,0.6750191955975745,0.5436890353496961,-0.9032592599898306,77.0287808111641,51.93091113339408,25.097869677770014,2,15.840534924016794,0.0500755047800255,0.0227306295187657,0.0053844486691147,-0.0025782686006397,-0.0182808342960846,0.061879534402124,0.0176692891812257,0.0460506174131258,0.0079519418714124,0.0128422374241504,91.806926,0.2327134899420461,0.002534814093893,0.8369459781388937,1.0665830028126906,0.2475548484848485,0.2270387593360996,1.0903638176129269,86.6594452941026,0.057194,0.044291,0.078935,0.058024,0.010303,-0.0075352,0.0080822,-0.0036975,-0.034293,0.029683,-0.0076477,0.015753,0.0061288,0.011361,-0.01815,-0.0011994,0.016123,-0.0090297,0.0033731,-0.0016741,2.0,2028.7195786724408,0.093223315575781,-0.3346266426485033,-0.9691514778238056,-0.0127277355957929,0.3095208844444444,732.7142857142857,0.1773590462376802,0.7804247231560175,1.5,1.981594086470716,,,,19.023792146010383,0.8660725918460033,1,0.0105709276000496,0.0068031075225753,0.9998736104064256,728.3079812521318,0.0429035616842422,-0.7002786276462588,-0.9026578005129696,0.0208989803499833,0.3157206802777778,315.1428571428572,199.42170000000002,30.0,42.131228270468156,142.30860000000004,57.11310000000001,2.491698051756092,2.546347412239124,0.7164162831898069,0.46490126199907017
