gene,r_vs_rho,p_vs_rho,r_vs_DV,p_vs_DV
PVALB,-0.08517461925192445,0.11272147949000853,0.0775416672391726,0.1488822728716289
SST,0.12381154601447765,0.02087375445887667,-0.16734284633284358,0.0017324945008412606
VIP,-0.009503425528881677,0.8597831269151922,0.04095802309764908,0.4462792859548732
GAD1,-0.025386741412609094,0.6369584194364198,0.04866394782723256,0.36542073153617666
GAD2,-0.049824000801954524,0.35408945548561316,0.07523029903579803,0.1614118825746375
PV_minus_SST,-0.12107039213642834,0.023900330278231397,0.14186711378003808,0.008039822529106871
